ISO-10303-21;
HEADER;
FILE_DESCRIPTION(('FreeCAD Model'),'2;1');
FILE_NAME('Open CASCADE Shape Model','2026-08-03T20:29:23',(''),(''),
  'Open CASCADE STEP processor 7.8','FreeCAD','Unknown');
FILE_SCHEMA(('CONFIG_CONTROL_DESIGN','SHAPE_APPEARANCE_LAYER_MIM'));
ENDSEC;
DATA;
#1 = APPLICATION_PROTOCOL_DEFINITION('international standard',
  'config_control_design',1994,#2);
#2 = APPLICATION_CONTEXT(
'configuration controlled 3D designs of mechanical parts and assemblies'
  );
#3 = SHAPE_DEFINITION_REPRESENTATION(#4,#10);
#4 = PRODUCT_DEFINITION_SHAPE('','',#5);
#5 = PRODUCT_DEFINITION('design','',#6,#9);
#6 = PRODUCT_DEFINITION_FORMATION_WITH_SPECIFIED_SOURCE('','',#7,
  .NOT_KNOWN.);
#7 = PRODUCT('theLink_v2_printSpread','theLink_v2_printSpread','',(#8));
#8 = MECHANICAL_CONTEXT('',#2,'mechanical');
#9 = DESIGN_CONTEXT('',#2,'design');
#10 = SHAPE_REPRESENTATION('',(#11,#15,#19,#23),#27);
#11 = AXIS2_PLACEMENT_3D('',#12,#13,#14);
#12 = CARTESIAN_POINT('',(0.,0.,0.));
#13 = DIRECTION('',(0.,0.,1.));
#14 = DIRECTION('',(1.,0.,-0.));
#15 = AXIS2_PLACEMENT_3D('',#16,#17,#18);
#16 = CARTESIAN_POINT('',(0.,76.,3.));
#17 = DIRECTION('',(0.,-1.224646799147E-16,-1.));
#18 = DIRECTION('',(1.,0.,0.));
#19 = AXIS2_PLACEMENT_3D('',#20,#21,#22);
#20 = CARTESIAN_POINT('',(-76.,0.,18.));
#21 = DIRECTION('',(1.224646799147E-16,0.,-1.));
#22 = DIRECTION('',(-1.,0.,-1.224646799147E-16));
#23 = AXIS2_PLACEMENT_3D('',#24,#25,#26);
#24 = CARTESIAN_POINT('',(-1.592040838892E-15,0.,13.));
#25 = DIRECTION('',(1.224646799147E-16,0.,-1.));
#26 = DIRECTION('',(-1.,0.,-1.224646799147E-16));
#27 = ( GEOMETRIC_REPRESENTATION_CONTEXT(3) 
GLOBAL_UNCERTAINTY_ASSIGNED_CONTEXT((#31)) GLOBAL_UNIT_ASSIGNED_CONTEXT(
(#28,#29,#30)) REPRESENTATION_CONTEXT('Context #1',
  '3D Context with UNIT and UNCERTAINTY') );
#28 = ( LENGTH_UNIT() NAMED_UNIT(*) SI_UNIT(.MILLI.,.METRE.) );
#29 = ( NAMED_UNIT(*) PLANE_ANGLE_UNIT() SI_UNIT($,.RADIAN.) );
#30 = ( NAMED_UNIT(*) SI_UNIT($,.STERADIAN.) SOLID_ANGLE_UNIT() );
#31 = UNCERTAINTY_MEASURE_WITH_UNIT(LENGTH_MEASURE(1.E-05),#28,
  'distance_accuracy_value','confusion accuracy');
#32 = PRODUCT_RELATED_PRODUCT_CATEGORY('detail',$,(#7));
#33 = PRODUCT_CATEGORY_RELATIONSHIP('','',#34,#32);
#34 = PRODUCT_CATEGORY('part',$);
#35 = CC_DESIGN_PERSON_AND_ORGANIZATION_ASSIGNMENT(#36,#39,(#6,#5));
#36 = PERSON_AND_ORGANIZATION(#37,#38);
#37 = PERSON('IP172.25.144,cardo','','cardo',$,$,$);
#38 = ORGANIZATION('IP172.25.144','Unspecified','');
#39 = PERSON_AND_ORGANIZATION_ROLE('creator');
#40 = CC_DESIGN_PERSON_AND_ORGANIZATION_ASSIGNMENT(#36,#41,(#7));
#41 = PERSON_AND_ORGANIZATION_ROLE('design_owner');
#42 = CC_DESIGN_PERSON_AND_ORGANIZATION_ASSIGNMENT(#36,#43,(#6));
#43 = PERSON_AND_ORGANIZATION_ROLE('design_supplier');
#44 = CC_DESIGN_PERSON_AND_ORGANIZATION_ASSIGNMENT(#36,#45,(#46));
#45 = PERSON_AND_ORGANIZATION_ROLE('classification_officer');
#46 = SECURITY_CLASSIFICATION('','',#47);
#47 = SECURITY_CLASSIFICATION_LEVEL('unclassified');
#48 = CC_DESIGN_SECURITY_CLASSIFICATION(#46,(#6));
#49 = CC_DESIGN_DATE_AND_TIME_ASSIGNMENT(#50,#54,(#5));
#50 = DATE_AND_TIME(#51,#52);
#51 = CALENDAR_DATE(2026,3,8);
#52 = LOCAL_TIME(20,29,$,#53);
#53 = COORDINATED_UNIVERSAL_TIME_OFFSET(5,30,.AHEAD.);
#54 = DATE_TIME_ROLE('creation_date');
#55 = CC_DESIGN_DATE_AND_TIME_ASSIGNMENT(#50,#56,(#46));
#56 = DATE_TIME_ROLE('classification_date');
#57 = CC_DESIGN_APPROVAL(#58,(#6,#5,#46));
#58 = APPROVAL(#59,'');
#59 = APPROVAL_STATUS('not_yet_approved');
#60 = APPROVAL_PERSON_ORGANIZATION(#36,#58,#61);
#61 = APPROVAL_ROLE('approver');
#62 = APPROVAL_DATE_TIME(#50,#58);
#63 = SHAPE_DEFINITION_REPRESENTATION(#64,#70);
#64 = PRODUCT_DEFINITION_SHAPE('','',#65);
#65 = PRODUCT_DEFINITION('design','',#66,#69);
#66 = PRODUCT_DEFINITION_FORMATION_WITH_SPECIFIED_SOURCE('','',#67,
  .NOT_KNOWN.);
#67 = PRODUCT('Top','Top','',(#68));
#68 = MECHANICAL_CONTEXT('',#2,'mechanical');
#69 = DESIGN_CONTEXT('',#2,'design');
#70 = ADVANCED_BREP_SHAPE_REPRESENTATION('',(#11,#71),#3010);
#71 = MANIFOLD_SOLID_BREP('',#72);
#72 = CLOSED_SHELL('',(#73,#106,#132,#152,#281,#913,#945,#969,#994,#1018
    ,#1043,#1067,#1092,#1116,#1140,#1165,#1189,#1214,#1238,#1255,#1297,
    #1323,#1348,#1374,#1399,#1425,#1450,#1476,#1501,#1527,#1552,#1578,
    #1603,#1629,#1654,#1680,#1705,#1731,#1756,#1782,#1807,#1833,#1858,
    #1884,#1909,#1935,#1960,#1986,#2011,#2037,#2062,#2088,#2113,#2139,
    #2164,#2190,#2215,#2241,#2266,#2292,#2317,#2343,#2368,#2394,#2419,
    #2445,#2470,#2496,#2521,#2547,#2572,#2598,#2623,#2649,#2674,#2700,
    #2725,#2751,#2776,#2802,#2827,#2853,#2878,#2897,#2930));
#73 = ADVANCED_FACE('',(#74),#101,.T.);
#74 = FACE_BOUND('',#75,.F.);
#75 = EDGE_LOOP('',(#76,#86,#93,#94));
#76 = ORIENTED_EDGE('',*,*,#77,.T.);
#77 = EDGE_CURVE('',#78,#80,#82,.T.);
#78 = VERTEX_POINT('',#79);
#79 = CARTESIAN_POINT('',(37.5,0.,0.));
#80 = VERTEX_POINT('',#81);
#81 = CARTESIAN_POINT('',(37.5,0.,1.));
#82 = LINE('',#83,#84);
#83 = CARTESIAN_POINT('',(37.5,0.,0.));
#84 = VECTOR('',#85,1.);
#85 = DIRECTION('',(0.,0.,1.));
#86 = ORIENTED_EDGE('',*,*,#87,.T.);
#87 = EDGE_CURVE('',#80,#80,#88,.T.);
#88 = CIRCLE('',#89,37.5);
#89 = AXIS2_PLACEMENT_3D('',#90,#91,#92);
#90 = CARTESIAN_POINT('',(0.,0.,1.));
#91 = DIRECTION('',(0.,0.,1.));
#92 = DIRECTION('',(1.,0.,0.));
#93 = ORIENTED_EDGE('',*,*,#77,.F.);
#94 = ORIENTED_EDGE('',*,*,#95,.F.);
#95 = EDGE_CURVE('',#78,#78,#96,.T.);
#96 = CIRCLE('',#97,37.5);
#97 = AXIS2_PLACEMENT_3D('',#98,#99,#100);
#98 = CARTESIAN_POINT('',(0.,0.,0.));
#99 = DIRECTION('',(0.,0.,1.));
#100 = DIRECTION('',(1.,0.,0.));
#101 = CYLINDRICAL_SURFACE('',#102,37.5);
#102 = AXIS2_PLACEMENT_3D('',#103,#104,#105);
#103 = CARTESIAN_POINT('',(0.,0.,0.));
#104 = DIRECTION('',(-0.,-0.,-1.));
#105 = DIRECTION('',(1.,0.,0.));
#106 = ADVANCED_FACE('',(#107),#127,.T.);
#107 = FACE_BOUND('',#108,.T.);
#108 = EDGE_LOOP('',(#109,#118,#119,#120));
#109 = ORIENTED_EDGE('',*,*,#110,.F.);
#110 = EDGE_CURVE('',#80,#111,#113,.T.);
#111 = VERTEX_POINT('',#112);
#112 = CARTESIAN_POINT('',(35.5,0.,3.));
#113 = CIRCLE('',#114,2.);
#114 = AXIS2_PLACEMENT_3D('',#115,#116,#117);
#115 = CARTESIAN_POINT('',(35.5,0.,1.));
#116 = DIRECTION('',(0.,-1.,0.));
#117 = DIRECTION('',(1.,0.,0.));
#118 = ORIENTED_EDGE('',*,*,#87,.T.);
#119 = ORIENTED_EDGE('',*,*,#110,.T.);
#120 = ORIENTED_EDGE('',*,*,#121,.F.);
#121 = EDGE_CURVE('',#111,#111,#122,.T.);
#122 = CIRCLE('',#123,35.5);
#123 = AXIS2_PLACEMENT_3D('',#124,#125,#126);
#124 = CARTESIAN_POINT('',(0.,0.,3.));
#125 = DIRECTION('',(0.,0.,1.));
#126 = DIRECTION('',(1.,0.,0.));
#127 = TOROIDAL_SURFACE('',#128,35.5,2.);
#128 = AXIS2_PLACEMENT_3D('',#129,#130,#131);
#129 = CARTESIAN_POINT('',(0.,0.,1.));
#130 = DIRECTION('',(0.,0.,1.));
#131 = DIRECTION('',(1.,0.,0.));
#132 = ADVANCED_FACE('',(#133,#136),#147,.F.);
#133 = FACE_BOUND('',#134,.F.);
#134 = EDGE_LOOP('',(#135));
#135 = ORIENTED_EDGE('',*,*,#95,.T.);
#136 = FACE_BOUND('',#137,.F.);
#137 = EDGE_LOOP('',(#138));
#138 = ORIENTED_EDGE('',*,*,#139,.F.);
#139 = EDGE_CURVE('',#140,#140,#142,.T.);
#140 = VERTEX_POINT('',#141);
#141 = CARTESIAN_POINT('',(33.,0.,0.));
#142 = CIRCLE('',#143,33.);
#143 = AXIS2_PLACEMENT_3D('',#144,#145,#146);
#144 = CARTESIAN_POINT('',(0.,0.,0.));
#145 = DIRECTION('',(0.,0.,1.));
#146 = DIRECTION('',(1.,0.,0.));
#147 = PLANE('',#148);
#148 = AXIS2_PLACEMENT_3D('',#149,#150,#151);
#149 = CARTESIAN_POINT('',(-5.83E-15,8.E-16,0.));
#150 = DIRECTION('',(0.,0.,1.));
#151 = DIRECTION('',(1.,0.,0.));
#152 = ADVANCED_FACE('',(#153,#156),#276,.T.);
#153 = FACE_BOUND('',#154,.T.);
#154 = EDGE_LOOP('',(#155));
#155 = ORIENTED_EDGE('',*,*,#121,.T.);
#156 = FACE_BOUND('',#157,.T.);
#157 = EDGE_LOOP('',(#158,#169,#177,#185,#194,#202,#211,#219,#227,#236,
    #244,#253,#261,#270));
#158 = ORIENTED_EDGE('',*,*,#159,.F.);
#159 = EDGE_CURVE('',#160,#162,#164,.T.);
#160 = VERTEX_POINT('',#161);
#161 = CARTESIAN_POINT('',(-18.5,2.,3.));
#162 = VERTEX_POINT('',#163);
#163 = CARTESIAN_POINT('',(-20.5,1.E-15,3.));
#164 = CIRCLE('',#165,2.);
#165 = AXIS2_PLACEMENT_3D('',#166,#167,#168);
#166 = CARTESIAN_POINT('',(-18.5,9.E-16,3.));
#167 = DIRECTION('',(0.,0.,1.));
#168 = DIRECTION('',(1.,0.,0.));
#169 = ORIENTED_EDGE('',*,*,#170,.T.);
#170 = EDGE_CURVE('',#160,#171,#173,.T.);
#171 = VERTEX_POINT('',#172);
#172 = CARTESIAN_POINT('',(-16.,2.,3.));
#173 = LINE('',#174,#175);
#174 = CARTESIAN_POINT('',(-18.5,2.,3.));
#175 = VECTOR('',#176,1.);
#176 = DIRECTION('',(1.,0.,0.));
#177 = ORIENTED_EDGE('',*,*,#178,.F.);
#178 = EDGE_CURVE('',#179,#171,#181,.T.);
#179 = VERTEX_POINT('',#180);
#180 = CARTESIAN_POINT('',(-16.,10.,3.));
#181 = LINE('',#182,#183);
#182 = CARTESIAN_POINT('',(-16.,10.,3.));
#183 = VECTOR('',#184,1.);
#184 = DIRECTION('',(0.,-1.,0.));
#185 = ORIENTED_EDGE('',*,*,#186,.F.);
#186 = EDGE_CURVE('',#187,#179,#189,.T.);
#187 = VERTEX_POINT('',#188);
#188 = CARTESIAN_POINT('',(-14.,12.000000273223,3.));
#189 = CIRCLE('',#190,2.);
#190 = AXIS2_PLACEMENT_3D('',#191,#192,#193);
#191 = CARTESIAN_POINT('',(-14.,10.000000273223,3.));
#192 = DIRECTION('',(0.,0.,1.));
#193 = DIRECTION('',(1.,0.,0.));
#194 = ORIENTED_EDGE('',*,*,#195,.F.);
#195 = EDGE_CURVE('',#196,#187,#198,.T.);
#196 = VERTEX_POINT('',#197);
#197 = CARTESIAN_POINT('',(-13.,12.000000273223,3.));
#198 = LINE('',#199,#200);
#199 = CARTESIAN_POINT('',(-13.,12.000000273223,3.));
#200 = VECTOR('',#201,1.);
#201 = DIRECTION('',(-1.,0.,0.));
#202 = ORIENTED_EDGE('',*,*,#203,.F.);
#203 = EDGE_CURVE('',#204,#196,#206,.T.);
#204 = VERTEX_POINT('',#205);
#205 = CARTESIAN_POINT('',(-11.,10.00000060423,3.));
#206 = CIRCLE('',#207,2.);
#207 = AXIS2_PLACEMENT_3D('',#208,#209,#210);
#208 = CARTESIAN_POINT('',(-13.,10.000000273223,3.));
#209 = DIRECTION('',(0.,0.,1.));
#210 = DIRECTION('',(1.,0.,0.));
#211 = ORIENTED_EDGE('',*,*,#212,.T.);
#212 = EDGE_CURVE('',#204,#213,#215,.T.);
#213 = VERTEX_POINT('',#214);
#214 = CARTESIAN_POINT('',(-11.,2.00000060423,3.));
#215 = LINE('',#216,#217);
#216 = CARTESIAN_POINT('',(-11.,10.00000060423,3.));
#217 = VECTOR('',#218,1.);
#218 = DIRECTION('',(0.,-1.,0.));
#219 = ORIENTED_EDGE('',*,*,#220,.T.);
#220 = EDGE_CURVE('',#213,#221,#223,.T.);
#221 = VERTEX_POINT('',#222);
#222 = CARTESIAN_POINT('',(-8.5,2.00000060423,3.));
#223 = LINE('',#224,#225);
#224 = CARTESIAN_POINT('',(-11.,2.00000060423,3.));
#225 = VECTOR('',#226,1.);
#226 = DIRECTION('',(1.,0.,0.));
#227 = ORIENTED_EDGE('',*,*,#228,.F.);
#228 = EDGE_CURVE('',#229,#221,#231,.T.);
#229 = VERTEX_POINT('',#230);
#230 = CARTESIAN_POINT('',(-6.5,6.04230186E-07,3.));
#231 = CIRCLE('',#232,2.);
#232 = AXIS2_PLACEMENT_3D('',#233,#234,#235);
#233 = CARTESIAN_POINT('',(-8.5,6.042301858E-07,3.));
#234 = DIRECTION('',(0.,0.,1.));
#235 = DIRECTION('',(1.,0.,0.));
#236 = ORIENTED_EDGE('',*,*,#237,.F.);
#237 = EDGE_CURVE('',#238,#229,#240,.T.);
#238 = VERTEX_POINT('',#239);
#239 = CARTESIAN_POINT('',(-6.5,-4.,3.));
#240 = LINE('',#241,#242);
#241 = CARTESIAN_POINT('',(-6.5,-4.,3.));
#242 = VECTOR('',#243,1.);
#243 = DIRECTION('',(0.,1.,0.));
#244 = ORIENTED_EDGE('',*,*,#245,.F.);
#245 = EDGE_CURVE('',#246,#238,#248,.T.);
#246 = VERTEX_POINT('',#247);
#247 = CARTESIAN_POINT('',(-8.5,-6.,3.));
#248 = CIRCLE('',#249,2.);
#249 = AXIS2_PLACEMENT_3D('',#250,#251,#252);
#250 = CARTESIAN_POINT('',(-8.5,-4.,3.));
#251 = DIRECTION('',(0.,0.,1.));
#252 = DIRECTION('',(1.,0.,0.));
#253 = ORIENTED_EDGE('',*,*,#254,.F.);
#254 = EDGE_CURVE('',#255,#246,#257,.T.);
#255 = VERTEX_POINT('',#256);
#256 = CARTESIAN_POINT('',(-18.5,-6.,3.));
#257 = LINE('',#258,#259);
#258 = CARTESIAN_POINT('',(-18.5,-6.,3.));
#259 = VECTOR('',#260,1.);
#260 = DIRECTION('',(1.,0.,0.));
#261 = ORIENTED_EDGE('',*,*,#262,.F.);
#262 = EDGE_CURVE('',#263,#255,#265,.T.);
#263 = VERTEX_POINT('',#264);
#264 = CARTESIAN_POINT('',(-20.5,-4.,3.));
#265 = CIRCLE('',#266,2.);
#266 = AXIS2_PLACEMENT_3D('',#267,#268,#269);
#267 = CARTESIAN_POINT('',(-18.5,-4.,3.));
#268 = DIRECTION('',(0.,0.,1.));
#269 = DIRECTION('',(1.,0.,0.));
#270 = ORIENTED_EDGE('',*,*,#271,.F.);
#271 = EDGE_CURVE('',#162,#263,#272,.T.);
#272 = LINE('',#273,#274);
#273 = CARTESIAN_POINT('',(-20.5,1.14E-15,3.));
#274 = VECTOR('',#275,1.);
#275 = DIRECTION('',(0.,-1.,0.));
#276 = PLANE('',#277);
#277 = AXIS2_PLACEMENT_3D('',#278,#279,#280);
#278 = CARTESIAN_POINT('',(-5.83E-15,8.E-16,3.));
#279 = DIRECTION('',(0.,0.,1.));
#280 = DIRECTION('',(1.,0.,0.));
#281 = ADVANCED_FACE('',(#282),#908,.T.);
#282 = FACE_BOUND('',#283,.F.);
#283 = EDGE_LOOP('',(#284,#285,#292,#301,#311,#320,#330,#339,#349,#358,
    #368,#377,#387,#396,#406,#415,#425,#434,#444,#453,#463,#472,#482,
    #491,#501,#510,#520,#529,#539,#548,#558,#567,#577,#586,#596,#605,
    #615,#624,#634,#643,#653,#662,#672,#681,#691,#700,#710,#719,#729,
    #738,#748,#757,#767,#776,#786,#795,#805,#814,#824,#833,#843,#852,
    #862,#871,#881,#890,#900,#907));
#284 = ORIENTED_EDGE('',*,*,#139,.T.);
#285 = ORIENTED_EDGE('',*,*,#286,.T.);
#286 = EDGE_CURVE('',#140,#287,#289,.T.);
#287 = VERTEX_POINT('',#288);
#288 = CARTESIAN_POINT('',(33.008727532464,0.,-0.5));
#289 = B_SPLINE_CURVE_WITH_KNOTS('',1,(#290,#291),.UNSPECIFIED.,.F.,.F.,
  (2,2),(0.,1.),.PIECEWISE_BEZIER_KNOTS.);
#290 = CARTESIAN_POINT('',(33.,0.,0.));
#291 = CARTESIAN_POINT('',(33.104730389569,0.,-6.));
#292 = ORIENTED_EDGE('',*,*,#293,.T.);
#293 = EDGE_CURVE('',#287,#294,#296,.T.);
#294 = VERTEX_POINT('',#295);
#295 = CARTESIAN_POINT('',(33.000287974463,-0.746382552688,-0.5));
#296 = CIRCLE('',#297,33.008727532464);
#297 = AXIS2_PLACEMENT_3D('',#298,#299,#300);
#298 = CARTESIAN_POINT('',(0.,0.,-0.5));
#299 = DIRECTION('',(0.,0.,-1.));
#300 = DIRECTION('',(1.,0.,0.));
#301 = ORIENTED_EDGE('',*,*,#302,.T.);
#302 = EDGE_CURVE('',#294,#303,#305,.T.);
#303 = VERTEX_POINT('',#304);
#304 = CARTESIAN_POINT('',(33.096315312299,-0.746382552688,-6.));
#305 = B_SPLINE_CURVE_WITH_KNOTS('',4,(#306,#307,#308,#309,#310),
  .UNSPECIFIED.,.F.,.F.,(5,5),(0.,1.),.PIECEWISE_BEZIER_KNOTS.);
#306 = CARTESIAN_POINT('',(32.991558209414,-0.746382552688,-8.000001E-11
    ));
#307 = CARTESIAN_POINT('',(33.017747506334,-0.746382552688,
    -1.499999999865));
#308 = CARTESIAN_POINT('',(33.043936789077,-0.746382552688,
    -2.999999999783));
#309 = CARTESIAN_POINT('',(33.070126057708,-0.746382552688,
    -4.499999999685));
#310 = CARTESIAN_POINT('',(33.096315312296,-0.746382552688,
    -5.99999999984));
#311 = ORIENTED_EDGE('',*,*,#312,.F.);
#312 = EDGE_CURVE('',#313,#303,#315,.T.);
#313 = VERTEX_POINT('',#314);
#314 = CARTESIAN_POINT('',(30.865253758736,-11.96909706598,-6.));
#315 = CIRCLE('',#316,33.104730389569);
#316 = AXIS2_PLACEMENT_3D('',#317,#318,#319);
#317 = CARTESIAN_POINT('',(0.,0.,-6.));
#318 = DIRECTION('',(0.,0.,1.));
#319 = DIRECTION('',(1.,0.,0.));
#320 = ORIENTED_EDGE('',*,*,#321,.T.);
#321 = EDGE_CURVE('',#313,#322,#324,.T.);
#322 = VERTEX_POINT('',#323);
#323 = CARTESIAN_POINT('',(30.776535625981,-11.93234881216,-0.5));
#324 = B_SPLINE_CURVE_WITH_KNOTS('',4,(#325,#326,#327,#328,#329),
  .UNSPECIFIED.,.F.,.F.,(5,5),(0.,1.),.PIECEWISE_BEZIER_KNOTS.);
#325 = CARTESIAN_POINT('',(30.865253758734,-11.96909706598,
    -5.99999999984));
#326 = CARTESIAN_POINT('',(30.841057922587,-11.95907482249,
    -4.499999999682));
#327 = CARTESIAN_POINT('',(30.816862073215,-11.94905257353,
    -2.999999999778));
#328 = CARTESIAN_POINT('',(30.79266621055,-11.93903031906,
    -1.499999999861));
#329 = CARTESIAN_POINT('',(30.768470334531,-11.92900805906,-8.000001E-11
    ));
#330 = ORIENTED_EDGE('',*,*,#331,.T.);
#331 = EDGE_CURVE('',#322,#332,#334,.T.);
#332 = VERTEX_POINT('',#333);
#333 = CARTESIAN_POINT('',(30.202662389465,-13.31823103495,-0.5));
#334 = CIRCLE('',#335,33.008727532464);
#335 = AXIS2_PLACEMENT_3D('',#336,#337,#338);
#336 = CARTESIAN_POINT('',(0.,0.,-0.5));
#337 = DIRECTION('',(0.,0.,-1.));
#338 = DIRECTION('',(1.,0.,0.));
#339 = ORIENTED_EDGE('',*,*,#340,.T.);
#340 = EDGE_CURVE('',#332,#341,#343,.T.);
#341 = VERTEX_POINT('',#342);
#342 = CARTESIAN_POINT('',(30.291380081453,-13.3549791062,-6.));
#343 = B_SPLINE_CURVE_WITH_KNOTS('',4,(#344,#345,#346,#347,#348),
  .UNSPECIFIED.,.F.,.F.,(5,5),(0.,1.),.PIECEWISE_BEZIER_KNOTS.);
#344 = CARTESIAN_POINT('',(30.194597138212,-13.3148902985,-8.000001E-11)
  );
#345 = CARTESIAN_POINT('',(30.218792893608,-13.32491250854,
    -1.499999999865));
#346 = CARTESIAN_POINT('',(30.242988635905,-13.33493471315,
    -2.999999999783));
#347 = CARTESIAN_POINT('',(30.267184365164,-13.34495691236,
    -4.499999999685));
#348 = CARTESIAN_POINT('',(30.29138008145,-13.35497910619,-5.99999999984
    ));
#349 = ORIENTED_EDGE('',*,*,#350,.F.);
#350 = EDGE_CURVE('',#351,#341,#353,.T.);
#351 = VERTEX_POINT('',#352);
#352 = CARTESIAN_POINT('',(23.935401065944,-22.86962505111,-6.));
#353 = CIRCLE('',#354,33.104730389569);
#354 = AXIS2_PLACEMENT_3D('',#355,#356,#357);
#355 = CARTESIAN_POINT('',(0.,0.,-6.));
#356 = DIRECTION('',(0.,0.,1.));
#357 = DIRECTION('',(1.,0.,0.));
#358 = ORIENTED_EDGE('',*,*,#359,.T.);
#359 = EDGE_CURVE('',#351,#360,#362,.T.);
#360 = VERTEX_POINT('',#361);
#361 = CARTESIAN_POINT('',(23.867499146831,-22.801723132,-0.5));
#362 = B_SPLINE_CURVE_WITH_KNOTS('',4,(#363,#364,#365,#366,#367),
  .UNSPECIFIED.,.F.,.F.,(5,5),(0.,1.),.PIECEWISE_BEZIER_KNOTS.);
#363 = CARTESIAN_POINT('',(23.935401065941,-22.86962505111,
    -5.99999999984));
#364 = CARTESIAN_POINT('',(23.91688237469,-22.85110635986,
    -4.499999999682));
#365 = CARTESIAN_POINT('',(23.898363673317,-22.83258765848,
    -2.999999999778));
#366 = CARTESIAN_POINT('',(23.879844961769,-22.81406894694,
    -1.499999999861));
#367 = CARTESIAN_POINT('',(23.861326240001,-22.79555022517,-8.000001E-11
    ));
#368 = ORIENTED_EDGE('',*,*,#369,.T.);
#369 = EDGE_CURVE('',#360,#370,#372,.T.);
#370 = VERTEX_POINT('',#371);
#371 = CARTESIAN_POINT('',(22.806955243487,-23.86249957221,-0.5));
#372 = CIRCLE('',#373,33.008727532464);
#373 = AXIS2_PLACEMENT_3D('',#374,#375,#376);
#374 = CARTESIAN_POINT('',(0.,0.,-0.5));
#375 = DIRECTION('',(0.,0.,-1.));
#376 = DIRECTION('',(1.,0.,0.));
#377 = ORIENTED_EDGE('',*,*,#378,.T.);
#378 = EDGE_CURVE('',#370,#379,#381,.T.);
#379 = VERTEX_POINT('',#380);
#380 = CARTESIAN_POINT('',(22.87485682525,-23.93040115398,-6.));
#381 = B_SPLINE_CURVE_WITH_KNOTS('',4,(#382,#383,#384,#385,#386),
  .UNSPECIFIED.,.F.,.F.,(5,5),(0.,1.),.PIECEWISE_BEZIER_KNOTS.);
#382 = CARTESIAN_POINT('',(22.800782367422,-23.85632669615,-8.000001E-11
    ));
#383 = CARTESIAN_POINT('',(22.819300996869,-23.87484532559,
    -1.499999999865));
#384 = CARTESIAN_POINT('',(22.837819616291,-23.89336394502,
    -2.999999999783));
#385 = CARTESIAN_POINT('',(22.856338225734,-23.91188255446,
    -4.499999999685));
#386 = CARTESIAN_POINT('',(22.874856825248,-23.93040115397,
    -5.99999999984));
#387 = ORIENTED_EDGE('',*,*,#388,.F.);
#388 = EDGE_CURVE('',#389,#379,#391,.T.);
#389 = VERTEX_POINT('',#390);
#390 = CARTESIAN_POINT('',(13.361600535812,-30.28845993588,-6.));
#391 = CIRCLE('',#392,33.104730389569);
#392 = AXIS2_PLACEMENT_3D('',#393,#394,#395);
#393 = CARTESIAN_POINT('',(0.,0.,-6.));
#394 = DIRECTION('',(0.,0.,1.));
#395 = DIRECTION('',(1.,0.,0.));
#396 = ORIENTED_EDGE('',*,*,#397,.T.);
#397 = EDGE_CURVE('',#389,#398,#400,.T.);
#398 = VERTEX_POINT('',#399);
#399 = CARTESIAN_POINT('',(13.324852281995,-30.19974180312,-0.5));
#400 = B_SPLINE_CURVE_WITH_KNOTS('',4,(#401,#402,#403,#404,#405),
  .UNSPECIFIED.,.F.,.F.,(5,5),(0.,1.),.PIECEWISE_BEZIER_KNOTS.);
#401 = CARTESIAN_POINT('',(13.36160053581,-30.28845993587,-5.99999999984
    ));
#402 = CARTESIAN_POINT('',(13.351578292325,-30.26426409973,
    -4.499999999682));
#403 = CARTESIAN_POINT('',(13.341556043362,-30.24006825036,
    -2.999999999778));
#404 = CARTESIAN_POINT('',(13.331533788893,-30.21587238769,
    -1.499999999861));
#405 = CARTESIAN_POINT('',(13.321511528892,-30.19167651167,-8.000001E-11
    ));
#406 = ORIENTED_EDGE('',*,*,#407,.T.);
#407 = EDGE_CURVE('',#398,#408,#410,.T.);
#408 = VERTEX_POINT('',#409);
#409 = CARTESIAN_POINT('',(11.939095907252,-30.7739188637,-0.5));
#410 = CIRCLE('',#411,33.008727532464);
#411 = AXIS2_PLACEMENT_3D('',#412,#413,#414);
#412 = CARTESIAN_POINT('',(0.,0.,-0.5));
#413 = DIRECTION('',(0.,0.,-1.));
#414 = DIRECTION('',(1.,0.,0.));
#415 = ORIENTED_EDGE('',*,*,#416,.T.);
#416 = EDGE_CURVE('',#408,#417,#419,.T.);
#417 = VERTEX_POINT('',#418);
#418 = CARTESIAN_POINT('',(11.975843978496,-30.86263655569,-6.));
#419 = B_SPLINE_CURVE_WITH_KNOTS('',4,(#420,#421,#422,#423,#424),
  .UNSPECIFIED.,.F.,.F.,(5,5),(0.,1.),.PIECEWISE_BEZIER_KNOTS.);
#420 = CARTESIAN_POINT('',(11.935755170799,-30.76585361245,-8.000001E-11
    ));
#421 = CARTESIAN_POINT('',(11.945777380836,-30.79004936784,
    -1.499999999865));
#422 = CARTESIAN_POINT('',(11.955799585447,-30.81424511014,
    -2.999999999783));
#423 = CARTESIAN_POINT('',(11.965821784658,-30.8384408394,
    -4.499999999685));
#424 = CARTESIAN_POINT('',(11.975843978495,-30.86263655569,
    -5.99999999984));
#425 = ORIENTED_EDGE('',*,*,#426,.F.);
#426 = EDGE_CURVE('',#427,#417,#429,.T.);
#427 = VERTEX_POINT('',#428);
#428 = CARTESIAN_POINT('',(0.753617447313,-33.09615136098,-6.));
#429 = CIRCLE('',#430,33.104730389569);
#430 = AXIS2_PLACEMENT_3D('',#431,#432,#433);
#431 = CARTESIAN_POINT('',(0.,0.,-6.));
#432 = DIRECTION('',(0.,0.,1.));
#433 = DIRECTION('',(1.,0.,0.));
#434 = ORIENTED_EDGE('',*,*,#435,.T.);
#435 = EDGE_CURVE('',#427,#436,#438,.T.);
#436 = VERTEX_POINT('',#437);
#437 = CARTESIAN_POINT('',(0.753617447312,-33.00012354606,-0.5));
#438 = B_SPLINE_CURVE_WITH_KNOTS('',4,(#439,#440,#441,#442,#443),
  .UNSPECIFIED.,.F.,.F.,(5,5),(0.,1.),.PIECEWISE_BEZIER_KNOTS.);
#439 = CARTESIAN_POINT('',(0.753617447312,-33.09615136098,-5.99999999984
    ));
#440 = CARTESIAN_POINT('',(0.753617447312,-33.06996197665,
    -4.499999999682));
#441 = CARTESIAN_POINT('',(0.753617447312,-33.04377257801,
    -2.999999999778));
#442 = CARTESIAN_POINT('',(0.753617447312,-33.01758316498,
    -1.499999999861));
#443 = CARTESIAN_POINT('',(0.753617447312,-32.9913937375,-8.000001E-11)
  );
#444 = ORIENTED_EDGE('',*,*,#445,.T.);
#445 = EDGE_CURVE('',#436,#446,#448,.T.);
#446 = VERTEX_POINT('',#447);
#447 = CARTESIAN_POINT('',(-0.746382552688,-33.00028797446,-0.5));
#448 = CIRCLE('',#449,33.008727532464);
#449 = AXIS2_PLACEMENT_3D('',#450,#451,#452);
#450 = CARTESIAN_POINT('',(0.,0.,-0.5));
#451 = DIRECTION('',(0.,0.,-1.));
#452 = DIRECTION('',(1.,0.,0.));
#453 = ORIENTED_EDGE('',*,*,#454,.T.);
#454 = EDGE_CURVE('',#446,#455,#457,.T.);
#455 = VERTEX_POINT('',#456);
#456 = CARTESIAN_POINT('',(-0.746382552689,-33.09631531229,-6.));
#457 = B_SPLINE_CURVE_WITH_KNOTS('',4,(#458,#459,#460,#461,#462),
  .UNSPECIFIED.,.F.,.F.,(5,5),(0.,1.),.PIECEWISE_BEZIER_KNOTS.);
#458 = CARTESIAN_POINT('',(-0.746382552688,-32.99155820941,-8.000001E-11
    ));
#459 = CARTESIAN_POINT('',(-0.746382552688,-33.01774750633,
    -1.499999999865));
#460 = CARTESIAN_POINT('',(-0.746382552688,-33.04393678907,
    -2.999999999783));
#461 = CARTESIAN_POINT('',(-0.746382552688,-33.0701260577,
    -4.499999999685));
#462 = CARTESIAN_POINT('',(-0.746382552688,-33.09631531229,
    -5.99999999984));
#463 = ORIENTED_EDGE('',*,*,#464,.F.);
#464 = EDGE_CURVE('',#465,#455,#467,.T.);
#465 = VERTEX_POINT('',#466);
#466 = CARTESIAN_POINT('',(-11.96909706598,-30.86525375873,-6.));
#467 = CIRCLE('',#468,33.104730389569);
#468 = AXIS2_PLACEMENT_3D('',#469,#470,#471);
#469 = CARTESIAN_POINT('',(0.,0.,-6.));
#470 = DIRECTION('',(0.,0.,1.));
#471 = DIRECTION('',(1.,0.,0.));
#472 = ORIENTED_EDGE('',*,*,#473,.T.);
#473 = EDGE_CURVE('',#465,#474,#476,.T.);
#474 = VERTEX_POINT('',#475);
#475 = CARTESIAN_POINT('',(-11.93234881216,-30.77653562598,-0.5));
#476 = B_SPLINE_CURVE_WITH_KNOTS('',4,(#477,#478,#479,#480,#481),
  .UNSPECIFIED.,.F.,.F.,(5,5),(0.,1.),.PIECEWISE_BEZIER_KNOTS.);
#477 = CARTESIAN_POINT('',(-11.96909706598,-30.86525375873,
    -5.99999999984));
#478 = CARTESIAN_POINT('',(-11.95907482249,-30.84105792258,
    -4.499999999682));
#479 = CARTESIAN_POINT('',(-11.94905257353,-30.81686207321,
    -2.999999999778));
#480 = CARTESIAN_POINT('',(-11.93903031906,-30.79266621055,
    -1.499999999861));
#481 = CARTESIAN_POINT('',(-11.92900805906,-30.76847033453,-8.000001E-11
    ));
#482 = ORIENTED_EDGE('',*,*,#483,.T.);
#483 = EDGE_CURVE('',#474,#484,#486,.T.);
#484 = VERTEX_POINT('',#485);
#485 = CARTESIAN_POINT('',(-13.31823103495,-30.20266238946,-0.5));
#486 = CIRCLE('',#487,33.008727532464);
#487 = AXIS2_PLACEMENT_3D('',#488,#489,#490);
#488 = CARTESIAN_POINT('',(0.,0.,-0.5));
#489 = DIRECTION('',(0.,0.,-1.));
#490 = DIRECTION('',(1.,0.,0.));
#491 = ORIENTED_EDGE('',*,*,#492,.T.);
#492 = EDGE_CURVE('',#484,#493,#495,.T.);
#493 = VERTEX_POINT('',#494);
#494 = CARTESIAN_POINT('',(-13.3549791062,-30.29138008145,-6.));
#495 = B_SPLINE_CURVE_WITH_KNOTS('',4,(#496,#497,#498,#499,#500),
  .UNSPECIFIED.,.F.,.F.,(5,5),(0.,1.),.PIECEWISE_BEZIER_KNOTS.);
#496 = CARTESIAN_POINT('',(-13.3148902985,-30.19459713821,-8.000001E-11)
  );
#497 = CARTESIAN_POINT('',(-13.32491250854,-30.2187928936,
    -1.499999999865));
#498 = CARTESIAN_POINT('',(-13.33493471315,-30.2429886359,
    -2.999999999783));
#499 = CARTESIAN_POINT('',(-13.34495691236,-30.26718436516,
    -4.499999999685));
#500 = CARTESIAN_POINT('',(-13.35497910619,-30.29138008145,
    -5.99999999984));
#501 = ORIENTED_EDGE('',*,*,#502,.F.);
#502 = EDGE_CURVE('',#503,#493,#505,.T.);
#503 = VERTEX_POINT('',#504);
#504 = CARTESIAN_POINT('',(-22.86962505111,-23.93540106594,-6.));
#505 = CIRCLE('',#506,33.104730389569);
#506 = AXIS2_PLACEMENT_3D('',#507,#508,#509);
#507 = CARTESIAN_POINT('',(0.,0.,-6.));
#508 = DIRECTION('',(0.,0.,1.));
#509 = DIRECTION('',(1.,0.,0.));
#510 = ORIENTED_EDGE('',*,*,#511,.T.);
#511 = EDGE_CURVE('',#503,#512,#514,.T.);
#512 = VERTEX_POINT('',#513);
#513 = CARTESIAN_POINT('',(-22.801723132,-23.86749914683,-0.5));
#514 = B_SPLINE_CURVE_WITH_KNOTS('',4,(#515,#516,#517,#518,#519),
  .UNSPECIFIED.,.F.,.F.,(5,5),(0.,1.),.PIECEWISE_BEZIER_KNOTS.);
#515 = CARTESIAN_POINT('',(-22.86962505111,-23.93540106594,
    -5.99999999984));
#516 = CARTESIAN_POINT('',(-22.85110635986,-23.91688237469,
    -4.499999999682));
#517 = CARTESIAN_POINT('',(-22.83258765848,-23.89836367331,
    -2.999999999778));
#518 = CARTESIAN_POINT('',(-22.81406894694,-23.87984496176,
    -1.499999999861));
#519 = CARTESIAN_POINT('',(-22.79555022517,-23.86132624,-8.000001E-11));
#520 = ORIENTED_EDGE('',*,*,#521,.T.);
#521 = EDGE_CURVE('',#512,#522,#524,.T.);
#522 = VERTEX_POINT('',#523);
#523 = CARTESIAN_POINT('',(-23.86249957221,-22.80695524348,-0.5));
#524 = CIRCLE('',#525,33.008727532464);
#525 = AXIS2_PLACEMENT_3D('',#526,#527,#528);
#526 = CARTESIAN_POINT('',(0.,0.,-0.5));
#527 = DIRECTION('',(0.,0.,-1.));
#528 = DIRECTION('',(1.,0.,0.));
#529 = ORIENTED_EDGE('',*,*,#530,.T.);
#530 = EDGE_CURVE('',#522,#531,#533,.T.);
#531 = VERTEX_POINT('',#532);
#532 = CARTESIAN_POINT('',(-23.93040115398,-22.87485682525,-6.));
#533 = B_SPLINE_CURVE_WITH_KNOTS('',4,(#534,#535,#536,#537,#538),
  .UNSPECIFIED.,.F.,.F.,(5,5),(0.,1.),.PIECEWISE_BEZIER_KNOTS.);
#534 = CARTESIAN_POINT('',(-23.85632669615,-22.80078236742,-8.000001E-11
    ));
#535 = CARTESIAN_POINT('',(-23.87484532559,-22.81930099686,
    -1.499999999865));
#536 = CARTESIAN_POINT('',(-23.89336394502,-22.83781961629,
    -2.999999999783));
#537 = CARTESIAN_POINT('',(-23.91188255446,-22.85633822573,
    -4.499999999685));
#538 = CARTESIAN_POINT('',(-23.93040115397,-22.87485682524,
    -5.99999999984));
#539 = ORIENTED_EDGE('',*,*,#540,.F.);
#540 = EDGE_CURVE('',#541,#531,#543,.T.);
#541 = VERTEX_POINT('',#542);
#542 = CARTESIAN_POINT('',(-30.28845993588,-13.36160053581,-6.));
#543 = CIRCLE('',#544,33.104730389569);
#544 = AXIS2_PLACEMENT_3D('',#545,#546,#547);
#545 = CARTESIAN_POINT('',(0.,0.,-6.));
#546 = DIRECTION('',(0.,0.,1.));
#547 = DIRECTION('',(1.,0.,0.));
#548 = ORIENTED_EDGE('',*,*,#549,.T.);
#549 = EDGE_CURVE('',#541,#550,#552,.T.);
#550 = VERTEX_POINT('',#551);
#551 = CARTESIAN_POINT('',(-30.19974180312,-13.32485228199,-0.5));
#552 = B_SPLINE_CURVE_WITH_KNOTS('',4,(#553,#554,#555,#556,#557),
  .UNSPECIFIED.,.F.,.F.,(5,5),(0.,1.),.PIECEWISE_BEZIER_KNOTS.);
#553 = CARTESIAN_POINT('',(-30.28845993587,-13.36160053581,
    -5.99999999984));
#554 = CARTESIAN_POINT('',(-30.26426409973,-13.35157829232,
    -4.499999999682));
#555 = CARTESIAN_POINT('',(-30.24006825036,-13.34155604336,
    -2.999999999778));
#556 = CARTESIAN_POINT('',(-30.21587238769,-13.33153378889,
    -1.499999999861));
#557 = CARTESIAN_POINT('',(-30.19167651167,-13.32151152889,-8.000001E-11
    ));
#558 = ORIENTED_EDGE('',*,*,#559,.T.);
#559 = EDGE_CURVE('',#550,#560,#562,.T.);
#560 = VERTEX_POINT('',#561);
#561 = CARTESIAN_POINT('',(-30.7739188637,-11.93909590725,-0.5));
#562 = CIRCLE('',#563,33.008727532464);
#563 = AXIS2_PLACEMENT_3D('',#564,#565,#566);
#564 = CARTESIAN_POINT('',(0.,0.,-0.5));
#565 = DIRECTION('',(0.,0.,-1.));
#566 = DIRECTION('',(1.,0.,0.));
#567 = ORIENTED_EDGE('',*,*,#568,.T.);
#568 = EDGE_CURVE('',#560,#569,#571,.T.);
#569 = VERTEX_POINT('',#570);
#570 = CARTESIAN_POINT('',(-30.86263655569,-11.97584397849,-6.));
#571 = B_SPLINE_CURVE_WITH_KNOTS('',4,(#572,#573,#574,#575,#576),
  .UNSPECIFIED.,.F.,.F.,(5,5),(0.,1.),.PIECEWISE_BEZIER_KNOTS.);
#572 = CARTESIAN_POINT('',(-30.76585361245,-11.93575517079,-8.000001E-11
    ));
#573 = CARTESIAN_POINT('',(-30.79004936784,-11.94577738083,
    -1.499999999865));
#574 = CARTESIAN_POINT('',(-30.81424511014,-11.95579958544,
    -2.999999999783));
#575 = CARTESIAN_POINT('',(-30.8384408394,-11.96582178465,
    -4.499999999685));
#576 = CARTESIAN_POINT('',(-30.86263655569,-11.97584397849,
    -5.99999999984));
#577 = ORIENTED_EDGE('',*,*,#578,.F.);
#578 = EDGE_CURVE('',#579,#569,#581,.T.);
#579 = VERTEX_POINT('',#580);
#580 = CARTESIAN_POINT('',(-33.09615136098,-0.753617447312,-6.));
#581 = CIRCLE('',#582,33.104730389569);
#582 = AXIS2_PLACEMENT_3D('',#583,#584,#585);
#583 = CARTESIAN_POINT('',(0.,0.,-6.));
#584 = DIRECTION('',(0.,0.,1.));
#585 = DIRECTION('',(1.,0.,0.));
#586 = ORIENTED_EDGE('',*,*,#587,.T.);
#587 = EDGE_CURVE('',#579,#588,#590,.T.);
#588 = VERTEX_POINT('',#589);
#589 = CARTESIAN_POINT('',(-33.00012354606,-0.753617447312,-0.5));
#590 = B_SPLINE_CURVE_WITH_KNOTS('',4,(#591,#592,#593,#594,#595),
  .UNSPECIFIED.,.F.,.F.,(5,5),(0.,1.),.PIECEWISE_BEZIER_KNOTS.);
#591 = CARTESIAN_POINT('',(-33.09615136098,-0.753617447312,
    -5.99999999984));
#592 = CARTESIAN_POINT('',(-33.06996197665,-0.753617447312,
    -4.499999999682));
#593 = CARTESIAN_POINT('',(-33.04377257801,-0.753617447312,
    -2.999999999778));
#594 = CARTESIAN_POINT('',(-33.01758316498,-0.753617447312,
    -1.499999999861));
#595 = CARTESIAN_POINT('',(-32.9913937375,-0.753617447312,-8.000001E-11)
  );
#596 = ORIENTED_EDGE('',*,*,#597,.T.);
#597 = EDGE_CURVE('',#588,#598,#600,.T.);
#598 = VERTEX_POINT('',#599);
#599 = CARTESIAN_POINT('',(-33.00028797446,0.746382552688,-0.5));
#600 = CIRCLE('',#601,33.008727532464);
#601 = AXIS2_PLACEMENT_3D('',#602,#603,#604);
#602 = CARTESIAN_POINT('',(0.,0.,-0.5));
#603 = DIRECTION('',(0.,0.,-1.));
#604 = DIRECTION('',(1.,0.,0.));
#605 = ORIENTED_EDGE('',*,*,#606,.T.);
#606 = EDGE_CURVE('',#598,#607,#609,.T.);
#607 = VERTEX_POINT('',#608);
#608 = CARTESIAN_POINT('',(-33.09631531229,0.746382552688,-6.));
#609 = B_SPLINE_CURVE_WITH_KNOTS('',4,(#610,#611,#612,#613,#614),
  .UNSPECIFIED.,.F.,.F.,(5,5),(0.,1.),.PIECEWISE_BEZIER_KNOTS.);
#610 = CARTESIAN_POINT('',(-32.99155820941,0.746382552688,-8.000001E-11)
  );
#611 = CARTESIAN_POINT('',(-33.01774750633,0.746382552688,
    -1.499999999865));
#612 = CARTESIAN_POINT('',(-33.04393678907,0.746382552688,
    -2.999999999783));
#613 = CARTESIAN_POINT('',(-33.0701260577,0.746382552688,-4.499999999685
    ));
#614 = CARTESIAN_POINT('',(-33.09631531229,0.746382552688,-5.99999999984
    ));
#615 = ORIENTED_EDGE('',*,*,#616,.F.);
#616 = EDGE_CURVE('',#617,#607,#619,.T.);
#617 = VERTEX_POINT('',#618);
#618 = CARTESIAN_POINT('',(-30.86525375873,11.969097065981,-6.));
#619 = CIRCLE('',#620,33.104730389569);
#620 = AXIS2_PLACEMENT_3D('',#621,#622,#623);
#621 = CARTESIAN_POINT('',(0.,0.,-6.));
#622 = DIRECTION('',(0.,0.,1.));
#623 = DIRECTION('',(1.,0.,0.));
#624 = ORIENTED_EDGE('',*,*,#625,.T.);
#625 = EDGE_CURVE('',#617,#626,#628,.T.);
#626 = VERTEX_POINT('',#627);
#627 = CARTESIAN_POINT('',(-30.77653562598,11.932348812165,-0.5));
#628 = B_SPLINE_CURVE_WITH_KNOTS('',4,(#629,#630,#631,#632,#633),
  .UNSPECIFIED.,.F.,.F.,(5,5),(0.,1.),.PIECEWISE_BEZIER_KNOTS.);
#629 = CARTESIAN_POINT('',(-30.86525375873,11.96909706598,-5.99999999984
    ));
#630 = CARTESIAN_POINT('',(-30.84105792258,11.959074822495,
    -4.499999999682));
#631 = CARTESIAN_POINT('',(-30.81686207321,11.949052573532,
    -2.999999999778));
#632 = CARTESIAN_POINT('',(-30.79266621055,11.939030319063,
    -1.499999999861));
#633 = CARTESIAN_POINT('',(-30.76847033453,11.929008059062,-8.000001E-11
    ));
#634 = ORIENTED_EDGE('',*,*,#635,.T.);
#635 = EDGE_CURVE('',#626,#636,#638,.T.);
#636 = VERTEX_POINT('',#637);
#637 = CARTESIAN_POINT('',(-30.20266238946,13.318231034956,-0.5));
#638 = CIRCLE('',#639,33.008727532464);
#639 = AXIS2_PLACEMENT_3D('',#640,#641,#642);
#640 = CARTESIAN_POINT('',(0.,0.,-0.5));
#641 = DIRECTION('',(0.,0.,-1.));
#642 = DIRECTION('',(1.,0.,0.));
#643 = ORIENTED_EDGE('',*,*,#644,.T.);
#644 = EDGE_CURVE('',#636,#645,#647,.T.);
#645 = VERTEX_POINT('',#646);
#646 = CARTESIAN_POINT('',(-30.29138008145,13.3549791062,-6.));
#647 = B_SPLINE_CURVE_WITH_KNOTS('',4,(#648,#649,#650,#651,#652),
  .UNSPECIFIED.,.F.,.F.,(5,5),(0.,1.),.PIECEWISE_BEZIER_KNOTS.);
#648 = CARTESIAN_POINT('',(-30.19459713821,13.314890298503,-8.000001E-11
    ));
#649 = CARTESIAN_POINT('',(-30.2187928936,13.32491250854,-1.499999999865
    ));
#650 = CARTESIAN_POINT('',(-30.2429886359,13.334934713151,
    -2.999999999783));
#651 = CARTESIAN_POINT('',(-30.26718436516,13.344956912362,
    -4.499999999685));
#652 = CARTESIAN_POINT('',(-30.29138008145,13.354979106199,
    -5.99999999984));
#653 = ORIENTED_EDGE('',*,*,#654,.F.);
#654 = EDGE_CURVE('',#655,#645,#657,.T.);
#655 = VERTEX_POINT('',#656);
#656 = CARTESIAN_POINT('',(-23.93540106594,22.869625051113,-6.));
#657 = CIRCLE('',#658,33.104730389569);
#658 = AXIS2_PLACEMENT_3D('',#659,#660,#661);
#659 = CARTESIAN_POINT('',(0.,0.,-6.));
#660 = DIRECTION('',(0.,0.,1.));
#661 = DIRECTION('',(1.,0.,0.));
#662 = ORIENTED_EDGE('',*,*,#663,.T.);
#663 = EDGE_CURVE('',#655,#664,#666,.T.);
#664 = VERTEX_POINT('',#665);
#665 = CARTESIAN_POINT('',(-23.86749914683,22.801723132002,-0.5));
#666 = B_SPLINE_CURVE_WITH_KNOTS('',4,(#667,#668,#669,#670,#671),
  .UNSPECIFIED.,.F.,.F.,(5,5),(0.,1.),.PIECEWISE_BEZIER_KNOTS.);
#667 = CARTESIAN_POINT('',(-23.93540106594,22.869625051112,
    -5.99999999984));
#668 = CARTESIAN_POINT('',(-23.91688237469,22.85110635986,
    -4.499999999682));
#669 = CARTESIAN_POINT('',(-23.89836367331,22.832587658487,
    -2.999999999778));
#670 = CARTESIAN_POINT('',(-23.87984496176,22.81406894694,
    -1.499999999861));
#671 = CARTESIAN_POINT('',(-23.86132624,22.795550225172,-8.000001E-11));
#672 = ORIENTED_EDGE('',*,*,#673,.T.);
#673 = EDGE_CURVE('',#664,#674,#676,.T.);
#674 = VERTEX_POINT('',#675);
#675 = CARTESIAN_POINT('',(-22.80695524348,23.862499572217,-0.5));
#676 = CIRCLE('',#677,33.008727532464);
#677 = AXIS2_PLACEMENT_3D('',#678,#679,#680);
#678 = CARTESIAN_POINT('',(0.,0.,-0.5));
#679 = DIRECTION('',(0.,0.,-1.));
#680 = DIRECTION('',(1.,0.,0.));
#681 = ORIENTED_EDGE('',*,*,#682,.T.);
#682 = EDGE_CURVE('',#674,#683,#685,.T.);
#683 = VERTEX_POINT('',#684);
#684 = CARTESIAN_POINT('',(-22.87485682525,23.93040115398,-6.));
#685 = B_SPLINE_CURVE_WITH_KNOTS('',4,(#686,#687,#688,#689,#690),
  .UNSPECIFIED.,.F.,.F.,(5,5),(0.,1.),.PIECEWISE_BEZIER_KNOTS.);
#686 = CARTESIAN_POINT('',(-22.80078236742,23.856326696152,-8.000001E-11
    ));
#687 = CARTESIAN_POINT('',(-22.81930099686,23.874845325599,
    -1.499999999865));
#688 = CARTESIAN_POINT('',(-22.83781961629,23.893363945021,
    -2.999999999783));
#689 = CARTESIAN_POINT('',(-22.85633822573,23.911882554464,
    -4.499999999685));
#690 = CARTESIAN_POINT('',(-22.87485682524,23.930401153978,
    -5.99999999984));
#691 = ORIENTED_EDGE('',*,*,#692,.F.);
#692 = EDGE_CURVE('',#693,#683,#695,.T.);
#693 = VERTEX_POINT('',#694);
#694 = CARTESIAN_POINT('',(-13.36160053581,30.288459935881,-6.));
#695 = CIRCLE('',#696,33.104730389569);
#696 = AXIS2_PLACEMENT_3D('',#697,#698,#699);
#697 = CARTESIAN_POINT('',(0.,0.,-6.));
#698 = DIRECTION('',(0.,0.,1.));
#699 = DIRECTION('',(1.,0.,0.));
#700 = ORIENTED_EDGE('',*,*,#701,.T.);
#701 = EDGE_CURVE('',#693,#702,#704,.T.);
#702 = VERTEX_POINT('',#703);
#703 = CARTESIAN_POINT('',(-13.32485228199,30.199741803126,-0.5));
#704 = B_SPLINE_CURVE_WITH_KNOTS('',4,(#705,#706,#707,#708,#709),
  .UNSPECIFIED.,.F.,.F.,(5,5),(0.,1.),.PIECEWISE_BEZIER_KNOTS.);
#705 = CARTESIAN_POINT('',(-13.36160053581,30.288459935879,
    -5.99999999984));
#706 = CARTESIAN_POINT('',(-13.35157829232,30.264264099732,
    -4.499999999682));
#707 = CARTESIAN_POINT('',(-13.34155604336,30.24006825036,
    -2.999999999778));
#708 = CARTESIAN_POINT('',(-13.33153378889,30.215872387695,
    -1.499999999861));
#709 = CARTESIAN_POINT('',(-13.32151152889,30.191676511676,-8.000001E-11
    ));
#710 = ORIENTED_EDGE('',*,*,#711,.T.);
#711 = EDGE_CURVE('',#702,#712,#714,.T.);
#712 = VERTEX_POINT('',#713);
#713 = CARTESIAN_POINT('',(-11.93909590725,30.773918863705,-0.5));
#714 = CIRCLE('',#715,33.008727532464);
#715 = AXIS2_PLACEMENT_3D('',#716,#717,#718);
#716 = CARTESIAN_POINT('',(0.,0.,-0.5));
#717 = DIRECTION('',(0.,0.,-1.));
#718 = DIRECTION('',(1.,0.,0.));
#719 = ORIENTED_EDGE('',*,*,#720,.T.);
#720 = EDGE_CURVE('',#712,#721,#723,.T.);
#721 = VERTEX_POINT('',#722);
#722 = CARTESIAN_POINT('',(-11.97584397849,30.862636555693,-6.));
#723 = B_SPLINE_CURVE_WITH_KNOTS('',4,(#724,#725,#726,#727,#728),
  .UNSPECIFIED.,.F.,.F.,(5,5),(0.,1.),.PIECEWISE_BEZIER_KNOTS.);
#724 = CARTESIAN_POINT('',(-11.93575517079,30.765853612452,-8.000001E-11
    ));
#725 = CARTESIAN_POINT('',(-11.94577738083,30.790049367848,
    -1.499999999865));
#726 = CARTESIAN_POINT('',(-11.95579958544,30.814245110145,
    -2.999999999783));
#727 = CARTESIAN_POINT('',(-11.96582178465,30.838440839404,
    -4.499999999685));
#728 = CARTESIAN_POINT('',(-11.97584397849,30.86263655569,-5.99999999984
    ));
#729 = ORIENTED_EDGE('',*,*,#730,.F.);
#730 = EDGE_CURVE('',#731,#721,#733,.T.);
#731 = VERTEX_POINT('',#732);
#732 = CARTESIAN_POINT('',(-0.753617447311,33.096151360984,-6.));
#733 = CIRCLE('',#734,33.104730389569);
#734 = AXIS2_PLACEMENT_3D('',#735,#736,#737);
#735 = CARTESIAN_POINT('',(0.,0.,-6.));
#736 = DIRECTION('',(0.,0.,1.));
#737 = DIRECTION('',(1.,0.,0.));
#738 = ORIENTED_EDGE('',*,*,#739,.T.);
#739 = EDGE_CURVE('',#731,#740,#742,.T.);
#740 = VERTEX_POINT('',#741);
#741 = CARTESIAN_POINT('',(-0.753617447312,33.000123546065,-0.5));
#742 = B_SPLINE_CURVE_WITH_KNOTS('',4,(#743,#744,#745,#746,#747),
  .UNSPECIFIED.,.F.,.F.,(5,5),(0.,1.),.PIECEWISE_BEZIER_KNOTS.);
#743 = CARTESIAN_POINT('',(-0.753617447312,33.096151360981,
    -5.99999999984));
#744 = CARTESIAN_POINT('',(-0.753617447312,33.069961976657,
    -4.499999999682));
#745 = CARTESIAN_POINT('',(-0.753617447312,33.043772578017,
    -2.999999999778));
#746 = CARTESIAN_POINT('',(-0.753617447312,33.017583164989,
    -1.499999999861));
#747 = CARTESIAN_POINT('',(-0.753617447312,32.991393737507,-8.000001E-11
    ));
#748 = ORIENTED_EDGE('',*,*,#749,.T.);
#749 = EDGE_CURVE('',#740,#750,#752,.T.);
#750 = VERTEX_POINT('',#751);
#751 = CARTESIAN_POINT('',(0.746382552688,33.000287974463,-0.5));
#752 = CIRCLE('',#753,33.008727532464);
#753 = AXIS2_PLACEMENT_3D('',#754,#755,#756);
#754 = CARTESIAN_POINT('',(0.,0.,-0.5));
#755 = DIRECTION('',(0.,0.,-1.));
#756 = DIRECTION('',(1.,0.,0.));
#757 = ORIENTED_EDGE('',*,*,#758,.T.);
#758 = EDGE_CURVE('',#750,#759,#761,.T.);
#759 = VERTEX_POINT('',#760);
#760 = CARTESIAN_POINT('',(0.746382552689,33.096315312299,-6.));
#761 = B_SPLINE_CURVE_WITH_KNOTS('',4,(#762,#763,#764,#765,#766),
  .UNSPECIFIED.,.F.,.F.,(5,5),(0.,1.),.PIECEWISE_BEZIER_KNOTS.);
#762 = CARTESIAN_POINT('',(0.746382552688,32.991558209414,-8.000001E-11)
  );
#763 = CARTESIAN_POINT('',(0.746382552688,33.017747506334,
    -1.499999999865));
#764 = CARTESIAN_POINT('',(0.746382552688,33.043936789077,
    -2.999999999783));
#765 = CARTESIAN_POINT('',(0.746382552688,33.070126057708,
    -4.499999999685));
#766 = CARTESIAN_POINT('',(0.746382552688,33.096315312296,-5.99999999984
    ));
#767 = ORIENTED_EDGE('',*,*,#768,.F.);
#768 = EDGE_CURVE('',#769,#759,#771,.T.);
#769 = VERTEX_POINT('',#770);
#770 = CARTESIAN_POINT('',(11.969097065981,30.865253758736,-6.));
#771 = CIRCLE('',#772,33.104730389569);
#772 = AXIS2_PLACEMENT_3D('',#773,#774,#775);
#773 = CARTESIAN_POINT('',(0.,0.,-6.));
#774 = DIRECTION('',(0.,0.,1.));
#775 = DIRECTION('',(1.,0.,0.));
#776 = ORIENTED_EDGE('',*,*,#777,.T.);
#777 = EDGE_CURVE('',#769,#778,#780,.T.);
#778 = VERTEX_POINT('',#779);
#779 = CARTESIAN_POINT('',(11.932348812165,30.776535625981,-0.5));
#780 = B_SPLINE_CURVE_WITH_KNOTS('',4,(#781,#782,#783,#784,#785),
  .UNSPECIFIED.,.F.,.F.,(5,5),(0.,1.),.PIECEWISE_BEZIER_KNOTS.);
#781 = CARTESIAN_POINT('',(11.96909706598,30.865253758734,-5.99999999984
    ));
#782 = CARTESIAN_POINT('',(11.959074822495,30.841057922587,
    -4.499999999682));
#783 = CARTESIAN_POINT('',(11.949052573532,30.816862073215,
    -2.999999999778));
#784 = CARTESIAN_POINT('',(11.939030319063,30.79266621055,
    -1.499999999861));
#785 = CARTESIAN_POINT('',(11.929008059062,30.768470334531,-8.000001E-11
    ));
#786 = ORIENTED_EDGE('',*,*,#787,.T.);
#787 = EDGE_CURVE('',#778,#788,#790,.T.);
#788 = VERTEX_POINT('',#789);
#789 = CARTESIAN_POINT('',(13.318231034956,30.202662389465,-0.5));
#790 = CIRCLE('',#791,33.008727532464);
#791 = AXIS2_PLACEMENT_3D('',#792,#793,#794);
#792 = CARTESIAN_POINT('',(0.,0.,-0.5));
#793 = DIRECTION('',(0.,0.,-1.));
#794 = DIRECTION('',(1.,0.,0.));
#795 = ORIENTED_EDGE('',*,*,#796,.T.);
#796 = EDGE_CURVE('',#788,#797,#799,.T.);
#797 = VERTEX_POINT('',#798);
#798 = CARTESIAN_POINT('',(13.3549791062,30.291380081453,-6.));
#799 = B_SPLINE_CURVE_WITH_KNOTS('',4,(#800,#801,#802,#803,#804),
  .UNSPECIFIED.,.F.,.F.,(5,5),(0.,1.),.PIECEWISE_BEZIER_KNOTS.);
#800 = CARTESIAN_POINT('',(13.314890298503,30.194597138212,-8.000001E-11
    ));
#801 = CARTESIAN_POINT('',(13.32491250854,30.218792893608,
    -1.499999999865));
#802 = CARTESIAN_POINT('',(13.334934713151,30.242988635905,
    -2.999999999783));
#803 = CARTESIAN_POINT('',(13.344956912362,30.267184365164,
    -4.499999999685));
#804 = CARTESIAN_POINT('',(13.354979106199,30.29138008145,-5.99999999984
    ));
#805 = ORIENTED_EDGE('',*,*,#806,.F.);
#806 = EDGE_CURVE('',#807,#797,#809,.T.);
#807 = VERTEX_POINT('',#808);
#808 = CARTESIAN_POINT('',(22.869625051113,23.935401065944,-6.));
#809 = CIRCLE('',#810,33.104730389569);
#810 = AXIS2_PLACEMENT_3D('',#811,#812,#813);
#811 = CARTESIAN_POINT('',(0.,0.,-6.));
#812 = DIRECTION('',(0.,0.,1.));
#813 = DIRECTION('',(1.,0.,0.));
#814 = ORIENTED_EDGE('',*,*,#815,.T.);
#815 = EDGE_CURVE('',#807,#816,#818,.T.);
#816 = VERTEX_POINT('',#817);
#817 = CARTESIAN_POINT('',(22.801723132002,23.867499146831,-0.5));
#818 = B_SPLINE_CURVE_WITH_KNOTS('',4,(#819,#820,#821,#822,#823),
  .UNSPECIFIED.,.F.,.F.,(5,5),(0.,1.),.PIECEWISE_BEZIER_KNOTS.);
#819 = CARTESIAN_POINT('',(22.869625051112,23.935401065941,
    -5.99999999984));
#820 = CARTESIAN_POINT('',(22.85110635986,23.91688237469,-4.499999999682
    ));
#821 = CARTESIAN_POINT('',(22.832587658487,23.898363673317,
    -2.999999999778));
#822 = CARTESIAN_POINT('',(22.81406894694,23.879844961769,
    -1.499999999861));
#823 = CARTESIAN_POINT('',(22.795550225172,23.861326240001,-8.000001E-11
    ));
#824 = ORIENTED_EDGE('',*,*,#825,.T.);
#825 = EDGE_CURVE('',#816,#826,#828,.T.);
#826 = VERTEX_POINT('',#827);
#827 = CARTESIAN_POINT('',(23.862499572217,22.806955243487,-0.5));
#828 = CIRCLE('',#829,33.008727532464);
#829 = AXIS2_PLACEMENT_3D('',#830,#831,#832);
#830 = CARTESIAN_POINT('',(0.,0.,-0.5));
#831 = DIRECTION('',(0.,0.,-1.));
#832 = DIRECTION('',(1.,0.,0.));
#833 = ORIENTED_EDGE('',*,*,#834,.T.);
#834 = EDGE_CURVE('',#826,#835,#837,.T.);
#835 = VERTEX_POINT('',#836);
#836 = CARTESIAN_POINT('',(23.93040115398,22.87485682525,-6.));
#837 = B_SPLINE_CURVE_WITH_KNOTS('',4,(#838,#839,#840,#841,#842),
  .UNSPECIFIED.,.F.,.F.,(5,5),(0.,1.),.PIECEWISE_BEZIER_KNOTS.);
#838 = CARTESIAN_POINT('',(23.856326696152,22.800782367422,-8.000001E-11
    ));
#839 = CARTESIAN_POINT('',(23.874845325599,22.819300996869,
    -1.499999999865));
#840 = CARTESIAN_POINT('',(23.893363945021,22.837819616291,
    -2.999999999783));
#841 = CARTESIAN_POINT('',(23.911882554464,22.856338225734,
    -4.499999999685));
#842 = CARTESIAN_POINT('',(23.930401153978,22.874856825248,
    -5.99999999984));
#843 = ORIENTED_EDGE('',*,*,#844,.F.);
#844 = EDGE_CURVE('',#845,#835,#847,.T.);
#845 = VERTEX_POINT('',#846);
#846 = CARTESIAN_POINT('',(30.288459935881,13.361600535812,-6.));
#847 = CIRCLE('',#848,33.104730389569);
#848 = AXIS2_PLACEMENT_3D('',#849,#850,#851);
#849 = CARTESIAN_POINT('',(0.,0.,-6.));
#850 = DIRECTION('',(0.,0.,1.));
#851 = DIRECTION('',(1.,0.,0.));
#852 = ORIENTED_EDGE('',*,*,#853,.T.);
#853 = EDGE_CURVE('',#845,#854,#856,.T.);
#854 = VERTEX_POINT('',#855);
#855 = CARTESIAN_POINT('',(30.199741803126,13.324852281995,-0.5));
#856 = B_SPLINE_CURVE_WITH_KNOTS('',4,(#857,#858,#859,#860,#861),
  .UNSPECIFIED.,.F.,.F.,(5,5),(0.,1.),.PIECEWISE_BEZIER_KNOTS.);
#857 = CARTESIAN_POINT('',(30.288459935879,13.36160053581,-5.99999999984
    ));
#858 = CARTESIAN_POINT('',(30.264264099732,13.351578292325,
    -4.499999999682));
#859 = CARTESIAN_POINT('',(30.24006825036,13.341556043362,
    -2.999999999778));
#860 = CARTESIAN_POINT('',(30.215872387695,13.331533788893,
    -1.499999999861));
#861 = CARTESIAN_POINT('',(30.191676511676,13.321511528892,-8.000001E-11
    ));
#862 = ORIENTED_EDGE('',*,*,#863,.T.);
#863 = EDGE_CURVE('',#854,#864,#866,.T.);
#864 = VERTEX_POINT('',#865);
#865 = CARTESIAN_POINT('',(30.773918863705,11.939095907252,-0.5));
#866 = CIRCLE('',#867,33.008727532464);
#867 = AXIS2_PLACEMENT_3D('',#868,#869,#870);
#868 = CARTESIAN_POINT('',(0.,0.,-0.5));
#869 = DIRECTION('',(0.,0.,-1.));
#870 = DIRECTION('',(1.,0.,0.));
#871 = ORIENTED_EDGE('',*,*,#872,.T.);
#872 = EDGE_CURVE('',#864,#873,#875,.T.);
#873 = VERTEX_POINT('',#874);
#874 = CARTESIAN_POINT('',(30.862636555693,11.975843978496,-6.));
#875 = B_SPLINE_CURVE_WITH_KNOTS('',4,(#876,#877,#878,#879,#880),
  .UNSPECIFIED.,.F.,.F.,(5,5),(0.,1.),.PIECEWISE_BEZIER_KNOTS.);
#876 = CARTESIAN_POINT('',(30.765853612452,11.935755170799,-8.000001E-11
    ));
#877 = CARTESIAN_POINT('',(30.790049367848,11.945777380836,
    -1.499999999865));
#878 = CARTESIAN_POINT('',(30.814245110145,11.955799585447,
    -2.999999999783));
#879 = CARTESIAN_POINT('',(30.838440839404,11.965821784658,
    -4.499999999685));
#880 = CARTESIAN_POINT('',(30.86263655569,11.975843978495,-5.99999999984
    ));
#881 = ORIENTED_EDGE('',*,*,#882,.F.);
#882 = EDGE_CURVE('',#883,#873,#885,.T.);
#883 = VERTEX_POINT('',#884);
#884 = CARTESIAN_POINT('',(33.096151360984,0.753617447312,-6.));
#885 = CIRCLE('',#886,33.104730389569);
#886 = AXIS2_PLACEMENT_3D('',#887,#888,#889);
#887 = CARTESIAN_POINT('',(0.,0.,-6.));
#888 = DIRECTION('',(0.,0.,1.));
#889 = DIRECTION('',(1.,0.,0.));
#890 = ORIENTED_EDGE('',*,*,#891,.T.);
#891 = EDGE_CURVE('',#883,#892,#894,.T.);
#892 = VERTEX_POINT('',#893);
#893 = CARTESIAN_POINT('',(33.000123546065,0.753617447312,-0.5));
#894 = B_SPLINE_CURVE_WITH_KNOTS('',4,(#895,#896,#897,#898,#899),
  .UNSPECIFIED.,.F.,.F.,(5,5),(0.,1.),.PIECEWISE_BEZIER_KNOTS.);
#895 = CARTESIAN_POINT('',(33.096151360981,0.753617447312,-5.99999999984
    ));
#896 = CARTESIAN_POINT('',(33.069961976657,0.753617447312,
    -4.499999999682));
#897 = CARTESIAN_POINT('',(33.043772578017,0.753617447312,
    -2.999999999778));
#898 = CARTESIAN_POINT('',(33.017583164989,0.753617447312,
    -1.499999999861));
#899 = CARTESIAN_POINT('',(32.991393737507,0.753617447312,-8.000001E-11)
  );
#900 = ORIENTED_EDGE('',*,*,#901,.T.);
#901 = EDGE_CURVE('',#892,#287,#902,.T.);
#902 = CIRCLE('',#903,33.008727532464);
#903 = AXIS2_PLACEMENT_3D('',#904,#905,#906);
#904 = CARTESIAN_POINT('',(0.,0.,-0.5));
#905 = DIRECTION('',(0.,0.,-1.));
#906 = DIRECTION('',(1.,0.,0.));
#907 = ORIENTED_EDGE('',*,*,#286,.F.);
#908 = CONICAL_SURFACE('',#909,33.,1.745329251994E-02);
#909 = AXIS2_PLACEMENT_3D('',#910,#911,#912);
#910 = CARTESIAN_POINT('',(0.,0.,0.));
#911 = DIRECTION('',(-0.,-0.,-1.));
#912 = DIRECTION('',(1.,0.,0.));
#913 = ADVANCED_FACE('',(#914),#940,.F.);
#914 = FACE_BOUND('',#915,.F.);
#915 = EDGE_LOOP('',(#916,#917,#925,#934));
#916 = ORIENTED_EDGE('',*,*,#159,.F.);
#917 = ORIENTED_EDGE('',*,*,#918,.T.);
#918 = EDGE_CURVE('',#160,#919,#921,.T.);
#919 = VERTEX_POINT('',#920);
#920 = CARTESIAN_POINT('',(-18.5,2.,0.));
#921 = LINE('',#922,#923);
#922 = CARTESIAN_POINT('',(-18.5,2.,3.));
#923 = VECTOR('',#924,1.);
#924 = DIRECTION('',(-0.,-0.,-1.));
#925 = ORIENTED_EDGE('',*,*,#926,.T.);
#926 = EDGE_CURVE('',#919,#927,#929,.T.);
#927 = VERTEX_POINT('',#928);
#928 = CARTESIAN_POINT('',(-20.5,1.E-15,0.));
#929 = CIRCLE('',#930,2.);
#930 = AXIS2_PLACEMENT_3D('',#931,#932,#933);
#931 = CARTESIAN_POINT('',(-18.5,9.E-16,0.));
#932 = DIRECTION('',(0.,0.,1.));
#933 = DIRECTION('',(1.,0.,-0.));
#934 = ORIENTED_EDGE('',*,*,#935,.F.);
#935 = EDGE_CURVE('',#162,#927,#936,.T.);
#936 = LINE('',#937,#938);
#937 = CARTESIAN_POINT('',(-20.5,1.14E-15,3.));
#938 = VECTOR('',#939,1.);
#939 = DIRECTION('',(-0.,-0.,-1.));
#940 = CYLINDRICAL_SURFACE('',#941,2.);
#941 = AXIS2_PLACEMENT_3D('',#942,#943,#944);
#942 = CARTESIAN_POINT('',(-18.5,9.E-16,3.));
#943 = DIRECTION('',(0.,0.,1.));
#944 = DIRECTION('',(1.,0.,-0.));
#945 = ADVANCED_FACE('',(#946),#964,.F.);
#946 = FACE_BOUND('',#947,.F.);
#947 = EDGE_LOOP('',(#948,#949,#950,#958));
#948 = ORIENTED_EDGE('',*,*,#271,.F.);
#949 = ORIENTED_EDGE('',*,*,#935,.T.);
#950 = ORIENTED_EDGE('',*,*,#951,.F.);
#951 = EDGE_CURVE('',#952,#927,#954,.T.);
#952 = VERTEX_POINT('',#953);
#953 = CARTESIAN_POINT('',(-20.5,-4.,0.));
#954 = LINE('',#955,#956);
#955 = CARTESIAN_POINT('',(-20.5,9.7E-16,0.));
#956 = VECTOR('',#957,1.);
#957 = DIRECTION('',(0.,1.,0.));
#958 = ORIENTED_EDGE('',*,*,#959,.F.);
#959 = EDGE_CURVE('',#263,#952,#960,.T.);
#960 = LINE('',#961,#962);
#961 = CARTESIAN_POINT('',(-20.5,-4.,3.));
#962 = VECTOR('',#963,1.);
#963 = DIRECTION('',(-0.,-0.,-1.));
#964 = PLANE('',#965);
#965 = AXIS2_PLACEMENT_3D('',#966,#967,#968);
#966 = CARTESIAN_POINT('',(-20.5,1.14E-15,3.));
#967 = DIRECTION('',(-1.,0.,0.));
#968 = DIRECTION('',(0.,-1.,0.));
#969 = ADVANCED_FACE('',(#970),#989,.F.);
#970 = FACE_BOUND('',#971,.F.);
#971 = EDGE_LOOP('',(#972,#973,#974,#983));
#972 = ORIENTED_EDGE('',*,*,#262,.F.);
#973 = ORIENTED_EDGE('',*,*,#959,.T.);
#974 = ORIENTED_EDGE('',*,*,#975,.T.);
#975 = EDGE_CURVE('',#952,#976,#978,.T.);
#976 = VERTEX_POINT('',#977);
#977 = CARTESIAN_POINT('',(-18.5,-6.,0.));
#978 = CIRCLE('',#979,2.);
#979 = AXIS2_PLACEMENT_3D('',#980,#981,#982);
#980 = CARTESIAN_POINT('',(-18.5,-4.,0.));
#981 = DIRECTION('',(0.,0.,1.));
#982 = DIRECTION('',(1.,0.,-0.));
#983 = ORIENTED_EDGE('',*,*,#984,.F.);
#984 = EDGE_CURVE('',#255,#976,#985,.T.);
#985 = LINE('',#986,#987);
#986 = CARTESIAN_POINT('',(-18.5,-6.,3.));
#987 = VECTOR('',#988,1.);
#988 = DIRECTION('',(-0.,-0.,-1.));
#989 = CYLINDRICAL_SURFACE('',#990,2.);
#990 = AXIS2_PLACEMENT_3D('',#991,#992,#993);
#991 = CARTESIAN_POINT('',(-18.5,-4.,3.));
#992 = DIRECTION('',(0.,0.,1.));
#993 = DIRECTION('',(1.,0.,-0.));
#994 = ADVANCED_FACE('',(#995),#1013,.F.);
#995 = FACE_BOUND('',#996,.F.);
#996 = EDGE_LOOP('',(#997,#998,#999,#1007));
#997 = ORIENTED_EDGE('',*,*,#254,.F.);
#998 = ORIENTED_EDGE('',*,*,#984,.T.);
#999 = ORIENTED_EDGE('',*,*,#1000,.F.);
#1000 = EDGE_CURVE('',#1001,#976,#1003,.T.);
#1001 = VERTEX_POINT('',#1002);
#1002 = CARTESIAN_POINT('',(-8.5,-6.,0.));
#1003 = LINE('',#1004,#1005);
#1004 = CARTESIAN_POINT('',(-9.25,-6.,0.));
#1005 = VECTOR('',#1006,1.);
#1006 = DIRECTION('',(-1.,0.,0.));
#1007 = ORIENTED_EDGE('',*,*,#1008,.F.);
#1008 = EDGE_CURVE('',#246,#1001,#1009,.T.);
#1009 = LINE('',#1010,#1011);
#1010 = CARTESIAN_POINT('',(-8.5,-6.,3.));
#1011 = VECTOR('',#1012,1.);
#1012 = DIRECTION('',(-0.,-0.,-1.));
#1013 = PLANE('',#1014);
#1014 = AXIS2_PLACEMENT_3D('',#1015,#1016,#1017);
#1015 = CARTESIAN_POINT('',(-18.5,-6.,3.));
#1016 = DIRECTION('',(0.,-1.,0.));
#1017 = DIRECTION('',(1.,0.,0.));
#1018 = ADVANCED_FACE('',(#1019),#1038,.F.);
#1019 = FACE_BOUND('',#1020,.F.);
#1020 = EDGE_LOOP('',(#1021,#1022,#1023,#1032));
#1021 = ORIENTED_EDGE('',*,*,#245,.F.);
#1022 = ORIENTED_EDGE('',*,*,#1008,.T.);
#1023 = ORIENTED_EDGE('',*,*,#1024,.T.);
#1024 = EDGE_CURVE('',#1001,#1025,#1027,.T.);
#1025 = VERTEX_POINT('',#1026);
#1026 = CARTESIAN_POINT('',(-6.5,-4.,0.));
#1027 = CIRCLE('',#1028,2.);
#1028 = AXIS2_PLACEMENT_3D('',#1029,#1030,#1031);
#1029 = CARTESIAN_POINT('',(-8.5,-4.,0.));
#1030 = DIRECTION('',(0.,0.,1.));
#1031 = DIRECTION('',(1.,0.,-0.));
#1032 = ORIENTED_EDGE('',*,*,#1033,.F.);
#1033 = EDGE_CURVE('',#238,#1025,#1034,.T.);
#1034 = LINE('',#1035,#1036);
#1035 = CARTESIAN_POINT('',(-6.5,-4.,3.));
#1036 = VECTOR('',#1037,1.);
#1037 = DIRECTION('',(-0.,-0.,-1.));
#1038 = CYLINDRICAL_SURFACE('',#1039,2.);
#1039 = AXIS2_PLACEMENT_3D('',#1040,#1041,#1042);
#1040 = CARTESIAN_POINT('',(-8.5,-4.,3.));
#1041 = DIRECTION('',(0.,0.,1.));
#1042 = DIRECTION('',(1.,0.,-0.));
#1043 = ADVANCED_FACE('',(#1044),#1062,.F.);
#1044 = FACE_BOUND('',#1045,.F.);
#1045 = EDGE_LOOP('',(#1046,#1047,#1048,#1056));
#1046 = ORIENTED_EDGE('',*,*,#237,.F.);
#1047 = ORIENTED_EDGE('',*,*,#1033,.T.);
#1048 = ORIENTED_EDGE('',*,*,#1049,.F.);
#1049 = EDGE_CURVE('',#1050,#1025,#1052,.T.);
#1050 = VERTEX_POINT('',#1051);
#1051 = CARTESIAN_POINT('',(-6.5,6.04230186E-07,0.));
#1052 = LINE('',#1053,#1054);
#1053 = CARTESIAN_POINT('',(-6.5,-2.,0.));
#1054 = VECTOR('',#1055,1.);
#1055 = DIRECTION('',(0.,-1.,0.));
#1056 = ORIENTED_EDGE('',*,*,#1057,.F.);
#1057 = EDGE_CURVE('',#229,#1050,#1058,.T.);
#1058 = LINE('',#1059,#1060);
#1059 = CARTESIAN_POINT('',(-6.5,6.0423018584E-07,3.));
#1060 = VECTOR('',#1061,1.);
#1061 = DIRECTION('',(-0.,-0.,-1.));
#1062 = PLANE('',#1063);
#1063 = AXIS2_PLACEMENT_3D('',#1064,#1065,#1066);
#1064 = CARTESIAN_POINT('',(-6.5,-4.,3.));
#1065 = DIRECTION('',(1.,0.,0.));
#1066 = DIRECTION('',(-0.,1.,0.));
#1067 = ADVANCED_FACE('',(#1068),#1087,.F.);
#1068 = FACE_BOUND('',#1069,.F.);
#1069 = EDGE_LOOP('',(#1070,#1071,#1072,#1081));
#1070 = ORIENTED_EDGE('',*,*,#228,.F.);
#1071 = ORIENTED_EDGE('',*,*,#1057,.T.);
#1072 = ORIENTED_EDGE('',*,*,#1073,.T.);
#1073 = EDGE_CURVE('',#1050,#1074,#1076,.T.);
#1074 = VERTEX_POINT('',#1075);
#1075 = CARTESIAN_POINT('',(-8.5,2.00000060423,0.));
#1076 = CIRCLE('',#1077,2.);
#1077 = AXIS2_PLACEMENT_3D('',#1078,#1079,#1080);
#1078 = CARTESIAN_POINT('',(-8.5,6.042301858E-07,0.));
#1079 = DIRECTION('',(0.,0.,1.));
#1080 = DIRECTION('',(1.,0.,-0.));
#1081 = ORIENTED_EDGE('',*,*,#1082,.F.);
#1082 = EDGE_CURVE('',#221,#1074,#1083,.T.);
#1083 = LINE('',#1084,#1085);
#1084 = CARTESIAN_POINT('',(-8.5,2.00000060423,3.));
#1085 = VECTOR('',#1086,1.);
#1086 = DIRECTION('',(-0.,-0.,-1.));
#1087 = CYLINDRICAL_SURFACE('',#1088,2.);
#1088 = AXIS2_PLACEMENT_3D('',#1089,#1090,#1091);
#1089 = CARTESIAN_POINT('',(-8.5,6.042301858E-07,3.));
#1090 = DIRECTION('',(0.,0.,1.));
#1091 = DIRECTION('',(1.,0.,-0.));
#1092 = ADVANCED_FACE('',(#1093),#1111,.T.);
#1093 = FACE_BOUND('',#1094,.T.);
#1094 = EDGE_LOOP('',(#1095,#1096,#1104,#1110));
#1095 = ORIENTED_EDGE('',*,*,#220,.F.);
#1096 = ORIENTED_EDGE('',*,*,#1097,.T.);
#1097 = EDGE_CURVE('',#213,#1098,#1100,.T.);
#1098 = VERTEX_POINT('',#1099);
#1099 = CARTESIAN_POINT('',(-11.,2.00000060423,0.));
#1100 = LINE('',#1101,#1102);
#1101 = CARTESIAN_POINT('',(-11.,2.00000060423,3.));
#1102 = VECTOR('',#1103,1.);
#1103 = DIRECTION('',(-0.,-0.,-1.));
#1104 = ORIENTED_EDGE('',*,*,#1105,.F.);
#1105 = EDGE_CURVE('',#1074,#1098,#1106,.T.);
#1106 = LINE('',#1107,#1108);
#1107 = CARTESIAN_POINT('',(-5.5,2.00000060423,0.));
#1108 = VECTOR('',#1109,1.);
#1109 = DIRECTION('',(-1.,0.,0.));
#1110 = ORIENTED_EDGE('',*,*,#1082,.F.);
#1111 = PLANE('',#1112);
#1112 = AXIS2_PLACEMENT_3D('',#1113,#1114,#1115);
#1113 = CARTESIAN_POINT('',(-11.,2.00000060423,3.));
#1114 = DIRECTION('',(0.,-1.,0.));
#1115 = DIRECTION('',(1.,0.,0.));
#1116 = ADVANCED_FACE('',(#1117),#1135,.T.);
#1117 = FACE_BOUND('',#1118,.T.);
#1118 = EDGE_LOOP('',(#1119,#1120,#1128,#1134));
#1119 = ORIENTED_EDGE('',*,*,#212,.F.);
#1120 = ORIENTED_EDGE('',*,*,#1121,.T.);
#1121 = EDGE_CURVE('',#204,#1122,#1124,.T.);
#1122 = VERTEX_POINT('',#1123);
#1123 = CARTESIAN_POINT('',(-11.,10.00000060423,0.));
#1124 = LINE('',#1125,#1126);
#1125 = CARTESIAN_POINT('',(-11.,10.00000060423,3.));
#1126 = VECTOR('',#1127,1.);
#1127 = DIRECTION('',(-0.,-0.,-1.));
#1128 = ORIENTED_EDGE('',*,*,#1129,.F.);
#1129 = EDGE_CURVE('',#1098,#1122,#1130,.T.);
#1130 = LINE('',#1131,#1132);
#1131 = CARTESIAN_POINT('',(-11.,5.000000302115,0.));
#1132 = VECTOR('',#1133,1.);
#1133 = DIRECTION('',(0.,1.,0.));
#1134 = ORIENTED_EDGE('',*,*,#1097,.F.);
#1135 = PLANE('',#1136);
#1136 = AXIS2_PLACEMENT_3D('',#1137,#1138,#1139);
#1137 = CARTESIAN_POINT('',(-11.,10.00000060423,3.));
#1138 = DIRECTION('',(-1.,0.,0.));
#1139 = DIRECTION('',(0.,-1.,0.));
#1140 = ADVANCED_FACE('',(#1141),#1160,.F.);
#1141 = FACE_BOUND('',#1142,.F.);
#1142 = EDGE_LOOP('',(#1143,#1144,#1145,#1154));
#1143 = ORIENTED_EDGE('',*,*,#203,.F.);
#1144 = ORIENTED_EDGE('',*,*,#1121,.T.);
#1145 = ORIENTED_EDGE('',*,*,#1146,.T.);
#1146 = EDGE_CURVE('',#1122,#1147,#1149,.T.);
#1147 = VERTEX_POINT('',#1148);
#1148 = CARTESIAN_POINT('',(-13.,12.000000273223,0.));
#1149 = CIRCLE('',#1150,2.);
#1150 = AXIS2_PLACEMENT_3D('',#1151,#1152,#1153);
#1151 = CARTESIAN_POINT('',(-13.,10.000000273223,0.));
#1152 = DIRECTION('',(0.,0.,1.));
#1153 = DIRECTION('',(1.,0.,-0.));
#1154 = ORIENTED_EDGE('',*,*,#1155,.F.);
#1155 = EDGE_CURVE('',#196,#1147,#1156,.T.);
#1156 = LINE('',#1157,#1158);
#1157 = CARTESIAN_POINT('',(-13.,12.000000273223,3.));
#1158 = VECTOR('',#1159,1.);
#1159 = DIRECTION('',(-0.,-0.,-1.));
#1160 = CYLINDRICAL_SURFACE('',#1161,2.);
#1161 = AXIS2_PLACEMENT_3D('',#1162,#1163,#1164);
#1162 = CARTESIAN_POINT('',(-13.,10.000000273223,3.));
#1163 = DIRECTION('',(0.,0.,1.));
#1164 = DIRECTION('',(1.,0.,-0.));
#1165 = ADVANCED_FACE('',(#1166),#1184,.F.);
#1166 = FACE_BOUND('',#1167,.F.);
#1167 = EDGE_LOOP('',(#1168,#1169,#1170,#1178));
#1168 = ORIENTED_EDGE('',*,*,#195,.F.);
#1169 = ORIENTED_EDGE('',*,*,#1155,.T.);
#1170 = ORIENTED_EDGE('',*,*,#1171,.F.);
#1171 = EDGE_CURVE('',#1172,#1147,#1174,.T.);
#1172 = VERTEX_POINT('',#1173);
#1173 = CARTESIAN_POINT('',(-14.,12.000000273223,0.));
#1174 = LINE('',#1175,#1176);
#1175 = CARTESIAN_POINT('',(-6.5,12.000000273223,0.));
#1176 = VECTOR('',#1177,1.);
#1177 = DIRECTION('',(1.,0.,0.));
#1178 = ORIENTED_EDGE('',*,*,#1179,.F.);
#1179 = EDGE_CURVE('',#187,#1172,#1180,.T.);
#1180 = LINE('',#1181,#1182);
#1181 = CARTESIAN_POINT('',(-14.,12.000000273223,3.));
#1182 = VECTOR('',#1183,1.);
#1183 = DIRECTION('',(-0.,-0.,-1.));
#1184 = PLANE('',#1185);
#1185 = AXIS2_PLACEMENT_3D('',#1186,#1187,#1188);
#1186 = CARTESIAN_POINT('',(-13.,12.000000273223,3.));
#1187 = DIRECTION('',(0.,1.,0.));
#1188 = DIRECTION('',(-1.,0.,0.));
#1189 = ADVANCED_FACE('',(#1190),#1209,.F.);
#1190 = FACE_BOUND('',#1191,.F.);
#1191 = EDGE_LOOP('',(#1192,#1193,#1194,#1203));
#1192 = ORIENTED_EDGE('',*,*,#186,.F.);
#1193 = ORIENTED_EDGE('',*,*,#1179,.T.);
#1194 = ORIENTED_EDGE('',*,*,#1195,.T.);
#1195 = EDGE_CURVE('',#1172,#1196,#1198,.T.);
#1196 = VERTEX_POINT('',#1197);
#1197 = CARTESIAN_POINT('',(-16.,10.,0.));
#1198 = CIRCLE('',#1199,2.);
#1199 = AXIS2_PLACEMENT_3D('',#1200,#1201,#1202);
#1200 = CARTESIAN_POINT('',(-14.,10.000000273223,0.));
#1201 = DIRECTION('',(0.,0.,1.));
#1202 = DIRECTION('',(1.,0.,-0.));
#1203 = ORIENTED_EDGE('',*,*,#1204,.F.);
#1204 = EDGE_CURVE('',#179,#1196,#1205,.T.);
#1205 = LINE('',#1206,#1207);
#1206 = CARTESIAN_POINT('',(-16.,10.,3.));
#1207 = VECTOR('',#1208,1.);
#1208 = DIRECTION('',(-0.,-0.,-1.));
#1209 = CYLINDRICAL_SURFACE('',#1210,2.);
#1210 = AXIS2_PLACEMENT_3D('',#1211,#1212,#1213);
#1211 = CARTESIAN_POINT('',(-14.,10.000000273223,3.));
#1212 = DIRECTION('',(0.,0.,1.));
#1213 = DIRECTION('',(1.,0.,-0.));
#1214 = ADVANCED_FACE('',(#1215),#1233,.F.);
#1215 = FACE_BOUND('',#1216,.F.);
#1216 = EDGE_LOOP('',(#1217,#1218,#1219,#1227));
#1217 = ORIENTED_EDGE('',*,*,#178,.F.);
#1218 = ORIENTED_EDGE('',*,*,#1204,.T.);
#1219 = ORIENTED_EDGE('',*,*,#1220,.F.);
#1220 = EDGE_CURVE('',#1221,#1196,#1223,.T.);
#1221 = VERTEX_POINT('',#1222);
#1222 = CARTESIAN_POINT('',(-16.,2.,0.));
#1223 = LINE('',#1224,#1225);
#1224 = CARTESIAN_POINT('',(-16.,5.,0.));
#1225 = VECTOR('',#1226,1.);
#1226 = DIRECTION('',(0.,1.,0.));
#1227 = ORIENTED_EDGE('',*,*,#1228,.F.);
#1228 = EDGE_CURVE('',#171,#1221,#1229,.T.);
#1229 = LINE('',#1230,#1231);
#1230 = CARTESIAN_POINT('',(-16.,2.,3.));
#1231 = VECTOR('',#1232,1.);
#1232 = DIRECTION('',(-0.,-0.,-1.));
#1233 = PLANE('',#1234);
#1234 = AXIS2_PLACEMENT_3D('',#1235,#1236,#1237);
#1235 = CARTESIAN_POINT('',(-16.,10.,3.));
#1236 = DIRECTION('',(-1.,0.,0.));
#1237 = DIRECTION('',(0.,-1.,0.));
#1238 = ADVANCED_FACE('',(#1239),#1250,.T.);
#1239 = FACE_BOUND('',#1240,.T.);
#1240 = EDGE_LOOP('',(#1241,#1242,#1243,#1249));
#1241 = ORIENTED_EDGE('',*,*,#170,.F.);
#1242 = ORIENTED_EDGE('',*,*,#918,.T.);
#1243 = ORIENTED_EDGE('',*,*,#1244,.F.);
#1244 = EDGE_CURVE('',#1221,#919,#1245,.T.);
#1245 = LINE('',#1246,#1247);
#1246 = CARTESIAN_POINT('',(-9.25,2.,0.));
#1247 = VECTOR('',#1248,1.);
#1248 = DIRECTION('',(-1.,0.,0.));
#1249 = ORIENTED_EDGE('',*,*,#1228,.F.);
#1250 = PLANE('',#1251);
#1251 = AXIS2_PLACEMENT_3D('',#1252,#1253,#1254);
#1252 = CARTESIAN_POINT('',(-18.5,2.,3.));
#1253 = DIRECTION('',(0.,-1.,0.));
#1254 = DIRECTION('',(1.,0.,0.));
#1255 = ADVANCED_FACE('',(#1256),#1292,.F.);
#1256 = FACE_BOUND('',#1257,.F.);
#1257 = EDGE_LOOP('',(#1258,#1266,#1267,#1268,#1276,#1285));
#1258 = ORIENTED_EDGE('',*,*,#1259,.F.);
#1259 = EDGE_CURVE('',#294,#1260,#1262,.T.);
#1260 = VERTEX_POINT('',#1261);
#1261 = CARTESIAN_POINT('',(32.000024239562,-0.746382552688,-0.5));
#1262 = LINE('',#1263,#1264);
#1263 = CARTESIAN_POINT('',(33.372569510656,-0.746382552688,-0.5));
#1264 = VECTOR('',#1265,1.);
#1265 = DIRECTION('',(-1.,0.,0.));
#1266 = ORIENTED_EDGE('',*,*,#293,.F.);
#1267 = ORIENTED_EDGE('',*,*,#901,.F.);
#1268 = ORIENTED_EDGE('',*,*,#1269,.F.);
#1269 = EDGE_CURVE('',#1270,#892,#1272,.T.);
#1270 = VERTEX_POINT('',#1271);
#1271 = CARTESIAN_POINT('',(31.999854671399,0.753617447312,-0.5));
#1272 = LINE('',#1273,#1274);
#1273 = CARTESIAN_POINT('',(31.872569510656,0.753617447312,-0.5));
#1274 = VECTOR('',#1275,1.);
#1275 = DIRECTION('',(1.,0.,0.));
#1276 = ORIENTED_EDGE('',*,*,#1277,.T.);
#1277 = EDGE_CURVE('',#1270,#1278,#1280,.T.);
#1278 = VERTEX_POINT('',#1279);
#1279 = CARTESIAN_POINT('',(32.008727532464,0.,-0.5));
#1280 = CIRCLE('',#1281,32.008727532464);
#1281 = AXIS2_PLACEMENT_3D('',#1282,#1283,#1284);
#1282 = CARTESIAN_POINT('',(0.,0.,-0.5));
#1283 = DIRECTION('',(0.,0.,-1.));
#1284 = DIRECTION('',(1.,0.,0.));
#1285 = ORIENTED_EDGE('',*,*,#1286,.T.);
#1286 = EDGE_CURVE('',#1278,#1260,#1287,.T.);
#1287 = CIRCLE('',#1288,32.008727532464);
#1288 = AXIS2_PLACEMENT_3D('',#1289,#1290,#1291);
#1289 = CARTESIAN_POINT('',(0.,0.,-0.5));
#1290 = DIRECTION('',(0.,0.,-1.));
#1291 = DIRECTION('',(1.,0.,0.));
#1292 = PLANE('',#1293);
#1293 = AXIS2_PLACEMENT_3D('',#1294,#1295,#1296);
#1294 = CARTESIAN_POINT('',(32.622569510656,3.617447312049E-03,-0.5));
#1295 = DIRECTION('',(0.,0.,1.));
#1296 = DIRECTION('',(0.,1.,0.));
#1297 = ADVANCED_FACE('',(#1298),#1318,.F.);
#1298 = FACE_BOUND('',#1299,.F.);
#1299 = EDGE_LOOP('',(#1300,#1308,#1316,#1317));
#1300 = ORIENTED_EDGE('',*,*,#1301,.F.);
#1301 = EDGE_CURVE('',#1302,#883,#1304,.T.);
#1302 = VERTEX_POINT('',#1303);
#1303 = CARTESIAN_POINT('',(32.095884068367,0.753617447312,-6.));
#1304 = LINE('',#1305,#1306);
#1305 = CARTESIAN_POINT('',(31.872569510656,0.753617447312,-6.));
#1306 = VECTOR('',#1307,1.);
#1307 = DIRECTION('',(1.,0.,0.));
#1308 = ORIENTED_EDGE('',*,*,#1309,.T.);
#1309 = EDGE_CURVE('',#1302,#1270,#1310,.T.);
#1310 = B_SPLINE_CURVE_WITH_KNOTS('',4,(#1311,#1312,#1313,#1314,#1315),
  .UNSPECIFIED.,.F.,.F.,(5,5),(0.,1.),.PIECEWISE_BEZIER_KNOTS.);
#1311 = CARTESIAN_POINT('',(32.095884068364,0.753617447312,
    -5.99999999984));
#1312 = CARTESIAN_POINT('',(32.069694254477,0.753617447312,
    -4.499999999663));
#1313 = CARTESIAN_POINT('',(32.043504424895,0.753617447312,
    -2.999999999754));
#1314 = CARTESIAN_POINT('',(32.017314579534,0.753617447312,
    -1.499999999843));
#1315 = CARTESIAN_POINT('',(31.991124718321,0.753617447312,-8.000001E-11
    ));
#1316 = ORIENTED_EDGE('',*,*,#1269,.T.);
#1317 = ORIENTED_EDGE('',*,*,#891,.F.);
#1318 = PLANE('',#1319);
#1319 = AXIS2_PLACEMENT_3D('',#1320,#1321,#1322);
#1320 = CARTESIAN_POINT('',(31.872569510656,0.753617447312,-6.));
#1321 = DIRECTION('',(0.,1.,0.));
#1322 = DIRECTION('',(1.,0.,0.));
#1323 = ADVANCED_FACE('',(#1324),#1343,.F.);
#1324 = FACE_BOUND('',#1325,.F.);
#1325 = EDGE_LOOP('',(#1326,#1327,#1328,#1336));
#1326 = ORIENTED_EDGE('',*,*,#1301,.T.);
#1327 = ORIENTED_EDGE('',*,*,#882,.T.);
#1328 = ORIENTED_EDGE('',*,*,#1329,.T.);
#1329 = EDGE_CURVE('',#873,#1330,#1332,.T.);
#1330 = VERTEX_POINT('',#1331);
#1331 = CARTESIAN_POINT('',(29.938514797576,11.593060213,-6.));
#1332 = LINE('',#1333,#1334);
#1333 = CARTESIAN_POINT('',(31.117862155325,12.081561883328,-6.));
#1334 = VECTOR('',#1335,1.);
#1335 = DIRECTION('',(-0.923879532511,-0.382683432365,0.));
#1336 = ORIENTED_EDGE('',*,*,#1337,.F.);
#1337 = EDGE_CURVE('',#1302,#1330,#1338,.T.);
#1338 = CIRCLE('',#1339,32.104730389569);
#1339 = AXIS2_PLACEMENT_3D('',#1340,#1341,#1342);
#1340 = CARTESIAN_POINT('',(0.,0.,-6.));
#1341 = DIRECTION('',(0.,0.,1.));
#1342 = DIRECTION('',(1.,0.,0.));
#1343 = PLANE('',#1344);
#1344 = AXIS2_PLACEMENT_3D('',#1345,#1346,#1347);
#1345 = CARTESIAN_POINT('',(0.,0.,-6.));
#1346 = DIRECTION('',(0.,0.,1.));
#1347 = DIRECTION('',(1.,0.,0.));
#1348 = ADVANCED_FACE('',(#1349),#1369,.F.);
#1349 = FACE_BOUND('',#1350,.F.);
#1350 = EDGE_LOOP('',(#1351,#1352,#1353,#1361));
#1351 = ORIENTED_EDGE('',*,*,#1329,.F.);
#1352 = ORIENTED_EDGE('',*,*,#872,.F.);
#1353 = ORIENTED_EDGE('',*,*,#1354,.T.);
#1354 = EDGE_CURVE('',#864,#1355,#1357,.T.);
#1355 = VERTEX_POINT('',#1356);
#1356 = CARTESIAN_POINT('',(29.849795671917,11.55631154791,-0.5));
#1357 = LINE('',#1358,#1359);
#1358 = CARTESIAN_POINT('',(31.117862155325,12.081561883328,-0.5));
#1359 = VECTOR('',#1360,1.);
#1360 = DIRECTION('',(-0.923879532511,-0.382683432365,0.));
#1361 = ORIENTED_EDGE('',*,*,#1362,.T.);
#1362 = EDGE_CURVE('',#1355,#1330,#1363,.T.);
#1363 = B_SPLINE_CURVE_WITH_KNOTS('',4,(#1364,#1365,#1366,#1367,#1368),
  .UNSPECIFIED.,.F.,.F.,(5,5),(0.,1.),.PIECEWISE_BEZIER_KNOTS.);
#1364 = CARTESIAN_POINT('',(29.841730289699,11.55297075721,-8.000001E-11
    ));
#1365 = CARTESIAN_POINT('',(29.865926438147,11.562993130054,
    -1.499999999847));
#1366 = CARTESIAN_POINT('',(29.890122572229,11.573015496948,
    -2.999999999759));
#1367 = CARTESIAN_POINT('',(29.914318692013,11.583037857919,
    -4.499999999667));
#1368 = CARTESIAN_POINT('',(29.938514797574,11.593060212999,
    -5.99999999984));
#1369 = PLANE('',#1370);
#1370 = AXIS2_PLACEMENT_3D('',#1371,#1372,#1373);
#1371 = CARTESIAN_POINT('',(31.117862155325,12.081561883328,-6.));
#1372 = DIRECTION('',(0.382683432365,-0.923879532511,0.));
#1373 = DIRECTION('',(-0.923879532511,-0.382683432365,0.));
#1374 = ADVANCED_FACE('',(#1375),#1394,.F.);
#1375 = FACE_BOUND('',#1376,.F.);
#1376 = EDGE_LOOP('',(#1377,#1378,#1379,#1387));
#1377 = ORIENTED_EDGE('',*,*,#1354,.F.);
#1378 = ORIENTED_EDGE('',*,*,#863,.F.);
#1379 = ORIENTED_EDGE('',*,*,#1380,.F.);
#1380 = EDGE_CURVE('',#1381,#854,#1383,.T.);
#1381 = VERTEX_POINT('',#1382);
#1382 = CARTESIAN_POINT('',(29.275613862813,12.94206595575,-0.5));
#1383 = LINE('',#1384,#1385);
#1384 = CARTESIAN_POINT('',(29.15801770801,12.893356033548,-0.5));
#1385 = VECTOR('',#1386,1.);
#1386 = DIRECTION('',(0.923879532511,0.382683432365,0.));
#1387 = ORIENTED_EDGE('',*,*,#1388,.T.);
#1388 = EDGE_CURVE('',#1381,#1355,#1389,.T.);
#1389 = CIRCLE('',#1390,32.008727532464);
#1390 = AXIS2_PLACEMENT_3D('',#1391,#1392,#1393);
#1391 = CARTESIAN_POINT('',(0.,0.,-0.5));
#1392 = DIRECTION('',(0.,0.,-1.));
#1393 = DIRECTION('',(1.,0.,0.));
#1394 = PLANE('',#1395);
#1395 = AXIS2_PLACEMENT_3D('',#1396,#1397,#1398);
#1396 = CARTESIAN_POINT('',(30.137939931668,12.487458958438,-0.5));
#1397 = DIRECTION('',(0.,0.,1.));
#1398 = DIRECTION('',(-0.382683432365,0.923879532511,0.));
#1399 = ADVANCED_FACE('',(#1400),#1420,.F.);
#1400 = FACE_BOUND('',#1401,.F.);
#1401 = EDGE_LOOP('',(#1402,#1410,#1418,#1419));
#1402 = ORIENTED_EDGE('',*,*,#1403,.F.);
#1403 = EDGE_CURVE('',#1404,#845,#1406,.T.);
#1404 = VERTEX_POINT('',#1405);
#1405 = CARTESIAN_POINT('',(29.364333457192,12.978814814989,-6.));
#1406 = LINE('',#1407,#1408);
#1407 = CARTESIAN_POINT('',(29.15801770801,12.893356033548,-6.));
#1408 = VECTOR('',#1409,1.);
#1409 = DIRECTION('',(0.923879532511,0.382683432365,0.));
#1410 = ORIENTED_EDGE('',*,*,#1411,.T.);
#1411 = EDGE_CURVE('',#1404,#1381,#1412,.T.);
#1412 = B_SPLINE_CURVE_WITH_KNOTS('',4,(#1413,#1414,#1415,#1416,#1417),
  .UNSPECIFIED.,.F.,.F.,(5,5),(0.,1.),.PIECEWISE_BEZIER_KNOTS.);
#1413 = CARTESIAN_POINT('',(29.364333457189,12.978814814989,
    -5.99999999984));
#1414 = CARTESIAN_POINT('',(29.340137224179,12.968792407117,
    -4.499999999663));
#1415 = CARTESIAN_POINT('',(29.315940976667,12.95876999324,
    -2.999999999754));
#1416 = CARTESIAN_POINT('',(29.29174471458,12.948747573324,
    -1.499999999843));
#1417 = CARTESIAN_POINT('',(29.267548437845,12.938725147342,
    -8.000001E-11));
#1418 = ORIENTED_EDGE('',*,*,#1380,.T.);
#1419 = ORIENTED_EDGE('',*,*,#853,.F.);
#1420 = PLANE('',#1421);
#1421 = AXIS2_PLACEMENT_3D('',#1422,#1423,#1424);
#1422 = CARTESIAN_POINT('',(29.15801770801,12.893356033548,-6.));
#1423 = DIRECTION('',(-0.382683432365,0.923879532511,0.));
#1424 = DIRECTION('',(0.923879532511,0.382683432365,0.));
#1425 = ADVANCED_FACE('',(#1426),#1445,.F.);
#1426 = FACE_BOUND('',#1427,.F.);
#1427 = EDGE_LOOP('',(#1428,#1429,#1430,#1438));
#1428 = ORIENTED_EDGE('',*,*,#1403,.T.);
#1429 = ORIENTED_EDGE('',*,*,#844,.T.);
#1430 = ORIENTED_EDGE('',*,*,#1431,.T.);
#1431 = EDGE_CURVE('',#835,#1432,#1434,.T.);
#1432 = VERTEX_POINT('',#1433);
#1433 = CARTESIAN_POINT('',(23.223108981341,22.167564652611,-6.));
#1434 = LINE('',#1435,#1436);
#1435 = CARTESIAN_POINT('',(24.125742370969,23.070198042239,-6.));
#1436 = VECTOR('',#1437,1.);
#1437 = DIRECTION('',(-0.707106781187,-0.707106781187,0.));
#1438 = ORIENTED_EDGE('',*,*,#1439,.F.);
#1439 = EDGE_CURVE('',#1404,#1432,#1440,.T.);
#1440 = CIRCLE('',#1441,32.104730389569);
#1441 = AXIS2_PLACEMENT_3D('',#1442,#1443,#1444);
#1442 = CARTESIAN_POINT('',(0.,0.,-6.));
#1443 = DIRECTION('',(0.,0.,1.));
#1444 = DIRECTION('',(1.,0.,0.));
#1445 = PLANE('',#1446);
#1446 = AXIS2_PLACEMENT_3D('',#1447,#1448,#1449);
#1447 = CARTESIAN_POINT('',(0.,0.,-6.));
#1448 = DIRECTION('',(0.,0.,1.));
#1449 = DIRECTION('',(1.,0.,0.));
#1450 = ADVANCED_FACE('',(#1451),#1471,.F.);
#1451 = FACE_BOUND('',#1452,.F.);
#1452 = EDGE_LOOP('',(#1453,#1454,#1455,#1463));
#1453 = ORIENTED_EDGE('',*,*,#1431,.F.);
#1454 = ORIENTED_EDGE('',*,*,#834,.F.);
#1455 = ORIENTED_EDGE('',*,*,#1456,.T.);
#1456 = EDGE_CURVE('',#826,#1457,#1459,.T.);
#1457 = VERTEX_POINT('',#1458);
#1458 = CARTESIAN_POINT('',(23.155206302293,22.099661973563,-0.5));
#1459 = LINE('',#1460,#1461);
#1460 = CARTESIAN_POINT('',(24.125742370969,23.070198042239,-0.5));
#1461 = VECTOR('',#1462,1.);
#1462 = DIRECTION('',(-0.707106781187,-0.707106781187,0.));
#1463 = ORIENTED_EDGE('',*,*,#1464,.T.);
#1464 = EDGE_CURVE('',#1457,#1432,#1465,.T.);
#1465 = B_SPLINE_CURVE_WITH_KNOTS('',4,(#1466,#1467,#1468,#1469,#1470),
  .UNSPECIFIED.,.F.,.F.,(5,5),(0.,1.),.PIECEWISE_BEZIER_KNOTS.);
#1466 = CARTESIAN_POINT('',(23.149033325993,22.093488997263,
    -8.000001E-11));
#1467 = CARTESIAN_POINT('',(23.167552256269,22.112007927539,
    -1.499999999847));
#1468 = CARTESIAN_POINT('',(23.18607117555,22.13052684682,
    -2.999999999759));
#1469 = CARTESIAN_POINT('',(23.204590083888,22.149045755158,
    -4.499999999667));
#1470 = CARTESIAN_POINT('',(23.223108981339,22.167564652609,
    -5.99999999984));
#1471 = PLANE('',#1472);
#1472 = AXIS2_PLACEMENT_3D('',#1473,#1474,#1475);
#1473 = CARTESIAN_POINT('',(24.125742370969,23.070198042239,-6.));
#1474 = DIRECTION('',(0.707106781187,-0.707106781187,0.));
#1475 = DIRECTION('',(-0.707106781187,-0.707106781187,0.));
#1476 = ADVANCED_FACE('',(#1477),#1496,.F.);
#1477 = FACE_BOUND('',#1478,.F.);
#1478 = EDGE_LOOP('',(#1479,#1480,#1481,#1489));
#1479 = ORIENTED_EDGE('',*,*,#1456,.F.);
#1480 = ORIENTED_EDGE('',*,*,#825,.F.);
#1481 = ORIENTED_EDGE('',*,*,#1482,.F.);
#1482 = EDGE_CURVE('',#1483,#816,#1485,.T.);
#1483 = VERTEX_POINT('',#1484);
#1484 = CARTESIAN_POINT('',(22.094426227715,23.160202242545,-0.5));
#1485 = LINE('',#1486,#1487);
#1486 = CARTESIAN_POINT('',(22.004422027409,23.070198042239,-0.5));
#1487 = VECTOR('',#1488,1.);
#1488 = DIRECTION('',(0.707106781187,0.707106781187,0.));
#1489 = ORIENTED_EDGE('',*,*,#1490,.T.);
#1490 = EDGE_CURVE('',#1483,#1457,#1491,.T.);
#1491 = CIRCLE('',#1492,32.008727532464);
#1492 = AXIS2_PLACEMENT_3D('',#1493,#1494,#1495);
#1493 = CARTESIAN_POINT('',(0.,0.,-0.5));
#1494 = DIRECTION('',(0.,0.,-1.));
#1495 = DIRECTION('',(1.,0.,0.));
#1496 = PLANE('',#1497);
#1497 = AXIS2_PLACEMENT_3D('',#1498,#1499,#1500);
#1498 = CARTESIAN_POINT('',(23.065082199189,23.070198042239,-0.5));
#1499 = DIRECTION('',(0.,0.,1.));
#1500 = DIRECTION('',(-0.707106781187,0.707106781187,0.));
#1501 = ADVANCED_FACE('',(#1502),#1522,.F.);
#1502 = FACE_BOUND('',#1503,.F.);
#1503 = EDGE_LOOP('',(#1504,#1512,#1520,#1521));
#1504 = ORIENTED_EDGE('',*,*,#1505,.F.);
#1505 = EDGE_CURVE('',#1506,#807,#1508,.T.);
#1506 = VERTEX_POINT('',#1507);
#1507 = CARTESIAN_POINT('',(22.162329265505,23.228105280334,-6.));
#1508 = LINE('',#1509,#1510);
#1509 = CARTESIAN_POINT('',(22.004422027409,23.070198042239,-6.));
#1510 = VECTOR('',#1511,1.);
#1511 = DIRECTION('',(0.707106781187,0.707106781187,0.));
#1512 = ORIENTED_EDGE('',*,*,#1513,.T.);
#1513 = EDGE_CURVE('',#1506,#1483,#1514,.T.);
#1514 = B_SPLINE_CURVE_WITH_KNOTS('',4,(#1515,#1516,#1517,#1518,#1519),
  .UNSPECIFIED.,.F.,.F.,(5,5),(0.,1.),.PIECEWISE_BEZIER_KNOTS.);
#1515 = CARTESIAN_POINT('',(22.162329265503,23.228105280332,
    -5.99999999984));
#1516 = CARTESIAN_POINT('',(22.143810270505,23.209586285335,
    -4.499999999663));
#1517 = CARTESIAN_POINT('',(22.125291264409,23.191067279239,
    -2.999999999754));
#1518 = CARTESIAN_POINT('',(22.106772247157,23.172548261987,
    -1.499999999843));
#1519 = CARTESIAN_POINT('',(22.088253218695,23.154029233525,
    -8.000001E-11));
#1520 = ORIENTED_EDGE('',*,*,#1482,.T.);
#1521 = ORIENTED_EDGE('',*,*,#815,.F.);
#1522 = PLANE('',#1523);
#1523 = AXIS2_PLACEMENT_3D('',#1524,#1525,#1526);
#1524 = CARTESIAN_POINT('',(22.004422027409,23.070198042239,-6.));
#1525 = DIRECTION('',(-0.707106781187,0.707106781187,0.));
#1526 = DIRECTION('',(0.707106781187,0.707106781187,0.));
#1527 = ADVANCED_FACE('',(#1528),#1547,.F.);
#1528 = FACE_BOUND('',#1529,.F.);
#1529 = EDGE_LOOP('',(#1530,#1531,#1532,#1540));
#1530 = ORIENTED_EDGE('',*,*,#1505,.T.);
#1531 = ORIENTED_EDGE('',*,*,#806,.T.);
#1532 = ORIENTED_EDGE('',*,*,#1533,.T.);
#1533 = EDGE_CURVE('',#797,#1534,#1536,.T.);
#1534 = VERTEX_POINT('',#1535);
#1535 = CARTESIAN_POINT('',(12.972195340703,29.367258323336,-6.));
#1536 = LINE('',#1537,#1538);
#1537 = CARTESIAN_POINT('',(13.460697011032,30.546605681085,-6.));
#1538 = VECTOR('',#1539,1.);
#1539 = DIRECTION('',(-0.382683432365,-0.923879532511,0.));
#1540 = ORIENTED_EDGE('',*,*,#1541,.F.);
#1541 = EDGE_CURVE('',#1506,#1534,#1542,.T.);
#1542 = CIRCLE('',#1543,32.104730389569);
#1543 = AXIS2_PLACEMENT_3D('',#1544,#1545,#1546);
#1544 = CARTESIAN_POINT('',(0.,0.,-6.));
#1545 = DIRECTION('',(0.,0.,1.));
#1546 = DIRECTION('',(1.,0.,0.));
#1547 = PLANE('',#1548);
#1548 = AXIS2_PLACEMENT_3D('',#1549,#1550,#1551);
#1549 = CARTESIAN_POINT('',(0.,0.,-6.));
#1550 = DIRECTION('',(0.,0.,1.));
#1551 = DIRECTION('',(1.,0.,0.));
#1552 = ADVANCED_FACE('',(#1553),#1573,.F.);
#1553 = FACE_BOUND('',#1554,.F.);
#1554 = EDGE_LOOP('',(#1555,#1556,#1557,#1565));
#1555 = ORIENTED_EDGE('',*,*,#1533,.F.);
#1556 = ORIENTED_EDGE('',*,*,#796,.F.);
#1557 = ORIENTED_EDGE('',*,*,#1558,.T.);
#1558 = EDGE_CURVE('',#788,#1559,#1561,.T.);
#1559 = VERTEX_POINT('',#1560);
#1560 = CARTESIAN_POINT('',(12.935446675614,29.278539197677,-0.5));
#1561 = LINE('',#1562,#1563);
#1562 = CARTESIAN_POINT('',(13.460697011032,30.546605681085,-0.5));
#1563 = VECTOR('',#1564,1.);
#1564 = DIRECTION('',(-0.382683432365,-0.923879532511,0.));
#1565 = ORIENTED_EDGE('',*,*,#1566,.T.);
#1566 = EDGE_CURVE('',#1559,#1534,#1567,.T.);
#1567 = B_SPLINE_CURVE_WITH_KNOTS('',4,(#1568,#1569,#1570,#1571,#1572),
  .UNSPECIFIED.,.F.,.F.,(5,5),(0.,1.),.PIECEWISE_BEZIER_KNOTS.);
#1568 = CARTESIAN_POINT('',(12.932105884913,29.270473815459,
    -8.000001E-11));
#1569 = CARTESIAN_POINT('',(12.942128257758,29.294669963907,
    -1.499999999847));
#1570 = CARTESIAN_POINT('',(12.952150624652,29.318866097989,
    -2.999999999759));
#1571 = CARTESIAN_POINT('',(12.962172985623,29.343062217773,
    -4.499999999667));
#1572 = CARTESIAN_POINT('',(12.972195340703,29.367258323334,
    -5.99999999984));
#1573 = PLANE('',#1574);
#1574 = AXIS2_PLACEMENT_3D('',#1575,#1576,#1577);
#1575 = CARTESIAN_POINT('',(13.460697011032,30.546605681085,-6.));
#1576 = DIRECTION('',(0.923879532511,-0.382683432365,0.));
#1577 = DIRECTION('',(-0.382683432365,-0.923879532511,0.));
#1578 = ADVANCED_FACE('',(#1579),#1598,.F.);
#1579 = FACE_BOUND('',#1580,.F.);
#1580 = EDGE_LOOP('',(#1581,#1582,#1583,#1591));
#1581 = ORIENTED_EDGE('',*,*,#1558,.F.);
#1582 = ORIENTED_EDGE('',*,*,#787,.F.);
#1583 = ORIENTED_EDGE('',*,*,#1584,.F.);
#1584 = EDGE_CURVE('',#1585,#778,#1587,.T.);
#1585 = VERTEX_POINT('',#1586);
#1586 = CARTESIAN_POINT('',(11.54956248592,29.852407685668,-0.5));
#1587 = LINE('',#1588,#1589);
#1588 = CARTESIAN_POINT('',(11.500852563718,29.734811530866,-0.5));
#1589 = VECTOR('',#1590,1.);
#1590 = DIRECTION('',(0.382683432365,0.923879532511,0.));
#1591 = ORIENTED_EDGE('',*,*,#1592,.T.);
#1592 = EDGE_CURVE('',#1585,#1559,#1593,.T.);
#1593 = CIRCLE('',#1594,32.008727532464);
#1594 = AXIS2_PLACEMENT_3D('',#1595,#1596,#1597);
#1595 = CARTESIAN_POINT('',(0.,0.,-0.5));
#1596 = DIRECTION('',(0.,0.,-1.));
#1597 = DIRECTION('',(1.,0.,0.));
#1598 = PLANE('',#1599);
#1599 = AXIS2_PLACEMENT_3D('',#1600,#1601,#1602);
#1600 = CARTESIAN_POINT('',(12.480774787375,30.140708605975,-0.5));
#1601 = DIRECTION('',(0.,0.,1.));
#1602 = DIRECTION('',(-0.923879532511,0.382683432365,0.));
#1603 = ADVANCED_FACE('',(#1604),#1624,.F.);
#1604 = FACE_BOUND('',#1605,.F.);
#1605 = EDGE_LOOP('',(#1606,#1614,#1622,#1623));
#1606 = ORIENTED_EDGE('',*,*,#1607,.F.);
#1607 = EDGE_CURVE('',#1608,#769,#1610,.T.);
#1608 = VERTEX_POINT('',#1609);
#1609 = CARTESIAN_POINT('',(11.586311345159,29.941127280047,-6.));
#1610 = LINE('',#1611,#1612);
#1611 = CARTESIAN_POINT('',(11.500852563718,29.734811530866,-6.));
#1612 = VECTOR('',#1613,1.);
#1613 = DIRECTION('',(0.382683432365,0.923879532511,0.));
#1614 = ORIENTED_EDGE('',*,*,#1615,.T.);
#1615 = EDGE_CURVE('',#1608,#1585,#1616,.T.);
#1616 = B_SPLINE_CURVE_WITH_KNOTS('',4,(#1617,#1618,#1619,#1620,#1621),
  .UNSPECIFIED.,.F.,.F.,(5,5),(0.,1.),.PIECEWISE_BEZIER_KNOTS.);
#1617 = CARTESIAN_POINT('',(11.586311345159,29.941127280044,
    -5.99999999984));
#1618 = CARTESIAN_POINT('',(11.576288937287,29.916931047034,
    -4.499999999663));
#1619 = CARTESIAN_POINT('',(11.56626652341,29.892734799523,
    -2.999999999754));
#1620 = CARTESIAN_POINT('',(11.556244103494,29.868538537435,
    -1.499999999843));
#1621 = CARTESIAN_POINT('',(11.546221677512,29.844342260701,
    -8.000001E-11));
#1622 = ORIENTED_EDGE('',*,*,#1584,.T.);
#1623 = ORIENTED_EDGE('',*,*,#777,.F.);
#1624 = PLANE('',#1625);
#1625 = AXIS2_PLACEMENT_3D('',#1626,#1627,#1628);
#1626 = CARTESIAN_POINT('',(11.500852563718,29.734811530866,-6.));
#1627 = DIRECTION('',(-0.923879532511,0.382683432365,0.));
#1628 = DIRECTION('',(0.382683432365,0.923879532511,0.));
#1629 = ADVANCED_FACE('',(#1630),#1649,.F.);
#1630 = FACE_BOUND('',#1631,.F.);
#1631 = EDGE_LOOP('',(#1632,#1633,#1634,#1642));
#1632 = ORIENTED_EDGE('',*,*,#1607,.T.);
#1633 = ORIENTED_EDGE('',*,*,#768,.T.);
#1634 = ORIENTED_EDGE('',*,*,#1635,.T.);
#1635 = EDGE_CURVE('',#759,#1636,#1638,.T.);
#1636 = VERTEX_POINT('',#1637);
#1637 = CARTESIAN_POINT('',(0.746382552688,32.096053129193,-6.));
#1638 = LINE('',#1639,#1640);
#1639 = CARTESIAN_POINT('',(0.746382552688,33.372569510656,-6.));
#1640 = VECTOR('',#1641,1.);
#1641 = DIRECTION('',(0.,-1.,0.));
#1642 = ORIENTED_EDGE('',*,*,#1643,.F.);
#1643 = EDGE_CURVE('',#1608,#1636,#1644,.T.);
#1644 = CIRCLE('',#1645,32.104730389569);
#1645 = AXIS2_PLACEMENT_3D('',#1646,#1647,#1648);
#1646 = CARTESIAN_POINT('',(0.,0.,-6.));
#1647 = DIRECTION('',(0.,0.,1.));
#1648 = DIRECTION('',(1.,0.,0.));
#1649 = PLANE('',#1650);
#1650 = AXIS2_PLACEMENT_3D('',#1651,#1652,#1653);
#1651 = CARTESIAN_POINT('',(0.,0.,-6.));
#1652 = DIRECTION('',(0.,0.,1.));
#1653 = DIRECTION('',(1.,0.,0.));
#1654 = ADVANCED_FACE('',(#1655),#1675,.F.);
#1655 = FACE_BOUND('',#1656,.F.);
#1656 = EDGE_LOOP('',(#1657,#1658,#1659,#1667));
#1657 = ORIENTED_EDGE('',*,*,#1635,.F.);
#1658 = ORIENTED_EDGE('',*,*,#758,.F.);
#1659 = ORIENTED_EDGE('',*,*,#1660,.T.);
#1660 = EDGE_CURVE('',#750,#1661,#1663,.T.);
#1661 = VERTEX_POINT('',#1662);
#1662 = CARTESIAN_POINT('',(0.746382552688,32.000024239562,-0.5));
#1663 = LINE('',#1664,#1665);
#1664 = CARTESIAN_POINT('',(0.746382552688,33.372569510656,-0.5));
#1665 = VECTOR('',#1666,1.);
#1666 = DIRECTION('',(0.,-1.,0.));
#1667 = ORIENTED_EDGE('',*,*,#1668,.T.);
#1668 = EDGE_CURVE('',#1661,#1636,#1669,.T.);
#1669 = B_SPLINE_CURVE_WITH_KNOTS('',4,(#1670,#1671,#1672,#1673,#1674),
  .UNSPECIFIED.,.F.,.F.,(5,5),(0.,1.),.PIECEWISE_BEZIER_KNOTS.);
#1670 = CARTESIAN_POINT('',(0.746382552688,31.991294332758,-8.000001E-11
    ));
#1671 = CARTESIAN_POINT('',(0.746382552688,32.017484055115,
    -1.499999999847));
#1672 = CARTESIAN_POINT('',(0.746382552688,32.043673761923,
    -2.999999999759));
#1673 = CARTESIAN_POINT('',(0.746382552688,32.069863453254,
    -4.499999999667));
#1674 = CARTESIAN_POINT('',(0.746382552688,32.09605312919,-5.99999999984
    ));
#1675 = PLANE('',#1676);
#1676 = AXIS2_PLACEMENT_3D('',#1677,#1678,#1679);
#1677 = CARTESIAN_POINT('',(0.746382552688,33.372569510656,-6.));
#1678 = DIRECTION('',(1.,0.,0.));
#1679 = DIRECTION('',(0.,-1.,0.));
#1680 = ADVANCED_FACE('',(#1681),#1700,.F.);
#1681 = FACE_BOUND('',#1682,.F.);
#1682 = EDGE_LOOP('',(#1683,#1684,#1685,#1693));
#1683 = ORIENTED_EDGE('',*,*,#1660,.F.);
#1684 = ORIENTED_EDGE('',*,*,#749,.F.);
#1685 = ORIENTED_EDGE('',*,*,#1686,.F.);
#1686 = EDGE_CURVE('',#1687,#740,#1689,.T.);
#1687 = VERTEX_POINT('',#1688);
#1688 = CARTESIAN_POINT('',(-0.753617447312,31.999854671399,-0.5));
#1689 = LINE('',#1690,#1691);
#1690 = CARTESIAN_POINT('',(-0.753617447312,31.872569510656,-0.5));
#1691 = VECTOR('',#1692,1.);
#1692 = DIRECTION('',(0.,1.,0.));
#1693 = ORIENTED_EDGE('',*,*,#1694,.T.);
#1694 = EDGE_CURVE('',#1687,#1661,#1695,.T.);
#1695 = CIRCLE('',#1696,32.008727532464);
#1696 = AXIS2_PLACEMENT_3D('',#1697,#1698,#1699);
#1697 = CARTESIAN_POINT('',(0.,0.,-0.5));
#1698 = DIRECTION('',(0.,0.,-1.));
#1699 = DIRECTION('',(1.,0.,0.));
#1700 = PLANE('',#1701);
#1701 = AXIS2_PLACEMENT_3D('',#1702,#1703,#1704);
#1702 = CARTESIAN_POINT('',(-3.617447312049E-03,32.622569510656,-0.5));
#1703 = DIRECTION('',(0.,0.,1.));
#1704 = DIRECTION('',(-1.,0.,0.));
#1705 = ADVANCED_FACE('',(#1706),#1726,.F.);
#1706 = FACE_BOUND('',#1707,.F.);
#1707 = EDGE_LOOP('',(#1708,#1716,#1724,#1725));
#1708 = ORIENTED_EDGE('',*,*,#1709,.F.);
#1709 = EDGE_CURVE('',#1710,#731,#1712,.T.);
#1710 = VERTEX_POINT('',#1711);
#1711 = CARTESIAN_POINT('',(-0.753617447311,32.095884068367,-6.));
#1712 = LINE('',#1713,#1714);
#1713 = CARTESIAN_POINT('',(-0.753617447312,31.872569510656,-6.));
#1714 = VECTOR('',#1715,1.);
#1715 = DIRECTION('',(0.,1.,0.));
#1716 = ORIENTED_EDGE('',*,*,#1717,.T.);
#1717 = EDGE_CURVE('',#1710,#1687,#1718,.T.);
#1718 = B_SPLINE_CURVE_WITH_KNOTS('',4,(#1719,#1720,#1721,#1722,#1723),
  .UNSPECIFIED.,.F.,.F.,(5,5),(0.,1.),.PIECEWISE_BEZIER_KNOTS.);
#1719 = CARTESIAN_POINT('',(-0.753617447312,32.095884068364,
    -5.99999999984));
#1720 = CARTESIAN_POINT('',(-0.753617447312,32.069694254477,
    -4.499999999663));
#1721 = CARTESIAN_POINT('',(-0.753617447312,32.043504424895,
    -2.999999999754));
#1722 = CARTESIAN_POINT('',(-0.753617447312,32.017314579534,
    -1.499999999843));
#1723 = CARTESIAN_POINT('',(-0.753617447312,31.991124718321,
    -8.000001E-11));
#1724 = ORIENTED_EDGE('',*,*,#1686,.T.);
#1725 = ORIENTED_EDGE('',*,*,#739,.F.);
#1726 = PLANE('',#1727);
#1727 = AXIS2_PLACEMENT_3D('',#1728,#1729,#1730);
#1728 = CARTESIAN_POINT('',(-0.753617447312,31.872569510656,-6.));
#1729 = DIRECTION('',(-1.,0.,0.));
#1730 = DIRECTION('',(0.,1.,0.));
#1731 = ADVANCED_FACE('',(#1732),#1751,.F.);
#1732 = FACE_BOUND('',#1733,.F.);
#1733 = EDGE_LOOP('',(#1734,#1735,#1736,#1744));
#1734 = ORIENTED_EDGE('',*,*,#1709,.T.);
#1735 = ORIENTED_EDGE('',*,*,#730,.T.);
#1736 = ORIENTED_EDGE('',*,*,#1737,.T.);
#1737 = EDGE_CURVE('',#721,#1738,#1740,.T.);
#1738 = VERTEX_POINT('',#1739);
#1739 = CARTESIAN_POINT('',(-11.593060213,29.938514797576,-6.));
#1740 = LINE('',#1741,#1742);
#1741 = CARTESIAN_POINT('',(-12.08156188332,31.117862155325,-6.));
#1742 = VECTOR('',#1743,1.);
#1743 = DIRECTION('',(0.382683432365,-0.923879532511,0.));
#1744 = ORIENTED_EDGE('',*,*,#1745,.F.);
#1745 = EDGE_CURVE('',#1710,#1738,#1746,.T.);
#1746 = CIRCLE('',#1747,32.104730389569);
#1747 = AXIS2_PLACEMENT_3D('',#1748,#1749,#1750);
#1748 = CARTESIAN_POINT('',(0.,0.,-6.));
#1749 = DIRECTION('',(0.,0.,1.));
#1750 = DIRECTION('',(1.,0.,0.));
#1751 = PLANE('',#1752);
#1752 = AXIS2_PLACEMENT_3D('',#1753,#1754,#1755);
#1753 = CARTESIAN_POINT('',(0.,0.,-6.));
#1754 = DIRECTION('',(0.,0.,1.));
#1755 = DIRECTION('',(1.,0.,0.));
#1756 = ADVANCED_FACE('',(#1757),#1777,.F.);
#1757 = FACE_BOUND('',#1758,.F.);
#1758 = EDGE_LOOP('',(#1759,#1760,#1761,#1769));
#1759 = ORIENTED_EDGE('',*,*,#1737,.F.);
#1760 = ORIENTED_EDGE('',*,*,#720,.F.);
#1761 = ORIENTED_EDGE('',*,*,#1762,.T.);
#1762 = EDGE_CURVE('',#712,#1763,#1765,.T.);
#1763 = VERTEX_POINT('',#1764);
#1764 = CARTESIAN_POINT('',(-11.55631154791,29.849795671917,-0.5));
#1765 = LINE('',#1766,#1767);
#1766 = CARTESIAN_POINT('',(-12.08156188332,31.117862155325,-0.5));
#1767 = VECTOR('',#1768,1.);
#1768 = DIRECTION('',(0.382683432365,-0.923879532511,0.));
#1769 = ORIENTED_EDGE('',*,*,#1770,.T.);
#1770 = EDGE_CURVE('',#1763,#1738,#1771,.T.);
#1771 = B_SPLINE_CURVE_WITH_KNOTS('',4,(#1772,#1773,#1774,#1775,#1776),
  .UNSPECIFIED.,.F.,.F.,(5,5),(0.,1.),.PIECEWISE_BEZIER_KNOTS.);
#1772 = CARTESIAN_POINT('',(-11.55297075721,29.841730289699,
    -8.000001E-11));
#1773 = CARTESIAN_POINT('',(-11.56299313005,29.865926438147,
    -1.499999999847));
#1774 = CARTESIAN_POINT('',(-11.57301549694,29.890122572229,
    -2.999999999759));
#1775 = CARTESIAN_POINT('',(-11.58303785791,29.914318692013,
    -4.499999999667));
#1776 = CARTESIAN_POINT('',(-11.59306021299,29.938514797574,
    -5.99999999984));
#1777 = PLANE('',#1778);
#1778 = AXIS2_PLACEMENT_3D('',#1779,#1780,#1781);
#1779 = CARTESIAN_POINT('',(-12.08156188332,31.117862155325,-6.));
#1780 = DIRECTION('',(0.923879532511,0.382683432365,0.));
#1781 = DIRECTION('',(0.382683432365,-0.923879532511,0.));
#1782 = ADVANCED_FACE('',(#1783),#1802,.F.);
#1783 = FACE_BOUND('',#1784,.F.);
#1784 = EDGE_LOOP('',(#1785,#1786,#1787,#1795));
#1785 = ORIENTED_EDGE('',*,*,#1762,.F.);
#1786 = ORIENTED_EDGE('',*,*,#711,.F.);
#1787 = ORIENTED_EDGE('',*,*,#1788,.F.);
#1788 = EDGE_CURVE('',#1789,#702,#1791,.T.);
#1789 = VERTEX_POINT('',#1790);
#1790 = CARTESIAN_POINT('',(-12.94206595575,29.275613862813,-0.5));
#1791 = LINE('',#1792,#1793);
#1792 = CARTESIAN_POINT('',(-12.89335603354,29.15801770801,-0.5));
#1793 = VECTOR('',#1794,1.);
#1794 = DIRECTION('',(-0.382683432365,0.923879532511,0.));
#1795 = ORIENTED_EDGE('',*,*,#1796,.T.);
#1796 = EDGE_CURVE('',#1789,#1763,#1797,.T.);
#1797 = CIRCLE('',#1798,32.008727532464);
#1798 = AXIS2_PLACEMENT_3D('',#1799,#1800,#1801);
#1799 = CARTESIAN_POINT('',(0.,0.,-0.5));
#1800 = DIRECTION('',(0.,0.,-1.));
#1801 = DIRECTION('',(1.,0.,0.));
#1802 = PLANE('',#1803);
#1803 = AXIS2_PLACEMENT_3D('',#1804,#1805,#1806);
#1804 = CARTESIAN_POINT('',(-12.48745895843,30.137939931668,-0.5));
#1805 = DIRECTION('',(0.,0.,1.));
#1806 = DIRECTION('',(-0.923879532511,-0.382683432365,0.));
#1807 = ADVANCED_FACE('',(#1808),#1828,.F.);
#1808 = FACE_BOUND('',#1809,.F.);
#1809 = EDGE_LOOP('',(#1810,#1818,#1826,#1827));
#1810 = ORIENTED_EDGE('',*,*,#1811,.F.);
#1811 = EDGE_CURVE('',#1812,#693,#1814,.T.);
#1812 = VERTEX_POINT('',#1813);
#1813 = CARTESIAN_POINT('',(-12.97881481498,29.364333457192,-6.));
#1814 = LINE('',#1815,#1816);
#1815 = CARTESIAN_POINT('',(-12.89335603354,29.15801770801,-6.));
#1816 = VECTOR('',#1817,1.);
#1817 = DIRECTION('',(-0.382683432365,0.923879532511,0.));
#1818 = ORIENTED_EDGE('',*,*,#1819,.T.);
#1819 = EDGE_CURVE('',#1812,#1789,#1820,.T.);
#1820 = B_SPLINE_CURVE_WITH_KNOTS('',4,(#1821,#1822,#1823,#1824,#1825),
  .UNSPECIFIED.,.F.,.F.,(5,5),(0.,1.),.PIECEWISE_BEZIER_KNOTS.);
#1821 = CARTESIAN_POINT('',(-12.97881481498,29.364333457189,
    -5.99999999984));
#1822 = CARTESIAN_POINT('',(-12.96879240711,29.340137224179,
    -4.499999999663));
#1823 = CARTESIAN_POINT('',(-12.95876999324,29.315940976667,
    -2.999999999754));
#1824 = CARTESIAN_POINT('',(-12.94874757332,29.29174471458,
    -1.499999999843));
#1825 = CARTESIAN_POINT('',(-12.93872514734,29.267548437845,
    -8.000001E-11));
#1826 = ORIENTED_EDGE('',*,*,#1788,.T.);
#1827 = ORIENTED_EDGE('',*,*,#701,.F.);
#1828 = PLANE('',#1829);
#1829 = AXIS2_PLACEMENT_3D('',#1830,#1831,#1832);
#1830 = CARTESIAN_POINT('',(-12.89335603354,29.15801770801,-6.));
#1831 = DIRECTION('',(-0.923879532511,-0.382683432365,0.));
#1832 = DIRECTION('',(-0.382683432365,0.923879532511,0.));
#1833 = ADVANCED_FACE('',(#1834),#1853,.F.);
#1834 = FACE_BOUND('',#1835,.F.);
#1835 = EDGE_LOOP('',(#1836,#1837,#1838,#1846));
#1836 = ORIENTED_EDGE('',*,*,#1811,.T.);
#1837 = ORIENTED_EDGE('',*,*,#692,.T.);
#1838 = ORIENTED_EDGE('',*,*,#1839,.T.);
#1839 = EDGE_CURVE('',#683,#1840,#1842,.T.);
#1840 = VERTEX_POINT('',#1841);
#1841 = CARTESIAN_POINT('',(-22.16756465261,23.223108981341,-6.));
#1842 = LINE('',#1843,#1844);
#1843 = CARTESIAN_POINT('',(-23.07019804223,24.125742370969,-6.));
#1844 = VECTOR('',#1845,1.);
#1845 = DIRECTION('',(0.707106781187,-0.707106781187,0.));
#1846 = ORIENTED_EDGE('',*,*,#1847,.F.);
#1847 = EDGE_CURVE('',#1812,#1840,#1848,.T.);
#1848 = CIRCLE('',#1849,32.104730389569);
#1849 = AXIS2_PLACEMENT_3D('',#1850,#1851,#1852);
#1850 = CARTESIAN_POINT('',(0.,0.,-6.));
#1851 = DIRECTION('',(0.,0.,1.));
#1852 = DIRECTION('',(1.,0.,0.));
#1853 = PLANE('',#1854);
#1854 = AXIS2_PLACEMENT_3D('',#1855,#1856,#1857);
#1855 = CARTESIAN_POINT('',(0.,0.,-6.));
#1856 = DIRECTION('',(0.,0.,1.));
#1857 = DIRECTION('',(1.,0.,0.));
#1858 = ADVANCED_FACE('',(#1859),#1879,.F.);
#1859 = FACE_BOUND('',#1860,.F.);
#1860 = EDGE_LOOP('',(#1861,#1862,#1863,#1871));
#1861 = ORIENTED_EDGE('',*,*,#1839,.F.);
#1862 = ORIENTED_EDGE('',*,*,#682,.F.);
#1863 = ORIENTED_EDGE('',*,*,#1864,.T.);
#1864 = EDGE_CURVE('',#674,#1865,#1867,.T.);
#1865 = VERTEX_POINT('',#1866);
#1866 = CARTESIAN_POINT('',(-22.09966197356,23.155206302293,-0.5));
#1867 = LINE('',#1868,#1869);
#1868 = CARTESIAN_POINT('',(-23.07019804223,24.125742370969,-0.5));
#1869 = VECTOR('',#1870,1.);
#1870 = DIRECTION('',(0.707106781187,-0.707106781187,0.));
#1871 = ORIENTED_EDGE('',*,*,#1872,.T.);
#1872 = EDGE_CURVE('',#1865,#1840,#1873,.T.);
#1873 = B_SPLINE_CURVE_WITH_KNOTS('',4,(#1874,#1875,#1876,#1877,#1878),
  .UNSPECIFIED.,.F.,.F.,(5,5),(0.,1.),.PIECEWISE_BEZIER_KNOTS.);
#1874 = CARTESIAN_POINT('',(-22.09348899726,23.149033325993,
    -8.000001E-11));
#1875 = CARTESIAN_POINT('',(-22.11200792753,23.167552256269,
    -1.499999999847));
#1876 = CARTESIAN_POINT('',(-22.13052684682,23.18607117555,
    -2.999999999759));
#1877 = CARTESIAN_POINT('',(-22.14904575515,23.204590083888,
    -4.499999999667));
#1878 = CARTESIAN_POINT('',(-22.1675646526,23.223108981339,
    -5.99999999984));
#1879 = PLANE('',#1880);
#1880 = AXIS2_PLACEMENT_3D('',#1881,#1882,#1883);
#1881 = CARTESIAN_POINT('',(-23.07019804223,24.125742370969,-6.));
#1882 = DIRECTION('',(0.707106781187,0.707106781187,0.));
#1883 = DIRECTION('',(0.707106781187,-0.707106781187,0.));
#1884 = ADVANCED_FACE('',(#1885),#1904,.F.);
#1885 = FACE_BOUND('',#1886,.F.);
#1886 = EDGE_LOOP('',(#1887,#1888,#1889,#1897));
#1887 = ORIENTED_EDGE('',*,*,#1864,.F.);
#1888 = ORIENTED_EDGE('',*,*,#673,.F.);
#1889 = ORIENTED_EDGE('',*,*,#1890,.F.);
#1890 = EDGE_CURVE('',#1891,#664,#1893,.T.);
#1891 = VERTEX_POINT('',#1892);
#1892 = CARTESIAN_POINT('',(-23.16020224254,22.094426227715,-0.5));
#1893 = LINE('',#1894,#1895);
#1894 = CARTESIAN_POINT('',(-23.07019804223,22.004422027409,-0.5));
#1895 = VECTOR('',#1896,1.);
#1896 = DIRECTION('',(-0.707106781187,0.707106781187,0.));
#1897 = ORIENTED_EDGE('',*,*,#1898,.T.);
#1898 = EDGE_CURVE('',#1891,#1865,#1899,.T.);
#1899 = CIRCLE('',#1900,32.008727532464);
#1900 = AXIS2_PLACEMENT_3D('',#1901,#1902,#1903);
#1901 = CARTESIAN_POINT('',(0.,0.,-0.5));
#1902 = DIRECTION('',(0.,0.,-1.));
#1903 = DIRECTION('',(1.,0.,0.));
#1904 = PLANE('',#1905);
#1905 = AXIS2_PLACEMENT_3D('',#1906,#1907,#1908);
#1906 = CARTESIAN_POINT('',(-23.07019804223,23.065082199189,-0.5));
#1907 = DIRECTION('',(0.,0.,1.));
#1908 = DIRECTION('',(-0.707106781187,-0.707106781187,0.));
#1909 = ADVANCED_FACE('',(#1910),#1930,.F.);
#1910 = FACE_BOUND('',#1911,.F.);
#1911 = EDGE_LOOP('',(#1912,#1920,#1928,#1929));
#1912 = ORIENTED_EDGE('',*,*,#1913,.F.);
#1913 = EDGE_CURVE('',#1914,#655,#1916,.T.);
#1914 = VERTEX_POINT('',#1915);
#1915 = CARTESIAN_POINT('',(-23.22810528033,22.162329265505,-6.));
#1916 = LINE('',#1917,#1918);
#1917 = CARTESIAN_POINT('',(-23.07019804223,22.004422027409,-6.));
#1918 = VECTOR('',#1919,1.);
#1919 = DIRECTION('',(-0.707106781187,0.707106781187,0.));
#1920 = ORIENTED_EDGE('',*,*,#1921,.T.);
#1921 = EDGE_CURVE('',#1914,#1891,#1922,.T.);
#1922 = B_SPLINE_CURVE_WITH_KNOTS('',4,(#1923,#1924,#1925,#1926,#1927),
  .UNSPECIFIED.,.F.,.F.,(5,5),(0.,1.),.PIECEWISE_BEZIER_KNOTS.);
#1923 = CARTESIAN_POINT('',(-23.22810528033,22.162329265503,
    -5.99999999984));
#1924 = CARTESIAN_POINT('',(-23.20958628533,22.143810270505,
    -4.499999999663));
#1925 = CARTESIAN_POINT('',(-23.19106727923,22.125291264409,
    -2.999999999754));
#1926 = CARTESIAN_POINT('',(-23.17254826198,22.106772247157,
    -1.499999999843));
#1927 = CARTESIAN_POINT('',(-23.15402923352,22.088253218695,
    -8.000001E-11));
#1928 = ORIENTED_EDGE('',*,*,#1890,.T.);
#1929 = ORIENTED_EDGE('',*,*,#663,.F.);
#1930 = PLANE('',#1931);
#1931 = AXIS2_PLACEMENT_3D('',#1932,#1933,#1934);
#1932 = CARTESIAN_POINT('',(-23.07019804223,22.004422027409,-6.));
#1933 = DIRECTION('',(-0.707106781187,-0.707106781187,0.));
#1934 = DIRECTION('',(-0.707106781187,0.707106781187,0.));
#1935 = ADVANCED_FACE('',(#1936),#1955,.F.);
#1936 = FACE_BOUND('',#1937,.F.);
#1937 = EDGE_LOOP('',(#1938,#1939,#1940,#1948));
#1938 = ORIENTED_EDGE('',*,*,#1913,.T.);
#1939 = ORIENTED_EDGE('',*,*,#654,.T.);
#1940 = ORIENTED_EDGE('',*,*,#1941,.T.);
#1941 = EDGE_CURVE('',#645,#1942,#1944,.T.);
#1942 = VERTEX_POINT('',#1943);
#1943 = CARTESIAN_POINT('',(-29.36725832333,12.972195340703,-6.));
#1944 = LINE('',#1945,#1946);
#1945 = CARTESIAN_POINT('',(-30.54660568108,13.460697011032,-6.));
#1946 = VECTOR('',#1947,1.);
#1947 = DIRECTION('',(0.923879532511,-0.382683432365,0.));
#1948 = ORIENTED_EDGE('',*,*,#1949,.F.);
#1949 = EDGE_CURVE('',#1914,#1942,#1950,.T.);
#1950 = CIRCLE('',#1951,32.104730389569);
#1951 = AXIS2_PLACEMENT_3D('',#1952,#1953,#1954);
#1952 = CARTESIAN_POINT('',(0.,0.,-6.));
#1953 = DIRECTION('',(0.,0.,1.));
#1954 = DIRECTION('',(1.,0.,0.));
#1955 = PLANE('',#1956);
#1956 = AXIS2_PLACEMENT_3D('',#1957,#1958,#1959);
#1957 = CARTESIAN_POINT('',(0.,0.,-6.));
#1958 = DIRECTION('',(0.,0.,1.));
#1959 = DIRECTION('',(1.,0.,0.));
#1960 = ADVANCED_FACE('',(#1961),#1981,.F.);
#1961 = FACE_BOUND('',#1962,.F.);
#1962 = EDGE_LOOP('',(#1963,#1964,#1965,#1973));
#1963 = ORIENTED_EDGE('',*,*,#1941,.F.);
#1964 = ORIENTED_EDGE('',*,*,#644,.F.);
#1965 = ORIENTED_EDGE('',*,*,#1966,.T.);
#1966 = EDGE_CURVE('',#636,#1967,#1969,.T.);
#1967 = VERTEX_POINT('',#1968);
#1968 = CARTESIAN_POINT('',(-29.27853919767,12.935446675614,-0.5));
#1969 = LINE('',#1970,#1971);
#1970 = CARTESIAN_POINT('',(-30.54660568108,13.460697011032,-0.5));
#1971 = VECTOR('',#1972,1.);
#1972 = DIRECTION('',(0.923879532511,-0.382683432365,0.));
#1973 = ORIENTED_EDGE('',*,*,#1974,.T.);
#1974 = EDGE_CURVE('',#1967,#1942,#1975,.T.);
#1975 = B_SPLINE_CURVE_WITH_KNOTS('',4,(#1976,#1977,#1978,#1979,#1980),
  .UNSPECIFIED.,.F.,.F.,(5,5),(0.,1.),.PIECEWISE_BEZIER_KNOTS.);
#1976 = CARTESIAN_POINT('',(-29.27047381545,12.932105884913,
    -8.000001E-11));
#1977 = CARTESIAN_POINT('',(-29.2946699639,12.942128257758,
    -1.499999999847));
#1978 = CARTESIAN_POINT('',(-29.31886609798,12.952150624652,
    -2.999999999759));
#1979 = CARTESIAN_POINT('',(-29.34306221777,12.962172985623,
    -4.499999999667));
#1980 = CARTESIAN_POINT('',(-29.36725832333,12.972195340703,
    -5.99999999984));
#1981 = PLANE('',#1982);
#1982 = AXIS2_PLACEMENT_3D('',#1983,#1984,#1985);
#1983 = CARTESIAN_POINT('',(-30.54660568108,13.460697011032,-6.));
#1984 = DIRECTION('',(0.382683432365,0.923879532511,0.));
#1985 = DIRECTION('',(0.923879532511,-0.382683432365,0.));
#1986 = ADVANCED_FACE('',(#1987),#2006,.F.);
#1987 = FACE_BOUND('',#1988,.F.);
#1988 = EDGE_LOOP('',(#1989,#1990,#1991,#1999));
#1989 = ORIENTED_EDGE('',*,*,#1966,.F.);
#1990 = ORIENTED_EDGE('',*,*,#635,.F.);
#1991 = ORIENTED_EDGE('',*,*,#1992,.F.);
#1992 = EDGE_CURVE('',#1993,#626,#1995,.T.);
#1993 = VERTEX_POINT('',#1994);
#1994 = CARTESIAN_POINT('',(-29.85240768566,11.54956248592,-0.5));
#1995 = LINE('',#1996,#1997);
#1996 = CARTESIAN_POINT('',(-29.73481153086,11.500852563718,-0.5));
#1997 = VECTOR('',#1998,1.);
#1998 = DIRECTION('',(-0.923879532511,0.382683432365,0.));
#1999 = ORIENTED_EDGE('',*,*,#2000,.T.);
#2000 = EDGE_CURVE('',#1993,#1967,#2001,.T.);
#2001 = CIRCLE('',#2002,32.008727532464);
#2002 = AXIS2_PLACEMENT_3D('',#2003,#2004,#2005);
#2003 = CARTESIAN_POINT('',(0.,0.,-0.5));
#2004 = DIRECTION('',(0.,0.,-1.));
#2005 = DIRECTION('',(1.,0.,0.));
#2006 = PLANE('',#2007);
#2007 = AXIS2_PLACEMENT_3D('',#2008,#2009,#2010);
#2008 = CARTESIAN_POINT('',(-30.14070860597,12.480774787375,-0.5));
#2009 = DIRECTION('',(0.,0.,1.));
#2010 = DIRECTION('',(-0.382683432365,-0.923879532511,0.));
#2011 = ADVANCED_FACE('',(#2012),#2032,.F.);
#2012 = FACE_BOUND('',#2013,.F.);
#2013 = EDGE_LOOP('',(#2014,#2022,#2030,#2031));
#2014 = ORIENTED_EDGE('',*,*,#2015,.F.);
#2015 = EDGE_CURVE('',#2016,#617,#2018,.T.);
#2016 = VERTEX_POINT('',#2017);
#2017 = CARTESIAN_POINT('',(-29.94112728004,11.586311345159,-6.));
#2018 = LINE('',#2019,#2020);
#2019 = CARTESIAN_POINT('',(-29.73481153086,11.500852563718,-6.));
#2020 = VECTOR('',#2021,1.);
#2021 = DIRECTION('',(-0.923879532511,0.382683432365,0.));
#2022 = ORIENTED_EDGE('',*,*,#2023,.T.);
#2023 = EDGE_CURVE('',#2016,#1993,#2024,.T.);
#2024 = B_SPLINE_CURVE_WITH_KNOTS('',4,(#2025,#2026,#2027,#2028,#2029),
  .UNSPECIFIED.,.F.,.F.,(5,5),(0.,1.),.PIECEWISE_BEZIER_KNOTS.);
#2025 = CARTESIAN_POINT('',(-29.94112728004,11.586311345159,
    -5.99999999984));
#2026 = CARTESIAN_POINT('',(-29.91693104703,11.576288937287,
    -4.499999999663));
#2027 = CARTESIAN_POINT('',(-29.89273479952,11.56626652341,
    -2.999999999754));
#2028 = CARTESIAN_POINT('',(-29.86853853743,11.556244103494,
    -1.499999999843));
#2029 = CARTESIAN_POINT('',(-29.8443422607,11.546221677512,-8.000001E-11
    ));
#2030 = ORIENTED_EDGE('',*,*,#1992,.T.);
#2031 = ORIENTED_EDGE('',*,*,#625,.F.);
#2032 = PLANE('',#2033);
#2033 = AXIS2_PLACEMENT_3D('',#2034,#2035,#2036);
#2034 = CARTESIAN_POINT('',(-29.73481153086,11.500852563718,-6.));
#2035 = DIRECTION('',(-0.382683432365,-0.923879532511,0.));
#2036 = DIRECTION('',(-0.923879532511,0.382683432365,0.));
#2037 = ADVANCED_FACE('',(#2038),#2057,.F.);
#2038 = FACE_BOUND('',#2039,.F.);
#2039 = EDGE_LOOP('',(#2040,#2041,#2042,#2050));
#2040 = ORIENTED_EDGE('',*,*,#2015,.T.);
#2041 = ORIENTED_EDGE('',*,*,#616,.T.);
#2042 = ORIENTED_EDGE('',*,*,#2043,.T.);
#2043 = EDGE_CURVE('',#607,#2044,#2046,.T.);
#2044 = VERTEX_POINT('',#2045);
#2045 = CARTESIAN_POINT('',(-32.09605312919,0.746382552689,-6.));
#2046 = LINE('',#2047,#2048);
#2047 = CARTESIAN_POINT('',(-33.37256951065,0.746382552688,-6.));
#2048 = VECTOR('',#2049,1.);
#2049 = DIRECTION('',(1.,0.,0.));
#2050 = ORIENTED_EDGE('',*,*,#2051,.F.);
#2051 = EDGE_CURVE('',#2016,#2044,#2052,.T.);
#2052 = CIRCLE('',#2053,32.104730389569);
#2053 = AXIS2_PLACEMENT_3D('',#2054,#2055,#2056);
#2054 = CARTESIAN_POINT('',(0.,0.,-6.));
#2055 = DIRECTION('',(0.,0.,1.));
#2056 = DIRECTION('',(1.,0.,0.));
#2057 = PLANE('',#2058);
#2058 = AXIS2_PLACEMENT_3D('',#2059,#2060,#2061);
#2059 = CARTESIAN_POINT('',(0.,0.,-6.));
#2060 = DIRECTION('',(0.,0.,1.));
#2061 = DIRECTION('',(1.,0.,0.));
#2062 = ADVANCED_FACE('',(#2063),#2083,.F.);
#2063 = FACE_BOUND('',#2064,.F.);
#2064 = EDGE_LOOP('',(#2065,#2066,#2067,#2075));
#2065 = ORIENTED_EDGE('',*,*,#2043,.F.);
#2066 = ORIENTED_EDGE('',*,*,#606,.F.);
#2067 = ORIENTED_EDGE('',*,*,#2068,.T.);
#2068 = EDGE_CURVE('',#598,#2069,#2071,.T.);
#2069 = VERTEX_POINT('',#2070);
#2070 = CARTESIAN_POINT('',(-32.00002423956,0.746382552688,-0.5));
#2071 = LINE('',#2072,#2073);
#2072 = CARTESIAN_POINT('',(-33.37256951065,0.746382552688,-0.5));
#2073 = VECTOR('',#2074,1.);
#2074 = DIRECTION('',(1.,0.,0.));
#2075 = ORIENTED_EDGE('',*,*,#2076,.T.);
#2076 = EDGE_CURVE('',#2069,#2044,#2077,.T.);
#2077 = B_SPLINE_CURVE_WITH_KNOTS('',4,(#2078,#2079,#2080,#2081,#2082),
  .UNSPECIFIED.,.F.,.F.,(5,5),(0.,1.),.PIECEWISE_BEZIER_KNOTS.);
#2078 = CARTESIAN_POINT('',(-31.99129433275,0.746382552688,-8.000001E-11
    ));
#2079 = CARTESIAN_POINT('',(-32.01748405511,0.746382552688,
    -1.499999999847));
#2080 = CARTESIAN_POINT('',(-32.04367376192,0.746382552688,
    -2.999999999759));
#2081 = CARTESIAN_POINT('',(-32.06986345325,0.746382552688,
    -4.499999999667));
#2082 = CARTESIAN_POINT('',(-32.09605312919,0.746382552688,
    -5.99999999984));
#2083 = PLANE('',#2084);
#2084 = AXIS2_PLACEMENT_3D('',#2085,#2086,#2087);
#2085 = CARTESIAN_POINT('',(-33.37256951065,0.746382552688,-6.));
#2086 = DIRECTION('',(0.,1.,0.));
#2087 = DIRECTION('',(1.,0.,0.));
#2088 = ADVANCED_FACE('',(#2089),#2108,.F.);
#2089 = FACE_BOUND('',#2090,.F.);
#2090 = EDGE_LOOP('',(#2091,#2092,#2093,#2101));
#2091 = ORIENTED_EDGE('',*,*,#2068,.F.);
#2092 = ORIENTED_EDGE('',*,*,#597,.F.);
#2093 = ORIENTED_EDGE('',*,*,#2094,.F.);
#2094 = EDGE_CURVE('',#2095,#588,#2097,.T.);
#2095 = VERTEX_POINT('',#2096);
#2096 = CARTESIAN_POINT('',(-31.99985467139,-0.753617447312,-0.5));
#2097 = LINE('',#2098,#2099);
#2098 = CARTESIAN_POINT('',(-31.87256951065,-0.753617447312,-0.5));
#2099 = VECTOR('',#2100,1.);
#2100 = DIRECTION('',(-1.,0.,0.));
#2101 = ORIENTED_EDGE('',*,*,#2102,.T.);
#2102 = EDGE_CURVE('',#2095,#2069,#2103,.T.);
#2103 = CIRCLE('',#2104,32.008727532464);
#2104 = AXIS2_PLACEMENT_3D('',#2105,#2106,#2107);
#2105 = CARTESIAN_POINT('',(0.,0.,-0.5));
#2106 = DIRECTION('',(0.,0.,-1.));
#2107 = DIRECTION('',(1.,0.,0.));
#2108 = PLANE('',#2109);
#2109 = AXIS2_PLACEMENT_3D('',#2110,#2111,#2112);
#2110 = CARTESIAN_POINT('',(-32.62256951065,-3.617447312049E-03,-0.5));
#2111 = DIRECTION('',(0.,0.,1.));
#2112 = DIRECTION('',(0.,-1.,0.));
#2113 = ADVANCED_FACE('',(#2114),#2134,.F.);
#2114 = FACE_BOUND('',#2115,.F.);
#2115 = EDGE_LOOP('',(#2116,#2124,#2132,#2133));
#2116 = ORIENTED_EDGE('',*,*,#2117,.F.);
#2117 = EDGE_CURVE('',#2118,#579,#2120,.T.);
#2118 = VERTEX_POINT('',#2119);
#2119 = CARTESIAN_POINT('',(-32.09588406836,-0.753617447312,-6.));
#2120 = LINE('',#2121,#2122);
#2121 = CARTESIAN_POINT('',(-31.87256951065,-0.753617447312,-6.));
#2122 = VECTOR('',#2123,1.);
#2123 = DIRECTION('',(-1.,0.,0.));
#2124 = ORIENTED_EDGE('',*,*,#2125,.T.);
#2125 = EDGE_CURVE('',#2118,#2095,#2126,.T.);
#2126 = B_SPLINE_CURVE_WITH_KNOTS('',4,(#2127,#2128,#2129,#2130,#2131),
  .UNSPECIFIED.,.F.,.F.,(5,5),(0.,1.),.PIECEWISE_BEZIER_KNOTS.);
#2127 = CARTESIAN_POINT('',(-32.09588406836,-0.753617447312,
    -5.99999999984));
#2128 = CARTESIAN_POINT('',(-32.06969425447,-0.753617447312,
    -4.499999999663));
#2129 = CARTESIAN_POINT('',(-32.04350442489,-0.753617447312,
    -2.999999999754));
#2130 = CARTESIAN_POINT('',(-32.01731457953,-0.753617447312,
    -1.499999999843));
#2131 = CARTESIAN_POINT('',(-31.99112471832,-0.753617447312,
    -8.000001E-11));
#2132 = ORIENTED_EDGE('',*,*,#2094,.T.);
#2133 = ORIENTED_EDGE('',*,*,#587,.F.);
#2134 = PLANE('',#2135);
#2135 = AXIS2_PLACEMENT_3D('',#2136,#2137,#2138);
#2136 = CARTESIAN_POINT('',(-31.87256951065,-0.753617447312,-6.));
#2137 = DIRECTION('',(0.,-1.,0.));
#2138 = DIRECTION('',(-1.,0.,0.));
#2139 = ADVANCED_FACE('',(#2140),#2159,.F.);
#2140 = FACE_BOUND('',#2141,.F.);
#2141 = EDGE_LOOP('',(#2142,#2143,#2144,#2152));
#2142 = ORIENTED_EDGE('',*,*,#2117,.T.);
#2143 = ORIENTED_EDGE('',*,*,#578,.T.);
#2144 = ORIENTED_EDGE('',*,*,#2145,.T.);
#2145 = EDGE_CURVE('',#569,#2146,#2148,.T.);
#2146 = VERTEX_POINT('',#2147);
#2147 = CARTESIAN_POINT('',(-29.93851479757,-11.593060213,-6.));
#2148 = LINE('',#2149,#2150);
#2149 = CARTESIAN_POINT('',(-31.11786215532,-12.08156188332,-6.));
#2150 = VECTOR('',#2151,1.);
#2151 = DIRECTION('',(0.923879532511,0.382683432365,0.));
#2152 = ORIENTED_EDGE('',*,*,#2153,.F.);
#2153 = EDGE_CURVE('',#2118,#2146,#2154,.T.);
#2154 = CIRCLE('',#2155,32.104730389569);
#2155 = AXIS2_PLACEMENT_3D('',#2156,#2157,#2158);
#2156 = CARTESIAN_POINT('',(0.,0.,-6.));
#2157 = DIRECTION('',(0.,0.,1.));
#2158 = DIRECTION('',(1.,0.,0.));
#2159 = PLANE('',#2160);
#2160 = AXIS2_PLACEMENT_3D('',#2161,#2162,#2163);
#2161 = CARTESIAN_POINT('',(0.,0.,-6.));
#2162 = DIRECTION('',(0.,0.,1.));
#2163 = DIRECTION('',(1.,0.,0.));
#2164 = ADVANCED_FACE('',(#2165),#2185,.F.);
#2165 = FACE_BOUND('',#2166,.F.);
#2166 = EDGE_LOOP('',(#2167,#2168,#2169,#2177));
#2167 = ORIENTED_EDGE('',*,*,#2145,.F.);
#2168 = ORIENTED_EDGE('',*,*,#568,.F.);
#2169 = ORIENTED_EDGE('',*,*,#2170,.T.);
#2170 = EDGE_CURVE('',#560,#2171,#2173,.T.);
#2171 = VERTEX_POINT('',#2172);
#2172 = CARTESIAN_POINT('',(-29.84979567191,-11.55631154791,-0.5));
#2173 = LINE('',#2174,#2175);
#2174 = CARTESIAN_POINT('',(-31.11786215532,-12.08156188332,-0.5));
#2175 = VECTOR('',#2176,1.);
#2176 = DIRECTION('',(0.923879532511,0.382683432365,0.));
#2177 = ORIENTED_EDGE('',*,*,#2178,.T.);
#2178 = EDGE_CURVE('',#2171,#2146,#2179,.T.);
#2179 = B_SPLINE_CURVE_WITH_KNOTS('',4,(#2180,#2181,#2182,#2183,#2184),
  .UNSPECIFIED.,.F.,.F.,(5,5),(0.,1.),.PIECEWISE_BEZIER_KNOTS.);
#2180 = CARTESIAN_POINT('',(-29.84173028969,-11.55297075721,
    -8.000001E-11));
#2181 = CARTESIAN_POINT('',(-29.86592643814,-11.56299313005,
    -1.499999999847));
#2182 = CARTESIAN_POINT('',(-29.89012257222,-11.57301549694,
    -2.999999999759));
#2183 = CARTESIAN_POINT('',(-29.91431869201,-11.58303785791,
    -4.499999999667));
#2184 = CARTESIAN_POINT('',(-29.93851479757,-11.59306021299,
    -5.99999999984));
#2185 = PLANE('',#2186);
#2186 = AXIS2_PLACEMENT_3D('',#2187,#2188,#2189);
#2187 = CARTESIAN_POINT('',(-31.11786215532,-12.08156188332,-6.));
#2188 = DIRECTION('',(-0.382683432365,0.923879532511,0.));
#2189 = DIRECTION('',(0.923879532511,0.382683432365,0.));
#2190 = ADVANCED_FACE('',(#2191),#2210,.F.);
#2191 = FACE_BOUND('',#2192,.F.);
#2192 = EDGE_LOOP('',(#2193,#2194,#2195,#2203));
#2193 = ORIENTED_EDGE('',*,*,#2170,.F.);
#2194 = ORIENTED_EDGE('',*,*,#559,.F.);
#2195 = ORIENTED_EDGE('',*,*,#2196,.F.);
#2196 = EDGE_CURVE('',#2197,#550,#2199,.T.);
#2197 = VERTEX_POINT('',#2198);
#2198 = CARTESIAN_POINT('',(-29.27561386281,-12.94206595575,-0.5));
#2199 = LINE('',#2200,#2201);
#2200 = CARTESIAN_POINT('',(-29.15801770801,-12.89335603354,-0.5));
#2201 = VECTOR('',#2202,1.);
#2202 = DIRECTION('',(-0.923879532511,-0.382683432365,0.));
#2203 = ORIENTED_EDGE('',*,*,#2204,.T.);
#2204 = EDGE_CURVE('',#2197,#2171,#2205,.T.);
#2205 = CIRCLE('',#2206,32.008727532464);
#2206 = AXIS2_PLACEMENT_3D('',#2207,#2208,#2209);
#2207 = CARTESIAN_POINT('',(0.,0.,-0.5));
#2208 = DIRECTION('',(0.,0.,-1.));
#2209 = DIRECTION('',(1.,0.,0.));
#2210 = PLANE('',#2211);
#2211 = AXIS2_PLACEMENT_3D('',#2212,#2213,#2214);
#2212 = CARTESIAN_POINT('',(-30.13793993166,-12.48745895843,-0.5));
#2213 = DIRECTION('',(0.,0.,1.));
#2214 = DIRECTION('',(0.382683432365,-0.923879532511,0.));
#2215 = ADVANCED_FACE('',(#2216),#2236,.F.);
#2216 = FACE_BOUND('',#2217,.F.);
#2217 = EDGE_LOOP('',(#2218,#2226,#2234,#2235));
#2218 = ORIENTED_EDGE('',*,*,#2219,.F.);
#2219 = EDGE_CURVE('',#2220,#541,#2222,.T.);
#2220 = VERTEX_POINT('',#2221);
#2221 = CARTESIAN_POINT('',(-29.36433345719,-12.97881481498,-6.));
#2222 = LINE('',#2223,#2224);
#2223 = CARTESIAN_POINT('',(-29.15801770801,-12.89335603354,-6.));
#2224 = VECTOR('',#2225,1.);
#2225 = DIRECTION('',(-0.923879532511,-0.382683432365,0.));
#2226 = ORIENTED_EDGE('',*,*,#2227,.T.);
#2227 = EDGE_CURVE('',#2220,#2197,#2228,.T.);
#2228 = B_SPLINE_CURVE_WITH_KNOTS('',4,(#2229,#2230,#2231,#2232,#2233),
  .UNSPECIFIED.,.F.,.F.,(5,5),(0.,1.),.PIECEWISE_BEZIER_KNOTS.);
#2229 = CARTESIAN_POINT('',(-29.36433345718,-12.97881481498,
    -5.99999999984));
#2230 = CARTESIAN_POINT('',(-29.34013722417,-12.96879240711,
    -4.499999999663));
#2231 = CARTESIAN_POINT('',(-29.31594097666,-12.95876999324,
    -2.999999999754));
#2232 = CARTESIAN_POINT('',(-29.29174471458,-12.94874757332,
    -1.499999999843));
#2233 = CARTESIAN_POINT('',(-29.26754843784,-12.93872514734,
    -8.000001E-11));
#2234 = ORIENTED_EDGE('',*,*,#2196,.T.);
#2235 = ORIENTED_EDGE('',*,*,#549,.F.);
#2236 = PLANE('',#2237);
#2237 = AXIS2_PLACEMENT_3D('',#2238,#2239,#2240);
#2238 = CARTESIAN_POINT('',(-29.15801770801,-12.89335603354,-6.));
#2239 = DIRECTION('',(0.382683432365,-0.923879532511,0.));
#2240 = DIRECTION('',(-0.923879532511,-0.382683432365,0.));
#2241 = ADVANCED_FACE('',(#2242),#2261,.F.);
#2242 = FACE_BOUND('',#2243,.F.);
#2243 = EDGE_LOOP('',(#2244,#2245,#2246,#2254));
#2244 = ORIENTED_EDGE('',*,*,#2219,.T.);
#2245 = ORIENTED_EDGE('',*,*,#540,.T.);
#2246 = ORIENTED_EDGE('',*,*,#2247,.T.);
#2247 = EDGE_CURVE('',#531,#2248,#2250,.T.);
#2248 = VERTEX_POINT('',#2249);
#2249 = CARTESIAN_POINT('',(-23.22310898134,-22.16756465261,-6.));
#2250 = LINE('',#2251,#2252);
#2251 = CARTESIAN_POINT('',(-24.12574237096,-23.07019804223,-6.));
#2252 = VECTOR('',#2253,1.);
#2253 = DIRECTION('',(0.707106781187,0.707106781187,0.));
#2254 = ORIENTED_EDGE('',*,*,#2255,.F.);
#2255 = EDGE_CURVE('',#2220,#2248,#2256,.T.);
#2256 = CIRCLE('',#2257,32.104730389569);
#2257 = AXIS2_PLACEMENT_3D('',#2258,#2259,#2260);
#2258 = CARTESIAN_POINT('',(0.,0.,-6.));
#2259 = DIRECTION('',(0.,0.,1.));
#2260 = DIRECTION('',(1.,0.,0.));
#2261 = PLANE('',#2262);
#2262 = AXIS2_PLACEMENT_3D('',#2263,#2264,#2265);
#2263 = CARTESIAN_POINT('',(0.,0.,-6.));
#2264 = DIRECTION('',(0.,0.,1.));
#2265 = DIRECTION('',(1.,0.,0.));
#2266 = ADVANCED_FACE('',(#2267),#2287,.F.);
#2267 = FACE_BOUND('',#2268,.F.);
#2268 = EDGE_LOOP('',(#2269,#2270,#2271,#2279));
#2269 = ORIENTED_EDGE('',*,*,#2247,.F.);
#2270 = ORIENTED_EDGE('',*,*,#530,.F.);
#2271 = ORIENTED_EDGE('',*,*,#2272,.T.);
#2272 = EDGE_CURVE('',#522,#2273,#2275,.T.);
#2273 = VERTEX_POINT('',#2274);
#2274 = CARTESIAN_POINT('',(-23.15520630229,-22.09966197356,-0.5));
#2275 = LINE('',#2276,#2277);
#2276 = CARTESIAN_POINT('',(-24.12574237096,-23.07019804223,-0.5));
#2277 = VECTOR('',#2278,1.);
#2278 = DIRECTION('',(0.707106781187,0.707106781187,0.));
#2279 = ORIENTED_EDGE('',*,*,#2280,.T.);
#2280 = EDGE_CURVE('',#2273,#2248,#2281,.T.);
#2281 = B_SPLINE_CURVE_WITH_KNOTS('',4,(#2282,#2283,#2284,#2285,#2286),
  .UNSPECIFIED.,.F.,.F.,(5,5),(0.,1.),.PIECEWISE_BEZIER_KNOTS.);
#2282 = CARTESIAN_POINT('',(-23.14903332599,-22.09348899726,
    -8.000001E-11));
#2283 = CARTESIAN_POINT('',(-23.16755225626,-22.11200792753,
    -1.499999999847));
#2284 = CARTESIAN_POINT('',(-23.18607117555,-22.13052684682,
    -2.999999999759));
#2285 = CARTESIAN_POINT('',(-23.20459008388,-22.14904575515,
    -4.499999999667));
#2286 = CARTESIAN_POINT('',(-23.22310898133,-22.1675646526,
    -5.99999999984));
#2287 = PLANE('',#2288);
#2288 = AXIS2_PLACEMENT_3D('',#2289,#2290,#2291);
#2289 = CARTESIAN_POINT('',(-24.12574237096,-23.07019804223,-6.));
#2290 = DIRECTION('',(-0.707106781187,0.707106781187,0.));
#2291 = DIRECTION('',(0.707106781187,0.707106781187,0.));
#2292 = ADVANCED_FACE('',(#2293),#2312,.F.);
#2293 = FACE_BOUND('',#2294,.F.);
#2294 = EDGE_LOOP('',(#2295,#2296,#2297,#2305));
#2295 = ORIENTED_EDGE('',*,*,#2272,.F.);
#2296 = ORIENTED_EDGE('',*,*,#521,.F.);
#2297 = ORIENTED_EDGE('',*,*,#2298,.F.);
#2298 = EDGE_CURVE('',#2299,#512,#2301,.T.);
#2299 = VERTEX_POINT('',#2300);
#2300 = CARTESIAN_POINT('',(-22.09442622771,-23.16020224254,-0.5));
#2301 = LINE('',#2302,#2303);
#2302 = CARTESIAN_POINT('',(-22.0044220274,-23.07019804223,-0.5));
#2303 = VECTOR('',#2304,1.);
#2304 = DIRECTION('',(-0.707106781187,-0.707106781187,0.));
#2305 = ORIENTED_EDGE('',*,*,#2306,.T.);
#2306 = EDGE_CURVE('',#2299,#2273,#2307,.T.);
#2307 = CIRCLE('',#2308,32.008727532464);
#2308 = AXIS2_PLACEMENT_3D('',#2309,#2310,#2311);
#2309 = CARTESIAN_POINT('',(0.,0.,-0.5));
#2310 = DIRECTION('',(0.,0.,-1.));
#2311 = DIRECTION('',(1.,0.,0.));
#2312 = PLANE('',#2313);
#2313 = AXIS2_PLACEMENT_3D('',#2314,#2315,#2316);
#2314 = CARTESIAN_POINT('',(-23.06508219918,-23.07019804223,-0.5));
#2315 = DIRECTION('',(0.,0.,1.));
#2316 = DIRECTION('',(0.707106781187,-0.707106781187,0.));
#2317 = ADVANCED_FACE('',(#2318),#2338,.F.);
#2318 = FACE_BOUND('',#2319,.F.);
#2319 = EDGE_LOOP('',(#2320,#2328,#2336,#2337));
#2320 = ORIENTED_EDGE('',*,*,#2321,.F.);
#2321 = EDGE_CURVE('',#2322,#503,#2324,.T.);
#2322 = VERTEX_POINT('',#2323);
#2323 = CARTESIAN_POINT('',(-22.1623292655,-23.22810528033,-6.));
#2324 = LINE('',#2325,#2326);
#2325 = CARTESIAN_POINT('',(-22.0044220274,-23.07019804223,-6.));
#2326 = VECTOR('',#2327,1.);
#2327 = DIRECTION('',(-0.707106781187,-0.707106781187,0.));
#2328 = ORIENTED_EDGE('',*,*,#2329,.T.);
#2329 = EDGE_CURVE('',#2322,#2299,#2330,.T.);
#2330 = B_SPLINE_CURVE_WITH_KNOTS('',4,(#2331,#2332,#2333,#2334,#2335),
  .UNSPECIFIED.,.F.,.F.,(5,5),(0.,1.),.PIECEWISE_BEZIER_KNOTS.);
#2331 = CARTESIAN_POINT('',(-22.1623292655,-23.22810528033,
    -5.99999999984));
#2332 = CARTESIAN_POINT('',(-22.1438102705,-23.20958628533,
    -4.499999999663));
#2333 = CARTESIAN_POINT('',(-22.1252912644,-23.19106727923,
    -2.999999999754));
#2334 = CARTESIAN_POINT('',(-22.10677224715,-23.17254826198,
    -1.499999999843));
#2335 = CARTESIAN_POINT('',(-22.08825321869,-23.15402923352,
    -8.000001E-11));
#2336 = ORIENTED_EDGE('',*,*,#2298,.T.);
#2337 = ORIENTED_EDGE('',*,*,#511,.F.);
#2338 = PLANE('',#2339);
#2339 = AXIS2_PLACEMENT_3D('',#2340,#2341,#2342);
#2340 = CARTESIAN_POINT('',(-22.0044220274,-23.07019804223,-6.));
#2341 = DIRECTION('',(0.707106781187,-0.707106781187,0.));
#2342 = DIRECTION('',(-0.707106781187,-0.707106781187,0.));
#2343 = ADVANCED_FACE('',(#2344),#2363,.F.);
#2344 = FACE_BOUND('',#2345,.F.);
#2345 = EDGE_LOOP('',(#2346,#2347,#2348,#2356));
#2346 = ORIENTED_EDGE('',*,*,#2321,.T.);
#2347 = ORIENTED_EDGE('',*,*,#502,.T.);
#2348 = ORIENTED_EDGE('',*,*,#2349,.T.);
#2349 = EDGE_CURVE('',#493,#2350,#2352,.T.);
#2350 = VERTEX_POINT('',#2351);
#2351 = CARTESIAN_POINT('',(-12.9721953407,-29.36725832333,-6.));
#2352 = LINE('',#2353,#2354);
#2353 = CARTESIAN_POINT('',(-13.46069701103,-30.54660568108,-6.));
#2354 = VECTOR('',#2355,1.);
#2355 = DIRECTION('',(0.382683432365,0.923879532511,0.));
#2356 = ORIENTED_EDGE('',*,*,#2357,.F.);
#2357 = EDGE_CURVE('',#2322,#2350,#2358,.T.);
#2358 = CIRCLE('',#2359,32.104730389569);
#2359 = AXIS2_PLACEMENT_3D('',#2360,#2361,#2362);
#2360 = CARTESIAN_POINT('',(0.,0.,-6.));
#2361 = DIRECTION('',(0.,0.,1.));
#2362 = DIRECTION('',(1.,0.,0.));
#2363 = PLANE('',#2364);
#2364 = AXIS2_PLACEMENT_3D('',#2365,#2366,#2367);
#2365 = CARTESIAN_POINT('',(0.,0.,-6.));
#2366 = DIRECTION('',(0.,0.,1.));
#2367 = DIRECTION('',(1.,0.,0.));
#2368 = ADVANCED_FACE('',(#2369),#2389,.F.);
#2369 = FACE_BOUND('',#2370,.F.);
#2370 = EDGE_LOOP('',(#2371,#2372,#2373,#2381));
#2371 = ORIENTED_EDGE('',*,*,#2349,.F.);
#2372 = ORIENTED_EDGE('',*,*,#492,.F.);
#2373 = ORIENTED_EDGE('',*,*,#2374,.T.);
#2374 = EDGE_CURVE('',#484,#2375,#2377,.T.);
#2375 = VERTEX_POINT('',#2376);
#2376 = CARTESIAN_POINT('',(-12.93544667561,-29.27853919767,-0.5));
#2377 = LINE('',#2378,#2379);
#2378 = CARTESIAN_POINT('',(-13.46069701103,-30.54660568108,-0.5));
#2379 = VECTOR('',#2380,1.);
#2380 = DIRECTION('',(0.382683432365,0.923879532511,0.));
#2381 = ORIENTED_EDGE('',*,*,#2382,.T.);
#2382 = EDGE_CURVE('',#2375,#2350,#2383,.T.);
#2383 = B_SPLINE_CURVE_WITH_KNOTS('',4,(#2384,#2385,#2386,#2387,#2388),
  .UNSPECIFIED.,.F.,.F.,(5,5),(0.,1.),.PIECEWISE_BEZIER_KNOTS.);
#2384 = CARTESIAN_POINT('',(-12.93210588491,-29.27047381545,
    -8.000001E-11));
#2385 = CARTESIAN_POINT('',(-12.94212825775,-29.2946699639,
    -1.499999999847));
#2386 = CARTESIAN_POINT('',(-12.95215062465,-29.31886609798,
    -2.999999999759));
#2387 = CARTESIAN_POINT('',(-12.96217298562,-29.34306221777,
    -4.499999999667));
#2388 = CARTESIAN_POINT('',(-12.9721953407,-29.36725832333,
    -5.99999999984));
#2389 = PLANE('',#2390);
#2390 = AXIS2_PLACEMENT_3D('',#2391,#2392,#2393);
#2391 = CARTESIAN_POINT('',(-13.46069701103,-30.54660568108,-6.));
#2392 = DIRECTION('',(-0.923879532511,0.382683432365,0.));
#2393 = DIRECTION('',(0.382683432365,0.923879532511,0.));
#2394 = ADVANCED_FACE('',(#2395),#2414,.F.);
#2395 = FACE_BOUND('',#2396,.F.);
#2396 = EDGE_LOOP('',(#2397,#2398,#2399,#2407));
#2397 = ORIENTED_EDGE('',*,*,#2374,.F.);
#2398 = ORIENTED_EDGE('',*,*,#483,.F.);
#2399 = ORIENTED_EDGE('',*,*,#2400,.F.);
#2400 = EDGE_CURVE('',#2401,#474,#2403,.T.);
#2401 = VERTEX_POINT('',#2402);
#2402 = CARTESIAN_POINT('',(-11.54956248592,-29.85240768566,-0.5));
#2403 = LINE('',#2404,#2405);
#2404 = CARTESIAN_POINT('',(-11.50085256371,-29.73481153086,-0.5));
#2405 = VECTOR('',#2406,1.);
#2406 = DIRECTION('',(-0.382683432365,-0.923879532511,0.));
#2407 = ORIENTED_EDGE('',*,*,#2408,.T.);
#2408 = EDGE_CURVE('',#2401,#2375,#2409,.T.);
#2409 = CIRCLE('',#2410,32.008727532464);
#2410 = AXIS2_PLACEMENT_3D('',#2411,#2412,#2413);
#2411 = CARTESIAN_POINT('',(0.,0.,-0.5));
#2412 = DIRECTION('',(0.,0.,-1.));
#2413 = DIRECTION('',(1.,0.,0.));
#2414 = PLANE('',#2415);
#2415 = AXIS2_PLACEMENT_3D('',#2416,#2417,#2418);
#2416 = CARTESIAN_POINT('',(-12.48077478737,-30.14070860597,-0.5));
#2417 = DIRECTION('',(0.,0.,1.));
#2418 = DIRECTION('',(0.923879532511,-0.382683432365,0.));
#2419 = ADVANCED_FACE('',(#2420),#2440,.F.);
#2420 = FACE_BOUND('',#2421,.F.);
#2421 = EDGE_LOOP('',(#2422,#2430,#2438,#2439));
#2422 = ORIENTED_EDGE('',*,*,#2423,.F.);
#2423 = EDGE_CURVE('',#2424,#465,#2426,.T.);
#2424 = VERTEX_POINT('',#2425);
#2425 = CARTESIAN_POINT('',(-11.58631134515,-29.94112728004,-6.));
#2426 = LINE('',#2427,#2428);
#2427 = CARTESIAN_POINT('',(-11.50085256371,-29.73481153086,-6.));
#2428 = VECTOR('',#2429,1.);
#2429 = DIRECTION('',(-0.382683432365,-0.923879532511,0.));
#2430 = ORIENTED_EDGE('',*,*,#2431,.T.);
#2431 = EDGE_CURVE('',#2424,#2401,#2432,.T.);
#2432 = B_SPLINE_CURVE_WITH_KNOTS('',4,(#2433,#2434,#2435,#2436,#2437),
  .UNSPECIFIED.,.F.,.F.,(5,5),(0.,1.),.PIECEWISE_BEZIER_KNOTS.);
#2433 = CARTESIAN_POINT('',(-11.58631134515,-29.94112728004,
    -5.99999999984));
#2434 = CARTESIAN_POINT('',(-11.57628893728,-29.91693104703,
    -4.499999999663));
#2435 = CARTESIAN_POINT('',(-11.56626652341,-29.89273479952,
    -2.999999999754));
#2436 = CARTESIAN_POINT('',(-11.55624410349,-29.86853853743,
    -1.499999999843));
#2437 = CARTESIAN_POINT('',(-11.54622167751,-29.8443422607,-8.000001E-11
    ));
#2438 = ORIENTED_EDGE('',*,*,#2400,.T.);
#2439 = ORIENTED_EDGE('',*,*,#473,.F.);
#2440 = PLANE('',#2441);
#2441 = AXIS2_PLACEMENT_3D('',#2442,#2443,#2444);
#2442 = CARTESIAN_POINT('',(-11.50085256371,-29.73481153086,-6.));
#2443 = DIRECTION('',(0.923879532511,-0.382683432365,0.));
#2444 = DIRECTION('',(-0.382683432365,-0.923879532511,0.));
#2445 = ADVANCED_FACE('',(#2446),#2465,.F.);
#2446 = FACE_BOUND('',#2447,.F.);
#2447 = EDGE_LOOP('',(#2448,#2449,#2450,#2458));
#2448 = ORIENTED_EDGE('',*,*,#2423,.T.);
#2449 = ORIENTED_EDGE('',*,*,#464,.T.);
#2450 = ORIENTED_EDGE('',*,*,#2451,.T.);
#2451 = EDGE_CURVE('',#455,#2452,#2454,.T.);
#2452 = VERTEX_POINT('',#2453);
#2453 = CARTESIAN_POINT('',(-0.746382552689,-32.09605312919,-6.));
#2454 = LINE('',#2455,#2456);
#2455 = CARTESIAN_POINT('',(-0.746382552688,-33.37256951065,-6.));
#2456 = VECTOR('',#2457,1.);
#2457 = DIRECTION('',(0.,1.,0.));
#2458 = ORIENTED_EDGE('',*,*,#2459,.F.);
#2459 = EDGE_CURVE('',#2424,#2452,#2460,.T.);
#2460 = CIRCLE('',#2461,32.104730389569);
#2461 = AXIS2_PLACEMENT_3D('',#2462,#2463,#2464);
#2462 = CARTESIAN_POINT('',(0.,0.,-6.));
#2463 = DIRECTION('',(0.,0.,1.));
#2464 = DIRECTION('',(1.,0.,0.));
#2465 = PLANE('',#2466);
#2466 = AXIS2_PLACEMENT_3D('',#2467,#2468,#2469);
#2467 = CARTESIAN_POINT('',(0.,0.,-6.));
#2468 = DIRECTION('',(0.,0.,1.));
#2469 = DIRECTION('',(1.,0.,0.));
#2470 = ADVANCED_FACE('',(#2471),#2491,.F.);
#2471 = FACE_BOUND('',#2472,.F.);
#2472 = EDGE_LOOP('',(#2473,#2474,#2475,#2483));
#2473 = ORIENTED_EDGE('',*,*,#2451,.F.);
#2474 = ORIENTED_EDGE('',*,*,#454,.F.);
#2475 = ORIENTED_EDGE('',*,*,#2476,.T.);
#2476 = EDGE_CURVE('',#446,#2477,#2479,.T.);
#2477 = VERTEX_POINT('',#2478);
#2478 = CARTESIAN_POINT('',(-0.746382552688,-32.00002423956,-0.5));
#2479 = LINE('',#2480,#2481);
#2480 = CARTESIAN_POINT('',(-0.746382552688,-33.37256951065,-0.5));
#2481 = VECTOR('',#2482,1.);
#2482 = DIRECTION('',(0.,1.,0.));
#2483 = ORIENTED_EDGE('',*,*,#2484,.T.);
#2484 = EDGE_CURVE('',#2477,#2452,#2485,.T.);
#2485 = B_SPLINE_CURVE_WITH_KNOTS('',4,(#2486,#2487,#2488,#2489,#2490),
  .UNSPECIFIED.,.F.,.F.,(5,5),(0.,1.),.PIECEWISE_BEZIER_KNOTS.);
#2486 = CARTESIAN_POINT('',(-0.746382552688,-31.99129433275,
    -8.000001E-11));
#2487 = CARTESIAN_POINT('',(-0.746382552688,-32.01748405511,
    -1.499999999847));
#2488 = CARTESIAN_POINT('',(-0.746382552688,-32.04367376192,
    -2.999999999759));
#2489 = CARTESIAN_POINT('',(-0.746382552688,-32.06986345325,
    -4.499999999667));
#2490 = CARTESIAN_POINT('',(-0.746382552688,-32.09605312919,
    -5.99999999984));
#2491 = PLANE('',#2492);
#2492 = AXIS2_PLACEMENT_3D('',#2493,#2494,#2495);
#2493 = CARTESIAN_POINT('',(-0.746382552688,-33.37256951065,-6.));
#2494 = DIRECTION('',(-1.,0.,0.));
#2495 = DIRECTION('',(0.,1.,0.));
#2496 = ADVANCED_FACE('',(#2497),#2516,.F.);
#2497 = FACE_BOUND('',#2498,.F.);
#2498 = EDGE_LOOP('',(#2499,#2500,#2501,#2509));
#2499 = ORIENTED_EDGE('',*,*,#2476,.F.);
#2500 = ORIENTED_EDGE('',*,*,#445,.F.);
#2501 = ORIENTED_EDGE('',*,*,#2502,.F.);
#2502 = EDGE_CURVE('',#2503,#436,#2505,.T.);
#2503 = VERTEX_POINT('',#2504);
#2504 = CARTESIAN_POINT('',(0.753617447312,-31.99985467139,-0.5));
#2505 = LINE('',#2506,#2507);
#2506 = CARTESIAN_POINT('',(0.753617447312,-31.87256951065,-0.5));
#2507 = VECTOR('',#2508,1.);
#2508 = DIRECTION('',(0.,-1.,0.));
#2509 = ORIENTED_EDGE('',*,*,#2510,.T.);
#2510 = EDGE_CURVE('',#2503,#2477,#2511,.T.);
#2511 = CIRCLE('',#2512,32.008727532464);
#2512 = AXIS2_PLACEMENT_3D('',#2513,#2514,#2515);
#2513 = CARTESIAN_POINT('',(0.,0.,-0.5));
#2514 = DIRECTION('',(0.,0.,-1.));
#2515 = DIRECTION('',(1.,0.,0.));
#2516 = PLANE('',#2517);
#2517 = AXIS2_PLACEMENT_3D('',#2518,#2519,#2520);
#2518 = CARTESIAN_POINT('',(3.617447312049E-03,-32.62256951065,-0.5));
#2519 = DIRECTION('',(0.,0.,1.));
#2520 = DIRECTION('',(1.,0.,0.));
#2521 = ADVANCED_FACE('',(#2522),#2542,.F.);
#2522 = FACE_BOUND('',#2523,.F.);
#2523 = EDGE_LOOP('',(#2524,#2532,#2540,#2541));
#2524 = ORIENTED_EDGE('',*,*,#2525,.F.);
#2525 = EDGE_CURVE('',#2526,#427,#2528,.T.);
#2526 = VERTEX_POINT('',#2527);
#2527 = CARTESIAN_POINT('',(0.753617447312,-32.09588406836,-6.));
#2528 = LINE('',#2529,#2530);
#2529 = CARTESIAN_POINT('',(0.753617447312,-31.87256951065,-6.));
#2530 = VECTOR('',#2531,1.);
#2531 = DIRECTION('',(0.,-1.,0.));
#2532 = ORIENTED_EDGE('',*,*,#2533,.T.);
#2533 = EDGE_CURVE('',#2526,#2503,#2534,.T.);
#2534 = B_SPLINE_CURVE_WITH_KNOTS('',4,(#2535,#2536,#2537,#2538,#2539),
  .UNSPECIFIED.,.F.,.F.,(5,5),(0.,1.),.PIECEWISE_BEZIER_KNOTS.);
#2535 = CARTESIAN_POINT('',(0.753617447312,-32.09588406836,
    -5.99999999984));
#2536 = CARTESIAN_POINT('',(0.753617447312,-32.06969425447,
    -4.499999999663));
#2537 = CARTESIAN_POINT('',(0.753617447312,-32.04350442489,
    -2.999999999754));
#2538 = CARTESIAN_POINT('',(0.753617447312,-32.01731457953,
    -1.499999999843));
#2539 = CARTESIAN_POINT('',(0.753617447312,-31.99112471832,-8.000001E-11
    ));
#2540 = ORIENTED_EDGE('',*,*,#2502,.T.);
#2541 = ORIENTED_EDGE('',*,*,#435,.F.);
#2542 = PLANE('',#2543);
#2543 = AXIS2_PLACEMENT_3D('',#2544,#2545,#2546);
#2544 = CARTESIAN_POINT('',(0.753617447312,-31.87256951065,-6.));
#2545 = DIRECTION('',(1.,0.,0.));
#2546 = DIRECTION('',(0.,-1.,0.));
#2547 = ADVANCED_FACE('',(#2548),#2567,.F.);
#2548 = FACE_BOUND('',#2549,.F.);
#2549 = EDGE_LOOP('',(#2550,#2551,#2552,#2560));
#2550 = ORIENTED_EDGE('',*,*,#2525,.T.);
#2551 = ORIENTED_EDGE('',*,*,#426,.T.);
#2552 = ORIENTED_EDGE('',*,*,#2553,.T.);
#2553 = EDGE_CURVE('',#417,#2554,#2556,.T.);
#2554 = VERTEX_POINT('',#2555);
#2555 = CARTESIAN_POINT('',(11.593060213,-29.93851479757,-6.));
#2556 = LINE('',#2557,#2558);
#2557 = CARTESIAN_POINT('',(12.081561883328,-31.11786215532,-6.));
#2558 = VECTOR('',#2559,1.);
#2559 = DIRECTION('',(-0.382683432365,0.923879532511,0.));
#2560 = ORIENTED_EDGE('',*,*,#2561,.F.);
#2561 = EDGE_CURVE('',#2526,#2554,#2562,.T.);
#2562 = CIRCLE('',#2563,32.104730389569);
#2563 = AXIS2_PLACEMENT_3D('',#2564,#2565,#2566);
#2564 = CARTESIAN_POINT('',(0.,0.,-6.));
#2565 = DIRECTION('',(0.,0.,1.));
#2566 = DIRECTION('',(1.,0.,0.));
#2567 = PLANE('',#2568);
#2568 = AXIS2_PLACEMENT_3D('',#2569,#2570,#2571);
#2569 = CARTESIAN_POINT('',(0.,0.,-6.));
#2570 = DIRECTION('',(0.,0.,1.));
#2571 = DIRECTION('',(1.,0.,0.));
#2572 = ADVANCED_FACE('',(#2573),#2593,.F.);
#2573 = FACE_BOUND('',#2574,.F.);
#2574 = EDGE_LOOP('',(#2575,#2576,#2577,#2585));
#2575 = ORIENTED_EDGE('',*,*,#2553,.F.);
#2576 = ORIENTED_EDGE('',*,*,#416,.F.);
#2577 = ORIENTED_EDGE('',*,*,#2578,.T.);
#2578 = EDGE_CURVE('',#408,#2579,#2581,.T.);
#2579 = VERTEX_POINT('',#2580);
#2580 = CARTESIAN_POINT('',(11.55631154791,-29.84979567191,-0.5));
#2581 = LINE('',#2582,#2583);
#2582 = CARTESIAN_POINT('',(12.081561883328,-31.11786215532,-0.5));
#2583 = VECTOR('',#2584,1.);
#2584 = DIRECTION('',(-0.382683432365,0.923879532511,0.));
#2585 = ORIENTED_EDGE('',*,*,#2586,.T.);
#2586 = EDGE_CURVE('',#2579,#2554,#2587,.T.);
#2587 = B_SPLINE_CURVE_WITH_KNOTS('',4,(#2588,#2589,#2590,#2591,#2592),
  .UNSPECIFIED.,.F.,.F.,(5,5),(0.,1.),.PIECEWISE_BEZIER_KNOTS.);
#2588 = CARTESIAN_POINT('',(11.55297075721,-29.84173028969,-8.000001E-11
    ));
#2589 = CARTESIAN_POINT('',(11.562993130054,-29.86592643814,
    -1.499999999847));
#2590 = CARTESIAN_POINT('',(11.573015496948,-29.89012257222,
    -2.999999999759));
#2591 = CARTESIAN_POINT('',(11.583037857919,-29.91431869201,
    -4.499999999667));
#2592 = CARTESIAN_POINT('',(11.593060212999,-29.93851479757,
    -5.99999999984));
#2593 = PLANE('',#2594);
#2594 = AXIS2_PLACEMENT_3D('',#2595,#2596,#2597);
#2595 = CARTESIAN_POINT('',(12.081561883328,-31.11786215532,-6.));
#2596 = DIRECTION('',(-0.923879532511,-0.382683432365,0.));
#2597 = DIRECTION('',(-0.382683432365,0.923879532511,0.));
#2598 = ADVANCED_FACE('',(#2599),#2618,.F.);
#2599 = FACE_BOUND('',#2600,.F.);
#2600 = EDGE_LOOP('',(#2601,#2602,#2603,#2611));
#2601 = ORIENTED_EDGE('',*,*,#2578,.F.);
#2602 = ORIENTED_EDGE('',*,*,#407,.F.);
#2603 = ORIENTED_EDGE('',*,*,#2604,.F.);
#2604 = EDGE_CURVE('',#2605,#398,#2607,.T.);
#2605 = VERTEX_POINT('',#2606);
#2606 = CARTESIAN_POINT('',(12.94206595575,-29.27561386281,-0.5));
#2607 = LINE('',#2608,#2609);
#2608 = CARTESIAN_POINT('',(12.893356033548,-29.15801770801,-0.5));
#2609 = VECTOR('',#2610,1.);
#2610 = DIRECTION('',(0.382683432365,-0.923879532511,0.));
#2611 = ORIENTED_EDGE('',*,*,#2612,.T.);
#2612 = EDGE_CURVE('',#2605,#2579,#2613,.T.);
#2613 = CIRCLE('',#2614,32.008727532464);
#2614 = AXIS2_PLACEMENT_3D('',#2615,#2616,#2617);
#2615 = CARTESIAN_POINT('',(0.,0.,-0.5));
#2616 = DIRECTION('',(0.,0.,-1.));
#2617 = DIRECTION('',(1.,0.,0.));
#2618 = PLANE('',#2619);
#2619 = AXIS2_PLACEMENT_3D('',#2620,#2621,#2622);
#2620 = CARTESIAN_POINT('',(12.487458958438,-30.13793993166,-0.5));
#2621 = DIRECTION('',(0.,0.,1.));
#2622 = DIRECTION('',(0.923879532511,0.382683432365,0.));
#2623 = ADVANCED_FACE('',(#2624),#2644,.F.);
#2624 = FACE_BOUND('',#2625,.F.);
#2625 = EDGE_LOOP('',(#2626,#2634,#2642,#2643));
#2626 = ORIENTED_EDGE('',*,*,#2627,.F.);
#2627 = EDGE_CURVE('',#2628,#389,#2630,.T.);
#2628 = VERTEX_POINT('',#2629);
#2629 = CARTESIAN_POINT('',(12.978814814989,-29.36433345719,-6.));
#2630 = LINE('',#2631,#2632);
#2631 = CARTESIAN_POINT('',(12.893356033548,-29.15801770801,-6.));
#2632 = VECTOR('',#2633,1.);
#2633 = DIRECTION('',(0.382683432365,-0.923879532511,0.));
#2634 = ORIENTED_EDGE('',*,*,#2635,.T.);
#2635 = EDGE_CURVE('',#2628,#2605,#2636,.T.);
#2636 = B_SPLINE_CURVE_WITH_KNOTS('',4,(#2637,#2638,#2639,#2640,#2641),
  .UNSPECIFIED.,.F.,.F.,(5,5),(0.,1.),.PIECEWISE_BEZIER_KNOTS.);
#2637 = CARTESIAN_POINT('',(12.978814814989,-29.36433345718,
    -5.99999999984));
#2638 = CARTESIAN_POINT('',(12.968792407117,-29.34013722417,
    -4.499999999663));
#2639 = CARTESIAN_POINT('',(12.95876999324,-29.31594097666,
    -2.999999999754));
#2640 = CARTESIAN_POINT('',(12.948747573324,-29.29174471458,
    -1.499999999843));
#2641 = CARTESIAN_POINT('',(12.938725147342,-29.26754843784,
    -8.000001E-11));
#2642 = ORIENTED_EDGE('',*,*,#2604,.T.);
#2643 = ORIENTED_EDGE('',*,*,#397,.F.);
#2644 = PLANE('',#2645);
#2645 = AXIS2_PLACEMENT_3D('',#2646,#2647,#2648);
#2646 = CARTESIAN_POINT('',(12.893356033548,-29.15801770801,-6.));
#2647 = DIRECTION('',(0.923879532511,0.382683432365,0.));
#2648 = DIRECTION('',(0.382683432365,-0.923879532511,0.));
#2649 = ADVANCED_FACE('',(#2650),#2669,.F.);
#2650 = FACE_BOUND('',#2651,.F.);
#2651 = EDGE_LOOP('',(#2652,#2653,#2654,#2662));
#2652 = ORIENTED_EDGE('',*,*,#2627,.T.);
#2653 = ORIENTED_EDGE('',*,*,#388,.T.);
#2654 = ORIENTED_EDGE('',*,*,#2655,.T.);
#2655 = EDGE_CURVE('',#379,#2656,#2658,.T.);
#2656 = VERTEX_POINT('',#2657);
#2657 = CARTESIAN_POINT('',(22.167564652611,-23.22310898134,-6.));
#2658 = LINE('',#2659,#2660);
#2659 = CARTESIAN_POINT('',(23.070198042239,-24.12574237096,-6.));
#2660 = VECTOR('',#2661,1.);
#2661 = DIRECTION('',(-0.707106781187,0.707106781187,0.));
#2662 = ORIENTED_EDGE('',*,*,#2663,.F.);
#2663 = EDGE_CURVE('',#2628,#2656,#2664,.T.);
#2664 = CIRCLE('',#2665,32.104730389569);
#2665 = AXIS2_PLACEMENT_3D('',#2666,#2667,#2668);
#2666 = CARTESIAN_POINT('',(0.,0.,-6.));
#2667 = DIRECTION('',(0.,0.,1.));
#2668 = DIRECTION('',(1.,0.,0.));
#2669 = PLANE('',#2670);
#2670 = AXIS2_PLACEMENT_3D('',#2671,#2672,#2673);
#2671 = CARTESIAN_POINT('',(0.,0.,-6.));
#2672 = DIRECTION('',(0.,0.,1.));
#2673 = DIRECTION('',(1.,0.,0.));
#2674 = ADVANCED_FACE('',(#2675),#2695,.F.);
#2675 = FACE_BOUND('',#2676,.F.);
#2676 = EDGE_LOOP('',(#2677,#2678,#2679,#2687));
#2677 = ORIENTED_EDGE('',*,*,#2655,.F.);
#2678 = ORIENTED_EDGE('',*,*,#378,.F.);
#2679 = ORIENTED_EDGE('',*,*,#2680,.T.);
#2680 = EDGE_CURVE('',#370,#2681,#2683,.T.);
#2681 = VERTEX_POINT('',#2682);
#2682 = CARTESIAN_POINT('',(22.099661973563,-23.15520630229,-0.5));
#2683 = LINE('',#2684,#2685);
#2684 = CARTESIAN_POINT('',(23.070198042239,-24.12574237096,-0.5));
#2685 = VECTOR('',#2686,1.);
#2686 = DIRECTION('',(-0.707106781187,0.707106781187,0.));
#2687 = ORIENTED_EDGE('',*,*,#2688,.T.);
#2688 = EDGE_CURVE('',#2681,#2656,#2689,.T.);
#2689 = B_SPLINE_CURVE_WITH_KNOTS('',4,(#2690,#2691,#2692,#2693,#2694),
  .UNSPECIFIED.,.F.,.F.,(5,5),(0.,1.),.PIECEWISE_BEZIER_KNOTS.);
#2690 = CARTESIAN_POINT('',(22.093488997263,-23.14903332599,
    -8.000001E-11));
#2691 = CARTESIAN_POINT('',(22.112007927539,-23.16755225626,
    -1.499999999847));
#2692 = CARTESIAN_POINT('',(22.13052684682,-23.18607117555,
    -2.999999999759));
#2693 = CARTESIAN_POINT('',(22.149045755158,-23.20459008388,
    -4.499999999667));
#2694 = CARTESIAN_POINT('',(22.167564652609,-23.22310898133,
    -5.99999999984));
#2695 = PLANE('',#2696);
#2696 = AXIS2_PLACEMENT_3D('',#2697,#2698,#2699);
#2697 = CARTESIAN_POINT('',(23.070198042239,-24.12574237096,-6.));
#2698 = DIRECTION('',(-0.707106781187,-0.707106781187,0.));
#2699 = DIRECTION('',(-0.707106781187,0.707106781187,0.));
#2700 = ADVANCED_FACE('',(#2701),#2720,.F.);
#2701 = FACE_BOUND('',#2702,.F.);
#2702 = EDGE_LOOP('',(#2703,#2704,#2705,#2713));
#2703 = ORIENTED_EDGE('',*,*,#2680,.F.);
#2704 = ORIENTED_EDGE('',*,*,#369,.F.);
#2705 = ORIENTED_EDGE('',*,*,#2706,.F.);
#2706 = EDGE_CURVE('',#2707,#360,#2709,.T.);
#2707 = VERTEX_POINT('',#2708);
#2708 = CARTESIAN_POINT('',(23.160202242545,-22.09442622771,-0.5));
#2709 = LINE('',#2710,#2711);
#2710 = CARTESIAN_POINT('',(23.070198042239,-22.0044220274,-0.5));
#2711 = VECTOR('',#2712,1.);
#2712 = DIRECTION('',(0.707106781187,-0.707106781187,0.));
#2713 = ORIENTED_EDGE('',*,*,#2714,.T.);
#2714 = EDGE_CURVE('',#2707,#2681,#2715,.T.);
#2715 = CIRCLE('',#2716,32.008727532464);
#2716 = AXIS2_PLACEMENT_3D('',#2717,#2718,#2719);
#2717 = CARTESIAN_POINT('',(0.,0.,-0.5));
#2718 = DIRECTION('',(0.,0.,-1.));
#2719 = DIRECTION('',(1.,0.,0.));
#2720 = PLANE('',#2721);
#2721 = AXIS2_PLACEMENT_3D('',#2722,#2723,#2724);
#2722 = CARTESIAN_POINT('',(23.070198042239,-23.06508219918,-0.5));
#2723 = DIRECTION('',(0.,0.,1.));
#2724 = DIRECTION('',(0.707106781187,0.707106781187,0.));
#2725 = ADVANCED_FACE('',(#2726),#2746,.F.);
#2726 = FACE_BOUND('',#2727,.F.);
#2727 = EDGE_LOOP('',(#2728,#2736,#2744,#2745));
#2728 = ORIENTED_EDGE('',*,*,#2729,.F.);
#2729 = EDGE_CURVE('',#2730,#351,#2732,.T.);
#2730 = VERTEX_POINT('',#2731);
#2731 = CARTESIAN_POINT('',(23.228105280334,-22.1623292655,-6.));
#2732 = LINE('',#2733,#2734);
#2733 = CARTESIAN_POINT('',(23.070198042239,-22.0044220274,-6.));
#2734 = VECTOR('',#2735,1.);
#2735 = DIRECTION('',(0.707106781187,-0.707106781187,0.));
#2736 = ORIENTED_EDGE('',*,*,#2737,.T.);
#2737 = EDGE_CURVE('',#2730,#2707,#2738,.T.);
#2738 = B_SPLINE_CURVE_WITH_KNOTS('',4,(#2739,#2740,#2741,#2742,#2743),
  .UNSPECIFIED.,.F.,.F.,(5,5),(0.,1.),.PIECEWISE_BEZIER_KNOTS.);
#2739 = CARTESIAN_POINT('',(23.228105280332,-22.1623292655,
    -5.99999999984));
#2740 = CARTESIAN_POINT('',(23.209586285335,-22.1438102705,
    -4.499999999663));
#2741 = CARTESIAN_POINT('',(23.191067279239,-22.1252912644,
    -2.999999999754));
#2742 = CARTESIAN_POINT('',(23.172548261987,-22.10677224715,
    -1.499999999843));
#2743 = CARTESIAN_POINT('',(23.154029233525,-22.08825321869,
    -8.000001E-11));
#2744 = ORIENTED_EDGE('',*,*,#2706,.T.);
#2745 = ORIENTED_EDGE('',*,*,#359,.F.);
#2746 = PLANE('',#2747);
#2747 = AXIS2_PLACEMENT_3D('',#2748,#2749,#2750);
#2748 = CARTESIAN_POINT('',(23.070198042239,-22.0044220274,-6.));
#2749 = DIRECTION('',(0.707106781187,0.707106781187,0.));
#2750 = DIRECTION('',(0.707106781187,-0.707106781187,0.));
#2751 = ADVANCED_FACE('',(#2752),#2771,.F.);
#2752 = FACE_BOUND('',#2753,.F.);
#2753 = EDGE_LOOP('',(#2754,#2755,#2756,#2764));
#2754 = ORIENTED_EDGE('',*,*,#2729,.T.);
#2755 = ORIENTED_EDGE('',*,*,#350,.T.);
#2756 = ORIENTED_EDGE('',*,*,#2757,.T.);
#2757 = EDGE_CURVE('',#341,#2758,#2760,.T.);
#2758 = VERTEX_POINT('',#2759);
#2759 = CARTESIAN_POINT('',(29.367258323336,-12.9721953407,-6.));
#2760 = LINE('',#2761,#2762);
#2761 = CARTESIAN_POINT('',(30.546605681085,-13.46069701103,-6.));
#2762 = VECTOR('',#2763,1.);
#2763 = DIRECTION('',(-0.923879532511,0.382683432365,0.));
#2764 = ORIENTED_EDGE('',*,*,#2765,.F.);
#2765 = EDGE_CURVE('',#2730,#2758,#2766,.T.);
#2766 = CIRCLE('',#2767,32.104730389569);
#2767 = AXIS2_PLACEMENT_3D('',#2768,#2769,#2770);
#2768 = CARTESIAN_POINT('',(0.,0.,-6.));
#2769 = DIRECTION('',(0.,0.,1.));
#2770 = DIRECTION('',(1.,0.,0.));
#2771 = PLANE('',#2772);
#2772 = AXIS2_PLACEMENT_3D('',#2773,#2774,#2775);
#2773 = CARTESIAN_POINT('',(0.,0.,-6.));
#2774 = DIRECTION('',(0.,0.,1.));
#2775 = DIRECTION('',(1.,0.,0.));
#2776 = ADVANCED_FACE('',(#2777),#2797,.F.);
#2777 = FACE_BOUND('',#2778,.F.);
#2778 = EDGE_LOOP('',(#2779,#2780,#2781,#2789));
#2779 = ORIENTED_EDGE('',*,*,#2757,.F.);
#2780 = ORIENTED_EDGE('',*,*,#340,.F.);
#2781 = ORIENTED_EDGE('',*,*,#2782,.T.);
#2782 = EDGE_CURVE('',#332,#2783,#2785,.T.);
#2783 = VERTEX_POINT('',#2784);
#2784 = CARTESIAN_POINT('',(29.278539197677,-12.93544667561,-0.5));
#2785 = LINE('',#2786,#2787);
#2786 = CARTESIAN_POINT('',(30.546605681085,-13.46069701103,-0.5));
#2787 = VECTOR('',#2788,1.);
#2788 = DIRECTION('',(-0.923879532511,0.382683432365,0.));
#2789 = ORIENTED_EDGE('',*,*,#2790,.T.);
#2790 = EDGE_CURVE('',#2783,#2758,#2791,.T.);
#2791 = B_SPLINE_CURVE_WITH_KNOTS('',4,(#2792,#2793,#2794,#2795,#2796),
  .UNSPECIFIED.,.F.,.F.,(5,5),(0.,1.),.PIECEWISE_BEZIER_KNOTS.);
#2792 = CARTESIAN_POINT('',(29.270473815459,-12.93210588491,
    -8.000001E-11));
#2793 = CARTESIAN_POINT('',(29.294669963907,-12.94212825775,
    -1.499999999847));
#2794 = CARTESIAN_POINT('',(29.318866097989,-12.95215062465,
    -2.999999999759));
#2795 = CARTESIAN_POINT('',(29.343062217773,-12.96217298562,
    -4.499999999667));
#2796 = CARTESIAN_POINT('',(29.367258323334,-12.9721953407,
    -5.99999999984));
#2797 = PLANE('',#2798);
#2798 = AXIS2_PLACEMENT_3D('',#2799,#2800,#2801);
#2799 = CARTESIAN_POINT('',(30.546605681085,-13.46069701103,-6.));
#2800 = DIRECTION('',(-0.382683432365,-0.923879532511,0.));
#2801 = DIRECTION('',(-0.923879532511,0.382683432365,0.));
#2802 = ADVANCED_FACE('',(#2803),#2822,.F.);
#2803 = FACE_BOUND('',#2804,.F.);
#2804 = EDGE_LOOP('',(#2805,#2806,#2807,#2815));
#2805 = ORIENTED_EDGE('',*,*,#2782,.F.);
#2806 = ORIENTED_EDGE('',*,*,#331,.F.);
#2807 = ORIENTED_EDGE('',*,*,#2808,.F.);
#2808 = EDGE_CURVE('',#2809,#322,#2811,.T.);
#2809 = VERTEX_POINT('',#2810);
#2810 = CARTESIAN_POINT('',(29.852407685668,-11.54956248592,-0.5));
#2811 = LINE('',#2812,#2813);
#2812 = CARTESIAN_POINT('',(29.734811530866,-11.50085256371,-0.5));
#2813 = VECTOR('',#2814,1.);
#2814 = DIRECTION('',(0.923879532511,-0.382683432365,0.));
#2815 = ORIENTED_EDGE('',*,*,#2816,.T.);
#2816 = EDGE_CURVE('',#2809,#2783,#2817,.T.);
#2817 = CIRCLE('',#2818,32.008727532464);
#2818 = AXIS2_PLACEMENT_3D('',#2819,#2820,#2821);
#2819 = CARTESIAN_POINT('',(0.,0.,-0.5));
#2820 = DIRECTION('',(0.,0.,-1.));
#2821 = DIRECTION('',(1.,0.,0.));
#2822 = PLANE('',#2823);
#2823 = AXIS2_PLACEMENT_3D('',#2824,#2825,#2826);
#2824 = CARTESIAN_POINT('',(30.140708605975,-12.48077478737,-0.5));
#2825 = DIRECTION('',(0.,0.,1.));
#2826 = DIRECTION('',(0.382683432365,0.923879532511,0.));
#2827 = ADVANCED_FACE('',(#2828),#2848,.F.);
#2828 = FACE_BOUND('',#2829,.F.);
#2829 = EDGE_LOOP('',(#2830,#2838,#2846,#2847));
#2830 = ORIENTED_EDGE('',*,*,#2831,.F.);
#2831 = EDGE_CURVE('',#2832,#313,#2834,.T.);
#2832 = VERTEX_POINT('',#2833);
#2833 = CARTESIAN_POINT('',(29.941127280047,-11.58631134515,-6.));
#2834 = LINE('',#2835,#2836);
#2835 = CARTESIAN_POINT('',(29.734811530866,-11.50085256371,-6.));
#2836 = VECTOR('',#2837,1.);
#2837 = DIRECTION('',(0.923879532511,-0.382683432365,0.));
#2838 = ORIENTED_EDGE('',*,*,#2839,.T.);
#2839 = EDGE_CURVE('',#2832,#2809,#2840,.T.);
#2840 = B_SPLINE_CURVE_WITH_KNOTS('',4,(#2841,#2842,#2843,#2844,#2845),
  .UNSPECIFIED.,.F.,.F.,(5,5),(0.,1.),.PIECEWISE_BEZIER_KNOTS.);
#2841 = CARTESIAN_POINT('',(29.941127280044,-11.58631134515,
    -5.99999999984));
#2842 = CARTESIAN_POINT('',(29.916931047034,-11.57628893728,
    -4.499999999663));
#2843 = CARTESIAN_POINT('',(29.892734799523,-11.56626652341,
    -2.999999999754));
#2844 = CARTESIAN_POINT('',(29.868538537435,-11.55624410349,
    -1.499999999843));
#2845 = CARTESIAN_POINT('',(29.844342260701,-11.54622167751,
    -8.000001E-11));
#2846 = ORIENTED_EDGE('',*,*,#2808,.T.);
#2847 = ORIENTED_EDGE('',*,*,#321,.F.);
#2848 = PLANE('',#2849);
#2849 = AXIS2_PLACEMENT_3D('',#2850,#2851,#2852);
#2850 = CARTESIAN_POINT('',(29.734811530866,-11.50085256371,-6.));
#2851 = DIRECTION('',(0.382683432365,0.923879532511,0.));
#2852 = DIRECTION('',(0.923879532511,-0.382683432365,0.));
#2853 = ADVANCED_FACE('',(#2854),#2873,.F.);
#2854 = FACE_BOUND('',#2855,.F.);
#2855 = EDGE_LOOP('',(#2856,#2857,#2858,#2866));
#2856 = ORIENTED_EDGE('',*,*,#2831,.T.);
#2857 = ORIENTED_EDGE('',*,*,#312,.T.);
#2858 = ORIENTED_EDGE('',*,*,#2859,.T.);
#2859 = EDGE_CURVE('',#303,#2860,#2862,.T.);
#2860 = VERTEX_POINT('',#2861);
#2861 = CARTESIAN_POINT('',(32.096053129193,-0.746382552688,-6.));
#2862 = LINE('',#2863,#2864);
#2863 = CARTESIAN_POINT('',(33.372569510656,-0.746382552688,-6.));
#2864 = VECTOR('',#2865,1.);
#2865 = DIRECTION('',(-1.,0.,0.));
#2866 = ORIENTED_EDGE('',*,*,#2867,.F.);
#2867 = EDGE_CURVE('',#2832,#2860,#2868,.T.);
#2868 = CIRCLE('',#2869,32.104730389569);
#2869 = AXIS2_PLACEMENT_3D('',#2870,#2871,#2872);
#2870 = CARTESIAN_POINT('',(0.,0.,-6.));
#2871 = DIRECTION('',(0.,0.,1.));
#2872 = DIRECTION('',(1.,0.,0.));
#2873 = PLANE('',#2874);
#2874 = AXIS2_PLACEMENT_3D('',#2875,#2876,#2877);
#2875 = CARTESIAN_POINT('',(0.,0.,-6.));
#2876 = DIRECTION('',(0.,0.,1.));
#2877 = DIRECTION('',(1.,0.,0.));
#2878 = ADVANCED_FACE('',(#2879),#2892,.F.);
#2879 = FACE_BOUND('',#2880,.F.);
#2880 = EDGE_LOOP('',(#2881,#2882,#2883,#2884));
#2881 = ORIENTED_EDGE('',*,*,#2859,.F.);
#2882 = ORIENTED_EDGE('',*,*,#302,.F.);
#2883 = ORIENTED_EDGE('',*,*,#1259,.T.);
#2884 = ORIENTED_EDGE('',*,*,#2885,.T.);
#2885 = EDGE_CURVE('',#1260,#2860,#2886,.T.);
#2886 = B_SPLINE_CURVE_WITH_KNOTS('',4,(#2887,#2888,#2889,#2890,#2891),
  .UNSPECIFIED.,.F.,.F.,(5,5),(0.,1.),.PIECEWISE_BEZIER_KNOTS.);
#2887 = CARTESIAN_POINT('',(31.991294332758,-0.746382552688,
    -8.000001E-11));
#2888 = CARTESIAN_POINT('',(32.017484055115,-0.746382552688,
    -1.499999999847));
#2889 = CARTESIAN_POINT('',(32.043673761923,-0.746382552688,
    -2.999999999759));
#2890 = CARTESIAN_POINT('',(32.069863453254,-0.746382552688,
    -4.499999999667));
#2891 = CARTESIAN_POINT('',(32.09605312919,-0.746382552688,
    -5.99999999984));
#2892 = PLANE('',#2893);
#2893 = AXIS2_PLACEMENT_3D('',#2894,#2895,#2896);
#2894 = CARTESIAN_POINT('',(33.372569510656,-0.746382552688,-6.));
#2895 = DIRECTION('',(0.,-1.,0.));
#2896 = DIRECTION('',(-1.,0.,0.));
#2897 = ADVANCED_FACE('',(#2898,#2909),#2925,.F.);
#2898 = FACE_BOUND('',#2899,.F.);
#2899 = EDGE_LOOP('',(#2900));
#2900 = ORIENTED_EDGE('',*,*,#2901,.T.);
#2901 = EDGE_CURVE('',#2902,#2902,#2904,.T.);
#2902 = VERTEX_POINT('',#2903);
#2903 = CARTESIAN_POINT('',(32.,0.,0.));
#2904 = CIRCLE('',#2905,32.);
#2905 = AXIS2_PLACEMENT_3D('',#2906,#2907,#2908);
#2906 = CARTESIAN_POINT('',(0.,0.,0.));
#2907 = DIRECTION('',(0.,0.,1.));
#2908 = DIRECTION('',(1.,0.,0.));
#2909 = FACE_BOUND('',#2910,.F.);
#2910 = EDGE_LOOP('',(#2911,#2912,#2913,#2914,#2915,#2916,#2917,#2918,
    #2919,#2920,#2921,#2922,#2923,#2924));
#2911 = ORIENTED_EDGE('',*,*,#926,.F.);
#2912 = ORIENTED_EDGE('',*,*,#1244,.F.);
#2913 = ORIENTED_EDGE('',*,*,#1220,.T.);
#2914 = ORIENTED_EDGE('',*,*,#1195,.F.);
#2915 = ORIENTED_EDGE('',*,*,#1171,.T.);
#2916 = ORIENTED_EDGE('',*,*,#1146,.F.);
#2917 = ORIENTED_EDGE('',*,*,#1129,.F.);
#2918 = ORIENTED_EDGE('',*,*,#1105,.F.);
#2919 = ORIENTED_EDGE('',*,*,#1073,.F.);
#2920 = ORIENTED_EDGE('',*,*,#1049,.T.);
#2921 = ORIENTED_EDGE('',*,*,#1024,.F.);
#2922 = ORIENTED_EDGE('',*,*,#1000,.T.);
#2923 = ORIENTED_EDGE('',*,*,#975,.F.);
#2924 = ORIENTED_EDGE('',*,*,#951,.T.);
#2925 = PLANE('',#2926);
#2926 = AXIS2_PLACEMENT_3D('',#2927,#2928,#2929);
#2927 = CARTESIAN_POINT('',(-5.83E-15,8.E-16,0.));
#2928 = DIRECTION('',(0.,0.,1.));
#2929 = DIRECTION('',(1.,0.,0.));
#2930 = ADVANCED_FACE('',(#2931),#3005,.F.);
#2931 = FACE_BOUND('',#2932,.T.);
#2932 = EDGE_LOOP('',(#2933,#2934,#2939,#2940,#2941,#2942,#2943,#2944,
    #2945,#2946,#2947,#2948,#2949,#2950,#2951,#2952,#2953,#2954,#2955,
    #2956,#2957,#2958,#2959,#2960,#2961,#2962,#2963,#2964,#2965,#2966,
    #2967,#2968,#2969,#2970,#2971,#2972,#2973,#2974,#2975,#2976,#2977,
    #2978,#2979,#2980,#2981,#2982,#2983,#2984,#2985,#2986,#2987,#2988,
    #2989,#2990,#2991,#2992,#2993,#2994,#2995,#2996,#2997,#2998,#2999,
    #3000,#3001,#3002,#3003,#3004));
#2933 = ORIENTED_EDGE('',*,*,#2901,.T.);
#2934 = ORIENTED_EDGE('',*,*,#2935,.T.);
#2935 = EDGE_CURVE('',#2902,#1278,#2936,.T.);
#2936 = B_SPLINE_CURVE_WITH_KNOTS('',1,(#2937,#2938),.UNSPECIFIED.,.F.,
  .F.,(2,2),(0.,1.),.PIECEWISE_BEZIER_KNOTS.);
#2937 = CARTESIAN_POINT('',(32.,0.,0.));
#2938 = CARTESIAN_POINT('',(32.104730389569,0.,-6.));
#2939 = ORIENTED_EDGE('',*,*,#1286,.T.);
#2940 = ORIENTED_EDGE('',*,*,#2885,.T.);
#2941 = ORIENTED_EDGE('',*,*,#2867,.F.);
#2942 = ORIENTED_EDGE('',*,*,#2839,.T.);
#2943 = ORIENTED_EDGE('',*,*,#2816,.T.);
#2944 = ORIENTED_EDGE('',*,*,#2790,.T.);
#2945 = ORIENTED_EDGE('',*,*,#2765,.F.);
#2946 = ORIENTED_EDGE('',*,*,#2737,.T.);
#2947 = ORIENTED_EDGE('',*,*,#2714,.T.);
#2948 = ORIENTED_EDGE('',*,*,#2688,.T.);
#2949 = ORIENTED_EDGE('',*,*,#2663,.F.);
#2950 = ORIENTED_EDGE('',*,*,#2635,.T.);
#2951 = ORIENTED_EDGE('',*,*,#2612,.T.);
#2952 = ORIENTED_EDGE('',*,*,#2586,.T.);
#2953 = ORIENTED_EDGE('',*,*,#2561,.F.);
#2954 = ORIENTED_EDGE('',*,*,#2533,.T.);
#2955 = ORIENTED_EDGE('',*,*,#2510,.T.);
#2956 = ORIENTED_EDGE('',*,*,#2484,.T.);
#2957 = ORIENTED_EDGE('',*,*,#2459,.F.);
#2958 = ORIENTED_EDGE('',*,*,#2431,.T.);
#2959 = ORIENTED_EDGE('',*,*,#2408,.T.);
#2960 = ORIENTED_EDGE('',*,*,#2382,.T.);
#2961 = ORIENTED_EDGE('',*,*,#2357,.F.);
#2962 = ORIENTED_EDGE('',*,*,#2329,.T.);
#2963 = ORIENTED_EDGE('',*,*,#2306,.T.);
#2964 = ORIENTED_EDGE('',*,*,#2280,.T.);
#2965 = ORIENTED_EDGE('',*,*,#2255,.F.);
#2966 = ORIENTED_EDGE('',*,*,#2227,.T.);
#2967 = ORIENTED_EDGE('',*,*,#2204,.T.);
#2968 = ORIENTED_EDGE('',*,*,#2178,.T.);
#2969 = ORIENTED_EDGE('',*,*,#2153,.F.);
#2970 = ORIENTED_EDGE('',*,*,#2125,.T.);
#2971 = ORIENTED_EDGE('',*,*,#2102,.T.);
#2972 = ORIENTED_EDGE('',*,*,#2076,.T.);
#2973 = ORIENTED_EDGE('',*,*,#2051,.F.);
#2974 = ORIENTED_EDGE('',*,*,#2023,.T.);
#2975 = ORIENTED_EDGE('',*,*,#2000,.T.);
#2976 = ORIENTED_EDGE('',*,*,#1974,.T.);
#2977 = ORIENTED_EDGE('',*,*,#1949,.F.);
#2978 = ORIENTED_EDGE('',*,*,#1921,.T.);
#2979 = ORIENTED_EDGE('',*,*,#1898,.T.);
#2980 = ORIENTED_EDGE('',*,*,#1872,.T.);
#2981 = ORIENTED_EDGE('',*,*,#1847,.F.);
#2982 = ORIENTED_EDGE('',*,*,#1819,.T.);
#2983 = ORIENTED_EDGE('',*,*,#1796,.T.);
#2984 = ORIENTED_EDGE('',*,*,#1770,.T.);
#2985 = ORIENTED_EDGE('',*,*,#1745,.F.);
#2986 = ORIENTED_EDGE('',*,*,#1717,.T.);
#2987 = ORIENTED_EDGE('',*,*,#1694,.T.);
#2988 = ORIENTED_EDGE('',*,*,#1668,.T.);
#2989 = ORIENTED_EDGE('',*,*,#1643,.F.);
#2990 = ORIENTED_EDGE('',*,*,#1615,.T.);
#2991 = ORIENTED_EDGE('',*,*,#1592,.T.);
#2992 = ORIENTED_EDGE('',*,*,#1566,.T.);
#2993 = ORIENTED_EDGE('',*,*,#1541,.F.);
#2994 = ORIENTED_EDGE('',*,*,#1513,.T.);
#2995 = ORIENTED_EDGE('',*,*,#1490,.T.);
#2996 = ORIENTED_EDGE('',*,*,#1464,.T.);
#2997 = ORIENTED_EDGE('',*,*,#1439,.F.);
#2998 = ORIENTED_EDGE('',*,*,#1411,.T.);
#2999 = ORIENTED_EDGE('',*,*,#1388,.T.);
#3000 = ORIENTED_EDGE('',*,*,#1362,.T.);
#3001 = ORIENTED_EDGE('',*,*,#1337,.F.);
#3002 = ORIENTED_EDGE('',*,*,#1309,.T.);
#3003 = ORIENTED_EDGE('',*,*,#1277,.T.);
#3004 = ORIENTED_EDGE('',*,*,#2935,.F.);
#3005 = CONICAL_SURFACE('',#3006,32.,1.745329251994E-02);
#3006 = AXIS2_PLACEMENT_3D('',#3007,#3008,#3009);
#3007 = CARTESIAN_POINT('',(0.,0.,0.));
#3008 = DIRECTION('',(-0.,-0.,-1.));
#3009 = DIRECTION('',(1.,0.,0.));
#3010 = ( GEOMETRIC_REPRESENTATION_CONTEXT(3) 
GLOBAL_UNCERTAINTY_ASSIGNED_CONTEXT((#3014)) 
GLOBAL_UNIT_ASSIGNED_CONTEXT((#3011,#3012,#3013)) REPRESENTATION_CONTEXT
('Context #1','3D Context with UNIT and UNCERTAINTY') );
#3011 = ( LENGTH_UNIT() NAMED_UNIT(*) SI_UNIT(.MILLI.,.METRE.) );
#3012 = ( NAMED_UNIT(*) PLANE_ANGLE_UNIT() SI_UNIT($,.RADIAN.) );
#3013 = ( NAMED_UNIT(*) SI_UNIT($,.STERADIAN.) SOLID_ANGLE_UNIT() );
#3014 = UNCERTAINTY_MEASURE_WITH_UNIT(LENGTH_MEASURE(1.E-07),#3011,
  'distance_accuracy_value','confusion accuracy');
#3015 = CONTEXT_DEPENDENT_SHAPE_REPRESENTATION(#3016,#3018);
#3016 = ( REPRESENTATION_RELATIONSHIP('','',#70,#10) 
REPRESENTATION_RELATIONSHIP_WITH_TRANSFORMATION(#3017) 
SHAPE_REPRESENTATION_RELATIONSHIP() );
#3017 = ITEM_DEFINED_TRANSFORMATION('','',#11,#15);
#3018 = PRODUCT_DEFINITION_SHAPE('Placement','Placement of an item',
  #3019);
#3019 = NEXT_ASSEMBLY_USAGE_OCCURRENCE('1','Top','',#5,#65,$);
#3020 = CC_DESIGN_SECURITY_CLASSIFICATION(#3021,(#3019));
#3021 = SECURITY_CLASSIFICATION('','',#47);
#3022 = CC_DESIGN_PERSON_AND_ORGANIZATION_ASSIGNMENT(#36,#45,(#3021));
#3023 = CC_DESIGN_DATE_AND_TIME_ASSIGNMENT(#50,#56,(#3021));
#3024 = CC_DESIGN_APPROVAL(#58,(#3021));
#3025 = PRODUCT_RELATED_PRODUCT_CATEGORY('detail',$,(#67));
#3026 = PRODUCT_CATEGORY_RELATIONSHIP('','',#3027,#3025);
#3027 = PRODUCT_CATEGORY('part',$);
#3028 = CC_DESIGN_PERSON_AND_ORGANIZATION_ASSIGNMENT(#36,#39,(#66,#65));
#3029 = CC_DESIGN_PERSON_AND_ORGANIZATION_ASSIGNMENT(#36,#41,(#67));
#3030 = CC_DESIGN_PERSON_AND_ORGANIZATION_ASSIGNMENT(#36,#43,(#66));
#3031 = CC_DESIGN_PERSON_AND_ORGANIZATION_ASSIGNMENT(#36,#45,(#3032));
#3032 = SECURITY_CLASSIFICATION('','',#47);
#3033 = CC_DESIGN_SECURITY_CLASSIFICATION(#3032,(#66));
#3034 = CC_DESIGN_DATE_AND_TIME_ASSIGNMENT(#50,#54,(#65));
#3035 = CC_DESIGN_DATE_AND_TIME_ASSIGNMENT(#50,#56,(#3032));
#3036 = CC_DESIGN_APPROVAL(#58,(#66,#65,#3032));
#3037 = SHAPE_DEFINITION_REPRESENTATION(#3038,#3044);
#3038 = PRODUCT_DEFINITION_SHAPE('','',#3039);
#3039 = PRODUCT_DEFINITION('design','',#3040,#3043);
#3040 = PRODUCT_DEFINITION_FORMATION_WITH_SPECIFIED_SOURCE('','',#3041,
  .NOT_KNOWN.);
#3041 = PRODUCT('Body001','Body001','',(#3042));
#3042 = MECHANICAL_CONTEXT('',#2,'mechanical');
#3043 = DESIGN_CONTEXT('',#2,'design');
#3044 = ADVANCED_BREP_SHAPE_REPRESENTATION('',(#11,#3045),#3181);
#3045 = MANIFOLD_SOLID_BREP('',#3046);
#3046 = CLOSED_SHELL('',(#3047,#3075,#3100,#3120,#3145,#3165));
#3047 = ADVANCED_FACE('',(#3048,#3059),#3070,.F.);
#3048 = FACE_BOUND('',#3049,.F.);
#3049 = EDGE_LOOP('',(#3050));
#3050 = ORIENTED_EDGE('',*,*,#3051,.T.);
#3051 = EDGE_CURVE('',#3052,#3052,#3054,.T.);
#3052 = VERTEX_POINT('',#3053);
#3053 = CARTESIAN_POINT('',(37.5,0.,0.));
#3054 = CIRCLE('',#3055,37.5);
#3055 = AXIS2_PLACEMENT_3D('',#3056,#3057,#3058);
#3056 = CARTESIAN_POINT('',(0.,0.,0.));
#3057 = DIRECTION('',(0.,0.,1.));
#3058 = DIRECTION('',(1.,0.,0.));
#3059 = FACE_BOUND('',#3060,.T.);
#3060 = EDGE_LOOP('',(#3061));
#3061 = ORIENTED_EDGE('',*,*,#3062,.T.);
#3062 = EDGE_CURVE('',#3063,#3063,#3065,.T.);
#3063 = VERTEX_POINT('',#3064);
#3064 = CARTESIAN_POINT('',(35.05,0.,0.));
#3065 = CIRCLE('',#3066,35.05);
#3066 = AXIS2_PLACEMENT_3D('',#3067,#3068,#3069);
#3067 = CARTESIAN_POINT('',(0.,0.,0.));
#3068 = DIRECTION('',(0.,0.,1.));
#3069 = DIRECTION('',(1.,0.,0.));
#3070 = PLANE('',#3071);
#3071 = AXIS2_PLACEMENT_3D('',#3072,#3073,#3074);
#3072 = CARTESIAN_POINT('',(-3.62E-15,4.2E-16,0.));
#3073 = DIRECTION('',(0.,0.,1.));
#3074 = DIRECTION('',(1.,0.,0.));
#3075 = ADVANCED_FACE('',(#3076),#3095,.F.);
#3076 = FACE_BOUND('',#3077,.T.);
#3077 = EDGE_LOOP('',(#3078,#3086,#3093,#3094));
#3078 = ORIENTED_EDGE('',*,*,#3079,.T.);
#3079 = EDGE_CURVE('',#3063,#3080,#3082,.T.);
#3080 = VERTEX_POINT('',#3081);
#3081 = CARTESIAN_POINT('',(35.05,0.,11.));
#3082 = LINE('',#3083,#3084);
#3083 = CARTESIAN_POINT('',(35.05,0.,0.));
#3084 = VECTOR('',#3085,1.);
#3085 = DIRECTION('',(0.,0.,1.));
#3086 = ORIENTED_EDGE('',*,*,#3087,.T.);
#3087 = EDGE_CURVE('',#3080,#3080,#3088,.T.);
#3088 = CIRCLE('',#3089,35.05);
#3089 = AXIS2_PLACEMENT_3D('',#3090,#3091,#3092);
#3090 = CARTESIAN_POINT('',(0.,0.,11.));
#3091 = DIRECTION('',(0.,0.,1.));
#3092 = DIRECTION('',(1.,0.,0.));
#3093 = ORIENTED_EDGE('',*,*,#3079,.F.);
#3094 = ORIENTED_EDGE('',*,*,#3062,.F.);
#3095 = CYLINDRICAL_SURFACE('',#3096,35.05);
#3096 = AXIS2_PLACEMENT_3D('',#3097,#3098,#3099);
#3097 = CARTESIAN_POINT('',(0.,0.,0.));
#3098 = DIRECTION('',(-0.,-0.,-1.));
#3099 = DIRECTION('',(1.,0.,0.));
#3100 = ADVANCED_FACE('',(#3101,#3104),#3115,.F.);
#3101 = FACE_BOUND('',#3102,.F.);
#3102 = EDGE_LOOP('',(#3103));
#3103 = ORIENTED_EDGE('',*,*,#3087,.T.);
#3104 = FACE_BOUND('',#3105,.F.);
#3105 = EDGE_LOOP('',(#3106));
#3106 = ORIENTED_EDGE('',*,*,#3107,.F.);
#3107 = EDGE_CURVE('',#3108,#3108,#3110,.T.);
#3108 = VERTEX_POINT('',#3109);
#3109 = CARTESIAN_POINT('',(33.,0.,11.));
#3110 = CIRCLE('',#3111,33.);
#3111 = AXIS2_PLACEMENT_3D('',#3112,#3113,#3114);
#3112 = CARTESIAN_POINT('',(0.,0.,11.));
#3113 = DIRECTION('',(0.,0.,1.));
#3114 = DIRECTION('',(1.,0.,0.));
#3115 = PLANE('',#3116);
#3116 = AXIS2_PLACEMENT_3D('',#3117,#3118,#3119);
#3117 = CARTESIAN_POINT('',(-4.97E-15,4.3E-16,11.));
#3118 = DIRECTION('',(0.,0.,1.));
#3119 = DIRECTION('',(1.,0.,0.));
#3120 = ADVANCED_FACE('',(#3121),#3140,.F.);
#3121 = FACE_BOUND('',#3122,.T.);
#3122 = EDGE_LOOP('',(#3123,#3131,#3138,#3139));
#3123 = ORIENTED_EDGE('',*,*,#3124,.T.);
#3124 = EDGE_CURVE('',#3108,#3125,#3127,.T.);
#3125 = VERTEX_POINT('',#3126);
#3126 = CARTESIAN_POINT('',(33.,0.,18.));
#3127 = LINE('',#3128,#3129);
#3128 = CARTESIAN_POINT('',(33.,0.,11.));
#3129 = VECTOR('',#3130,1.);
#3130 = DIRECTION('',(0.,0.,1.));
#3131 = ORIENTED_EDGE('',*,*,#3132,.T.);
#3132 = EDGE_CURVE('',#3125,#3125,#3133,.T.);
#3133 = CIRCLE('',#3134,33.);
#3134 = AXIS2_PLACEMENT_3D('',#3135,#3136,#3137);
#3135 = CARTESIAN_POINT('',(0.,0.,18.));
#3136 = DIRECTION('',(0.,0.,1.));
#3137 = DIRECTION('',(1.,0.,0.));
#3138 = ORIENTED_EDGE('',*,*,#3124,.F.);
#3139 = ORIENTED_EDGE('',*,*,#3107,.F.);
#3140 = CYLINDRICAL_SURFACE('',#3141,33.);
#3141 = AXIS2_PLACEMENT_3D('',#3142,#3143,#3144);
#3142 = CARTESIAN_POINT('',(0.,0.,11.));
#3143 = DIRECTION('',(-0.,-0.,-1.));
#3144 = DIRECTION('',(1.,0.,0.));
#3145 = ADVANCED_FACE('',(#3146,#3157),#3160,.T.);
#3146 = FACE_BOUND('',#3147,.T.);
#3147 = EDGE_LOOP('',(#3148));
#3148 = ORIENTED_EDGE('',*,*,#3149,.T.);
#3149 = EDGE_CURVE('',#3150,#3150,#3152,.T.);
#3150 = VERTEX_POINT('',#3151);
#3151 = CARTESIAN_POINT('',(37.5,0.,18.));
#3152 = CIRCLE('',#3153,37.5);
#3153 = AXIS2_PLACEMENT_3D('',#3154,#3155,#3156);
#3154 = CARTESIAN_POINT('',(0.,0.,18.));
#3155 = DIRECTION('',(0.,0.,1.));
#3156 = DIRECTION('',(1.,0.,0.));
#3157 = FACE_BOUND('',#3158,.F.);
#3158 = EDGE_LOOP('',(#3159));
#3159 = ORIENTED_EDGE('',*,*,#3132,.T.);
#3160 = PLANE('',#3161);
#3161 = AXIS2_PLACEMENT_3D('',#3162,#3163,#3164);
#3162 = CARTESIAN_POINT('',(-4.97E-15,4.3E-16,18.));
#3163 = DIRECTION('',(0.,0.,1.));
#3164 = DIRECTION('',(1.,0.,0.));
#3165 = ADVANCED_FACE('',(#3166),#3176,.T.);
#3166 = FACE_BOUND('',#3167,.F.);
#3167 = EDGE_LOOP('',(#3168,#3169,#3174,#3175));
#3168 = ORIENTED_EDGE('',*,*,#3149,.T.);
#3169 = ORIENTED_EDGE('',*,*,#3170,.T.);
#3170 = EDGE_CURVE('',#3150,#3052,#3171,.T.);
#3171 = B_SPLINE_CURVE_WITH_KNOTS('',1,(#3172,#3173),.UNSPECIFIED.,.F.,
  .F.,(2,2),(-18.,0.),.PIECEWISE_BEZIER_KNOTS.);
#3172 = CARTESIAN_POINT('',(37.5,0.,18.));
#3173 = CARTESIAN_POINT('',(37.5,0.,0.));
#3174 = ORIENTED_EDGE('',*,*,#3051,.F.);
#3175 = ORIENTED_EDGE('',*,*,#3170,.F.);
#3176 = CYLINDRICAL_SURFACE('',#3177,37.5);
#3177 = AXIS2_PLACEMENT_3D('',#3178,#3179,#3180);
#3178 = CARTESIAN_POINT('',(0.,0.,0.));
#3179 = DIRECTION('',(-0.,-0.,-1.));
#3180 = DIRECTION('',(1.,0.,0.));
#3181 = ( GEOMETRIC_REPRESENTATION_CONTEXT(3) 
GLOBAL_UNCERTAINTY_ASSIGNED_CONTEXT((#3185)) 
GLOBAL_UNIT_ASSIGNED_CONTEXT((#3182,#3183,#3184)) REPRESENTATION_CONTEXT
('Context #1','3D Context with UNIT and UNCERTAINTY') );
#3182 = ( LENGTH_UNIT() NAMED_UNIT(*) SI_UNIT(.MILLI.,.METRE.) );
#3183 = ( NAMED_UNIT(*) PLANE_ANGLE_UNIT() SI_UNIT($,.RADIAN.) );
#3184 = ( NAMED_UNIT(*) SI_UNIT($,.STERADIAN.) SOLID_ANGLE_UNIT() );
#3185 = UNCERTAINTY_MEASURE_WITH_UNIT(LENGTH_MEASURE(2.E-06),#3182,
  'distance_accuracy_value','confusion accuracy');
#3186 = CONTEXT_DEPENDENT_SHAPE_REPRESENTATION(#3187,#3189);
#3187 = ( REPRESENTATION_RELATIONSHIP('','',#3044,#10) 
REPRESENTATION_RELATIONSHIP_WITH_TRANSFORMATION(#3188) 
SHAPE_REPRESENTATION_RELATIONSHIP() );
#3188 = ITEM_DEFINED_TRANSFORMATION('','',#11,#19);
#3189 = PRODUCT_DEFINITION_SHAPE('Placement','Placement of an item',
  #3190);
#3190 = NEXT_ASSEMBLY_USAGE_OCCURRENCE('2','Body001','',#5,#3039,$);
#3191 = CC_DESIGN_SECURITY_CLASSIFICATION(#3192,(#3190));
#3192 = SECURITY_CLASSIFICATION('','',#47);
#3193 = CC_DESIGN_PERSON_AND_ORGANIZATION_ASSIGNMENT(#36,#45,(#3192));
#3194 = CC_DESIGN_DATE_AND_TIME_ASSIGNMENT(#50,#56,(#3192));
#3195 = CC_DESIGN_APPROVAL(#58,(#3192));
#3196 = PRODUCT_RELATED_PRODUCT_CATEGORY('detail',$,(#3041));
#3197 = PRODUCT_CATEGORY_RELATIONSHIP('','',#3198,#3196);
#3198 = PRODUCT_CATEGORY('part',$);
#3199 = CC_DESIGN_PERSON_AND_ORGANIZATION_ASSIGNMENT(#36,#39,(#3040,
    #3039));
#3200 = CC_DESIGN_PERSON_AND_ORGANIZATION_ASSIGNMENT(#36,#41,(#3041));
#3201 = CC_DESIGN_PERSON_AND_ORGANIZATION_ASSIGNMENT(#36,#43,(#3040));
#3202 = CC_DESIGN_PERSON_AND_ORGANIZATION_ASSIGNMENT(#36,#45,(#3203));
#3203 = SECURITY_CLASSIFICATION('','',#47);
#3204 = CC_DESIGN_SECURITY_CLASSIFICATION(#3203,(#3040));
#3205 = CC_DESIGN_DATE_AND_TIME_ASSIGNMENT(#50,#54,(#3039));
#3206 = CC_DESIGN_DATE_AND_TIME_ASSIGNMENT(#50,#56,(#3203));
#3207 = CC_DESIGN_APPROVAL(#58,(#3040,#3039,#3203));
#3208 = SHAPE_DEFINITION_REPRESENTATION(#3209,#3215);
#3209 = PRODUCT_DEFINITION_SHAPE('','',#3210);
#3210 = PRODUCT_DEFINITION('design','',#3211,#3214);
#3211 = PRODUCT_DEFINITION_FORMATION_WITH_SPECIFIED_SOURCE('','',#3212,
  .NOT_KNOWN.);
#3212 = PRODUCT('Body','Body','',(#3213));
#3213 = MECHANICAL_CONTEXT('',#2,'mechanical');
#3214 = DESIGN_CONTEXT('',#2,'design');
#3215 = ADVANCED_BREP_SHAPE_REPRESENTATION('',(#11,#3216),#8011);
#3216 = MANIFOLD_SOLID_BREP('',#3217);
#3217 = CLOSED_SHELL('',(#3218,#3262,#4372,#4412,#4437,#4470,#4518,#4542
    ,#4583,#4609,#4649,#4673,#4714,#4740,#4780,#4804,#4845,#4871,#4911,
    #4935,#4976,#5002,#5042,#5066,#5107,#5133,#5173,#5197,#5238,#5264,
    #5304,#5328,#5369,#5395,#5435,#5459,#5500,#5526,#5566,#5590,#5631,
    #5657,#5697,#5721,#5762,#5788,#5828,#5852,#5893,#5919,#5959,#5976,
    #6001,#6091,#6132,#6158,#6198,#6222,#6263,#6289,#6329,#6353,#6394,
    #6420,#6460,#6484,#6525,#6543,#6561,#6734,#6752,#6764,#6782,#6794,
    #6812,#6824,#6842,#6854,#6872,#6884,#6902,#6914,#6932,#6944,#6962,
    #6974,#6992,#7004,#7022,#7034,#7052,#7064,#7082,#7094,#7120,#7151,
    #7185,#7209,#7234,#7258,#7283,#7307,#7334,#7352,#7364,#7382,#7394,
    #7412,#7424,#7449,#7559,#7586,#7611,#7643,#7683,#7736,#7761,#7796,
    #7829,#7921,#7956,#7973,#7990,#7999));
#3218 = ADVANCED_FACE('',(#3219),#3257,.T.);
#3219 = FACE_BOUND('',#3220,.T.);
#3220 = EDGE_LOOP('',(#3221,#3232,#3241,#3250));
#3221 = ORIENTED_EDGE('',*,*,#3222,.F.);
#3222 = EDGE_CURVE('',#3223,#3225,#3227,.T.);
#3223 = VERTEX_POINT('',#3224);
#3224 = CARTESIAN_POINT('',(34.921590579863,0.499491,12.311338480768));
#3225 = VERTEX_POINT('',#3226);
#3226 = CARTESIAN_POINT('',(32.454865815506,12.901498548005,
    12.311338480768));
#3227 = CIRCLE('',#3228,34.925162560633);
#3228 = AXIS2_PLACEMENT_3D('',#3229,#3230,#3231);
#3229 = CARTESIAN_POINT('',(0.,0.,12.311338480768));
#3230 = DIRECTION('',(-0.,0.,1.));
#3231 = DIRECTION('',(1.,-6.E-17,0.));
#3232 = ORIENTED_EDGE('',*,*,#3233,.F.);
#3233 = EDGE_CURVE('',#3234,#3223,#3236,.T.);
#3234 = VERTEX_POINT('',#3235);
#3235 = CARTESIAN_POINT('',(35.246460939234,0.499491,10.));
#3236 = HYPERBOLA('',#3237,3.554063138003,0.499491);
#3237 = AXIS2_PLACEMENT_3D('',#3238,#3239,#3240);
#3238 = CARTESIAN_POINT('',(-1.1E-16,0.499491,260.81678271404));
#3239 = DIRECTION('',(-2.2E-16,1.,0.));
#3240 = DIRECTION('',(0.,0.,-1.));
#3241 = ORIENTED_EDGE('',*,*,#3242,.T.);
#3242 = EDGE_CURVE('',#3234,#3243,#3245,.T.);
#3243 = VERTEX_POINT('',#3244);
#3244 = CARTESIAN_POINT('',(32.755007015366,13.025821103613,10.));
#3245 = CIRCLE('',#3246,35.25);
#3246 = AXIS2_PLACEMENT_3D('',#3247,#3248,#3249);
#3247 = CARTESIAN_POINT('',(0.,0.,10.));
#3248 = DIRECTION('',(0.,0.,1.));
#3249 = DIRECTION('',(1.,0.,0.));
#3250 = ORIENTED_EDGE('',*,*,#3251,.F.);
#3251 = EDGE_CURVE('',#3225,#3243,#3252,.T.);
#3252 = HYPERBOLA('',#3253,3.561306584381,0.500509);
#3253 = AXIS2_PLACEMENT_3D('',#3254,#3255,#3256);
#3254 = CARTESIAN_POINT('',(0.19153650205,-0.462410020938,
    260.81678271404));
#3255 = DIRECTION('',(0.382683432365,-0.923879532511,0.));
#3256 = DIRECTION('',(0.,0.,-1.));
#3257 = CONICAL_SURFACE('',#3258,35.25,0.13962634016);
#3258 = AXIS2_PLACEMENT_3D('',#3259,#3260,#3261);
#3259 = CARTESIAN_POINT('',(0.,0.,10.));
#3260 = DIRECTION('',(-0.,-0.,-1.));
#3261 = DIRECTION('',(1.,0.,0.));
#3262 = ADVANCED_FACE('',(#3263),#4367,.T.);
#3263 = FACE_BOUND('',#3264,.T.);
#3264 = EDGE_LOOP('',(#3265,#3290,#3299,#3322,#3335,#3358,#3367,#3390,
    #3403,#3426,#3435,#3458,#3471,#3494,#3503,#3526,#3536,#3545,#3552,
    #3553,#3563,#3584,#3585,#3608,#3621,#3644,#3653,#3676,#3689,#3712,
    #3721,#3744,#3757,#3780,#3789,#3812,#3825,#3848,#3857,#3880,#3893,
    #3916,#3925,#3948,#3961,#3984,#3993,#4016,#4029,#4052,#4061,#4084,
    #4097,#4120,#4129,#4152,#4165,#4188,#4197,#4220,#4233,#4256,#4265,
    #4288,#4301,#4324,#4333,#4356));
#3265 = ORIENTED_EDGE('',*,*,#3266,.F.);
#3266 = EDGE_CURVE('',#3267,#3269,#3271,.T.);
#3267 = VERTEX_POINT('',#3268);
#3268 = CARTESIAN_POINT('',(0.499491,-34.92159057986,12.311338480768));
#3269 = VERTEX_POINT('',#3270);
#3270 = CARTESIAN_POINT('',(0.499491,-34.171986,12.998860260401));
#3271 = B_SPLINE_CURVE_WITH_KNOTS('',5,(#3272,#3273,#3274,#3275,#3276,
    #3277,#3278,#3279,#3280,#3281,#3282,#3283,#3284,#3285,#3286,#3287,
    #3288,#3289),.UNSPECIFIED.,.F.,.F.,(6,4,4,4,6),(0.,0.237995817203,
    0.473994248265,0.736995724161,1.),.UNSPECIFIED.);
#3272 = CARTESIAN_POINT('',(0.499491,-34.92159057986,12.311338480768));
#3273 = CARTESIAN_POINT('',(0.499491,-34.91400501802,12.365307037594));
#3274 = CARTESIAN_POINT('',(0.499491,-34.90182315003,12.418630525273));
#3275 = CARTESIAN_POINT('',(0.499491,-34.88511871975,12.470784601716));
#3276 = CARTESIAN_POINT('',(0.499491,-34.86405382626,12.521263295067));
#3277 = CARTESIAN_POINT('',(0.499491,-34.81390375957,12.61752513534));
#3278 = CARTESIAN_POINT('',(0.499491,-34.7848865956,12.663345644368));
#3279 = CARTESIAN_POINT('',(0.499491,-34.75206021474,12.706600780524));
#3280 = CARTESIAN_POINT('',(0.499491,-34.71573777789,12.746878001261));
#3281 = CARTESIAN_POINT('',(0.499491,-34.6323413466,12.82499830775));
#3282 = CARTESIAN_POINT('',(0.499491,-34.58451085842,12.862037238748));
#3283 = CARTESIAN_POINT('',(0.499491,-34.53332664149,12.894452373729));
#3284 = CARTESIAN_POINT('',(0.499491,-34.47939552353,12.921859514776));
#3285 = CARTESIAN_POINT('',(0.499491,-34.36736914242,12.966132355553));
#3286 = CARTESIAN_POINT('',(0.499491,-34.30927116654,12.982998997575));
#3287 = CARTESIAN_POINT('',(0.499491,-34.24975388518,12.994332983963));
#3288 = CARTESIAN_POINT('',(0.499491,-34.18952284003,13.));
#3289 = CARTESIAN_POINT('',(0.499491,-34.12929321159,13.));
#3290 = ORIENTED_EDGE('',*,*,#3291,.T.);
#3291 = EDGE_CURVE('',#3267,#3292,#3294,.T.);
#3292 = VERTEX_POINT('',#3293);
#3293 = CARTESIAN_POINT('',(12.901498548005,-32.4548658155,
    12.311338480768));
#3294 = CIRCLE('',#3295,34.925162560633);
#3295 = AXIS2_PLACEMENT_3D('',#3296,#3297,#3298);
#3296 = CARTESIAN_POINT('',(0.,0.,12.311338480768));
#3297 = DIRECTION('',(-0.,0.,1.));
#3298 = DIRECTION('',(1.,-6.E-17,0.));
#3299 = ORIENTED_EDGE('',*,*,#3300,.T.);
#3300 = EDGE_CURVE('',#3292,#3301,#3303,.T.);
#3301 = VERTEX_POINT('',#3302);
#3302 = CARTESIAN_POINT('',(12.614642872274,-31.76233495271,
    12.998859464398));
#3303 = B_SPLINE_CURVE_WITH_KNOTS('',5,(#3304,#3305,#3306,#3307,#3308,
    #3309,#3310,#3311,#3312,#3313,#3314,#3315,#3316,#3317,#3318,#3319,
    #3320,#3321),.UNSPECIFIED.,.F.,.F.,(6,4,4,4,6),(0.,0.23799579928,
    0.473994222981,0.736995705805,1.),.UNSPECIFIED.);
#3304 = CARTESIAN_POINT('',(12.901498548005,-32.4548658155,
    12.311338480768));
#3305 = CARTESIAN_POINT('',(12.898595677914,-32.44785766716,
    12.365307038313));
#3306 = CARTESIAN_POINT('',(12.893933876839,-32.43660308378,
    12.41863052649));
#3307 = CARTESIAN_POINT('',(12.88754136538,-32.42117019591,
    12.470784603023));
#3308 = CARTESIAN_POINT('',(12.879480176271,-32.40170876384,
    12.521263295961));
#3309 = CARTESIAN_POINT('',(12.8602885685,-32.35537612408,
    12.617525136567));
#3310 = CARTESIAN_POINT('',(12.849184175715,-32.32856774841,
    12.66334564617));
#3311 = CARTESIAN_POINT('',(12.83662205824,-32.29824011403,
    12.706600782214));
#3312 = CARTESIAN_POINT('',(12.822722057704,-32.26468254422,
    12.746878002277));
#3313 = CARTESIAN_POINT('',(12.790807611532,-32.18763425544,
    12.824998308987));
#3314 = CARTESIAN_POINT('',(12.772503668043,-32.14344462682,
    12.862037240319));
#3315 = CARTESIAN_POINT('',(12.752916307842,-32.09615655617,
    12.89445237496));
#3316 = CARTESIAN_POINT('',(12.732277753974,-32.04633067951,
    12.921859515375));
#3317 = CARTESIAN_POINT('',(12.689407095748,-31.942831755,
    12.966132355916));
#3318 = CARTESIAN_POINT('',(12.667173953208,-31.88915620074,
    12.982998997872));
#3319 = CARTESIAN_POINT('',(12.644397665902,-31.83416937903,
    12.994332984067));
#3320 = CARTESIAN_POINT('',(12.621348232977,-31.77852312546,13.));
#3321 = CARTESIAN_POINT('',(12.598299342177,-31.72287818069,13.));
#3322 = ORIENTED_EDGE('',*,*,#3323,.T.);
#3323 = EDGE_CURVE('',#3301,#3324,#3326,.T.);
#3324 = VERTEX_POINT('',#3325);
#3325 = CARTESIAN_POINT('',(13.538522404785,-31.37965152034,
    12.998860260401));
#3326 = B_SPLINE_CURVE_WITH_KNOTS('',7,(#3327,#3328,#3329,#3330,#3331,
    #3332,#3333,#3334),.UNSPECIFIED.,.F.,.F.,(8,8),(0.,1.),
  .PIECEWISE_BEZIER_KNOTS.);
#3327 = CARTESIAN_POINT('',(12.522254919023,-31.80060329594,
    12.99877173098));
#3328 = CARTESIAN_POINT('',(12.542979009841,-31.79201909646,
    12.998793603624));
#3329 = CARTESIAN_POINT('',(12.635138456587,-31.75384540372,
    12.998896034536));
#3330 = CARTESIAN_POINT('',(12.818323853892,-31.67796752772,
    12.999048170883));
#3331 = CARTESIAN_POINT('',(13.085027487782,-31.56749526543,
    12.999232059146));
#3332 = CARTESIAN_POINT('',(13.387763787564,-31.44209778424,
    12.999049677286));
#3333 = CARTESIAN_POINT('',(13.625666492785,-31.34355525721,
    12.998778243328));
#3334 = CARTESIAN_POINT('',(13.630910358037,-31.34138317711,
    12.998772722249));
#3335 = ORIENTED_EDGE('',*,*,#3336,.F.);
#3336 = EDGE_CURVE('',#3337,#3324,#3339,.T.);
#3337 = VERTEX_POINT('',#3338);
#3338 = CARTESIAN_POINT('',(13.825383658324,-32.07219584915,
    12.311338480768));
#3339 = B_SPLINE_CURVE_WITH_KNOTS('',5,(#3340,#3341,#3342,#3343,#3344,
    #3345,#3346,#3347,#3348,#3349,#3350,#3351,#3352,#3353,#3354,#3355,
    #3356,#3357),.UNSPECIFIED.,.F.,.F.,(6,4,4,4,6),(0.,0.237995817203,
    0.473994248265,0.736995724161,1.),.UNSPECIFIED.);
#3340 = CARTESIAN_POINT('',(13.825383658324,-32.07219584915,
    12.311338480768));
#3341 = CARTESIAN_POINT('',(13.822480789483,-32.06518770383,
    12.365307037594));
#3342 = CARTESIAN_POINT('',(13.817818990429,-32.05393312533,
    12.418630525273));
#3343 = CARTESIAN_POINT('',(13.811426481714,-32.03850024409,
    12.470784601716));
#3344 = CARTESIAN_POINT('',(13.80336529597,-32.01903882014,
    12.521263295067));
#3345 = CARTESIAN_POINT('',(13.784173696314,-31.97270619997,
    12.61752513534));
#3346 = CARTESIAN_POINT('',(13.773069308408,-31.94589783608,
    12.663345644368));
#3347 = CARTESIAN_POINT('',(13.76050719631,-31.91557021468,
    12.706600780524));
#3348 = CARTESIAN_POINT('',(13.746607201505,-31.88201265871,
    12.746878001261));
#3349 = CARTESIAN_POINT('',(13.714692768933,-31.80496440275,
    12.82499830775));
#3350 = CARTESIAN_POINT('',(13.696388833542,-31.76077479369,
    12.862037238748));
#3351 = CARTESIAN_POINT('',(13.676801481726,-31.71348674328,
    12.894452373729));
#3352 = CARTESIAN_POINT('',(13.656162936392,-31.66366088723,
    12.921859514776));
#3353 = CARTESIAN_POINT('',(13.613292296353,-31.56016200662,
    12.966132355553));
#3354 = CARTESIAN_POINT('',(13.591059163531,-31.50648647583,
    12.982998997575));
#3355 = CARTESIAN_POINT('',(13.568282886017,-31.45149967775,
    12.994332983963));
#3356 = CARTESIAN_POINT('',(13.545233462922,-31.39585344791,13.));
#3357 = CARTESIAN_POINT('',(13.522184581982,-31.34020852695,13.));
#3358 = ORIENTED_EDGE('',*,*,#3359,.T.);
#3359 = EDGE_CURVE('',#3337,#3360,#3362,.T.);
#3360 = VERTEX_POINT('',#3361);
#3361 = CARTESIAN_POINT('',(24.339369894452,-25.04719651034,
    12.311338480768));
#3362 = CIRCLE('',#3363,34.925162560633);
#3363 = AXIS2_PLACEMENT_3D('',#3364,#3365,#3366);
#3364 = CARTESIAN_POINT('',(0.,0.,12.311338480768));
#3365 = DIRECTION('',(-0.,0.,1.));
#3366 = DIRECTION('',(1.,-6.E-17,0.));
#3367 = ORIENTED_EDGE('',*,*,#3368,.T.);
#3368 = EDGE_CURVE('',#3360,#3369,#3371,.T.);
#3369 = VERTEX_POINT('',#3370);
#3370 = CARTESIAN_POINT('',(23.809329719267,-24.51715633515,
    12.998859464398));
#3371 = B_SPLINE_CURVE_WITH_KNOTS('',5,(#3372,#3373,#3374,#3375,#3376,
    #3377,#3378,#3379,#3380,#3381,#3382,#3383,#3384,#3385,#3386,#3387,
    #3388,#3389),.UNSPECIFIED.,.F.,.F.,(6,4,4,4,6),(0.,0.23799579928,
    0.473994222981,0.736995705805,1.),.UNSPECIFIED.);
#3372 = CARTESIAN_POINT('',(24.339369894452,-25.04719651034,
    12.311338480768));
#3373 = CARTESIAN_POINT('',(24.334006089926,-25.04183270581,
    12.365307038313));
#3374 = CARTESIAN_POINT('',(24.325392204731,-25.03321882062,
    12.41863052649));
#3375 = CARTESIAN_POINT('',(24.313580383734,-25.02140699962,
    12.470784603023));
#3376 = CARTESIAN_POINT('',(24.298685248484,-25.00651186437,
    12.521263295961));
#3377 = CARTESIAN_POINT('',(24.263223781253,-24.97105039714,
    12.617525136567));
#3378 = CARTESIAN_POINT('',(24.242705538822,-24.95053215471,
    12.66334564617));
#3379 = CARTESIAN_POINT('',(24.219493772381,-24.92732038827,
    12.706600782214));
#3380 = CARTESIAN_POINT('',(24.193809920388,-24.90163653627,
    12.746878002277));
#3381 = CARTESIAN_POINT('',(24.134839713168,-24.84266632905,
    12.824998308987));
#3382 = CARTESIAN_POINT('',(24.101018435661,-24.80884505155,
    12.862037240319));
#3383 = CARTESIAN_POINT('',(24.064825713289,-24.77265232917,
    12.89445237496));
#3384 = CARTESIAN_POINT('',(24.02669063829,-24.73451725418,
    12.921859515375));
#3385 = CARTESIAN_POINT('',(23.947475990931,-24.65530260682,
    12.966132355916));
#3386 = CARTESIAN_POINT('',(23.906394500258,-24.61422111614,
    12.982998997872));
#3387 = CARTESIAN_POINT('',(23.864309408921,-24.57213602481,
    12.994332984067));
#3388 = CARTESIAN_POINT('',(23.82171961029,-24.52954622618,13.));
#3389 = CARTESIAN_POINT('',(23.779130813376,-24.48695742926,13.));
#3390 = ORIENTED_EDGE('',*,*,#3391,.T.);
#3391 = EDGE_CURVE('',#3369,#3392,#3394,.T.);
#3392 = VERTEX_POINT('',#3393);
#3393 = CARTESIAN_POINT('',(24.516436500453,-23.81004955397,
    12.998860260401));
#3394 = B_SPLINE_CURVE_WITH_KNOTS('',7,(#3395,#3396,#3397,#3398,#3399,
    #3400,#3401,#3402),.UNSPECIFIED.,.F.,.F.,(8,8),(0.,1.),
  .PIECEWISE_BEZIER_KNOTS.);
#3395 = CARTESIAN_POINT('',(23.738619041148,-24.58786701327,
    12.99877173098));
#3396 = CARTESIAN_POINT('',(23.754480573562,-24.57200548086,
    12.998793603624));
#3397 = CARTESIAN_POINT('',(23.825016360372,-24.50146969405,
    12.998896034536));
#3398 = CARTESIAN_POINT('',(23.965220393574,-24.36126566084,
    12.999048170883));
#3399 = CARTESIAN_POINT('',(24.169346517653,-24.15713953677,
    12.999232059146));
#3400 = CARTESIAN_POINT('',(24.40105085026,-23.92543520416,
    12.999049677286));
#3401 = CARTESIAN_POINT('',(24.583133697864,-23.74335235655,
    12.998778243328));
#3402 = CARTESIAN_POINT('',(24.587147178572,-23.73933887585,
    12.998772722249));
#3403 = ORIENTED_EDGE('',*,*,#3404,.F.);
#3404 = EDGE_CURVE('',#3405,#3392,#3407,.T.);
#3405 = VERTEX_POINT('',#3406);
#3406 = CARTESIAN_POINT('',(25.046486982083,-24.3401000356,
    12.311338480768));
#3407 = B_SPLINE_CURVE_WITH_KNOTS('',5,(#3408,#3409,#3410,#3411,#3412,
    #3413,#3414,#3415,#3416,#3417,#3418,#3419,#3420,#3421,#3422,#3423,
    #3424,#3425),.UNSPECIFIED.,.F.,.F.,(6,4,4,4,6),(0.,0.237995817203,
    0.473994248265,0.736995724161,1.),.UNSPECIFIED.);
#3408 = CARTESIAN_POINT('',(25.046486982083,-24.3401000356,
    12.311338480768));
#3409 = CARTESIAN_POINT('',(25.041123179867,-24.33473623338,
    12.365307037594));
#3410 = CARTESIAN_POINT('',(25.032509298406,-24.32612235192,
    12.418630525273));
#3411 = CARTESIAN_POINT('',(25.02069748248,-24.31431053599,
    12.470784601716));
#3412 = CARTESIAN_POINT('',(25.005802353447,-24.29941540696,
    12.521263295067));
#3413 = CARTESIAN_POINT('',(24.970340901211,-24.26395395472,
    12.61752513534));
#3414 = CARTESIAN_POINT('',(24.949822667796,-24.24343572131,
    12.663345644368));
#3415 = CARTESIAN_POINT('',(24.92661091129,-24.2202239648,
    12.706600780524));
#3416 = CARTESIAN_POINT('',(24.900927069886,-24.1945401234,
    12.746878001261));
#3417 = CARTESIAN_POINT('',(24.841956887795,-24.13556994131,
    12.82499830775));
#3418 = CARTESIAN_POINT('',(24.808135625251,-24.10174867876,
    12.862037238748));
#3419 = CARTESIAN_POINT('',(24.771942918372,-24.06555597188,
    12.894452373729));
#3420 = CARTESIAN_POINT('',(24.733807859144,-24.02742091266,
    12.921859514776));
#3421 = CARTESIAN_POINT('',(24.654593245389,-23.9482062989,
    12.966132355553));
#3422 = CARTESIAN_POINT('',(24.613511772673,-23.90712482619,
    12.982998997575));
#3423 = CARTESIAN_POINT('',(24.571426699428,-23.86503975294,
    12.994332983963));
#3424 = CARTESIAN_POINT('',(24.528836918962,-23.82244997247,13.));
#3425 = CARTESIAN_POINT('',(24.486248140267,-23.77986119378,13.));
#3426 = ORIENTED_EDGE('',*,*,#3427,.T.);
#3427 = EDGE_CURVE('',#3405,#3428,#3430,.T.);
#3428 = VERTEX_POINT('',#3429);
#3429 = CARTESIAN_POINT('',(32.071792811406,-13.82631858988,
    12.311338480768));
#3430 = CIRCLE('',#3431,34.925162560633);
#3431 = AXIS2_PLACEMENT_3D('',#3432,#3433,#3434);
#3432 = CARTESIAN_POINT('',(0.,0.,12.311338480768));
#3433 = DIRECTION('',(-0.,0.,1.));
#3434 = DIRECTION('',(1.,-6.E-17,0.));
#3435 = ORIENTED_EDGE('',*,*,#3436,.T.);
#3436 = EDGE_CURVE('',#3428,#3437,#3439,.T.);
#3437 = VERTEX_POINT('',#3438);
#3438 = CARTESIAN_POINT('',(31.379261948613,-13.53946291414,
    12.998859464398));
#3439 = B_SPLINE_CURVE_WITH_KNOTS('',5,(#3440,#3441,#3442,#3443,#3444,
    #3445,#3446,#3447,#3448,#3449,#3450,#3451,#3452,#3453,#3454,#3455,
    #3456,#3457),.UNSPECIFIED.,.F.,.F.,(6,4,4,4,6),(0.,0.23799579928,
    0.473994222981,0.736995705805,1.),.UNSPECIFIED.);
#3440 = CARTESIAN_POINT('',(32.071792811406,-13.82631858988,
    12.311338480768));
#3441 = CARTESIAN_POINT('',(32.064784663062,-13.82341571978,
    12.365307038313));
#3442 = CARTESIAN_POINT('',(32.053530079681,-13.81875391871,
    12.41863052649));
#3443 = CARTESIAN_POINT('',(32.03809719182,-13.81236140725,
    12.470784603023));
#3444 = CARTESIAN_POINT('',(32.018635759745,-13.80430021814,
    12.521263295961));
#3445 = CARTESIAN_POINT('',(31.972303119981,-13.78510861037,
    12.617525136567));
#3446 = CARTESIAN_POINT('',(31.945494744316,-13.77400421759,
    12.66334564617));
#3447 = CARTESIAN_POINT('',(31.915167109936,-13.76144210011,
    12.706600782214));
#3448 = CARTESIAN_POINT('',(31.881609540125,-13.74754209958,
    12.746878002277));
#3449 = CARTESIAN_POINT('',(31.804561251341,-13.7156276534,
    12.824998308987));
#3450 = CARTESIAN_POINT('',(31.760371622725,-13.69732370991,
    12.862037240319));
#3451 = CARTESIAN_POINT('',(31.713083552076,-13.67773634971,
    12.89445237496));
#3452 = CARTESIAN_POINT('',(31.66325767542,-13.65709779584,
    12.921859515375));
#3453 = CARTESIAN_POINT('',(31.559758750904,-13.61422713762,
    12.966132355916));
#3454 = CARTESIAN_POINT('',(31.50608319665,-13.59199399508,
    12.982998997872));
#3455 = CARTESIAN_POINT('',(31.451096374935,-13.56921770777,
    12.994332984067));
#3456 = CARTESIAN_POINT('',(31.395450121362,-13.54616827485,13.));
#3457 = CARTESIAN_POINT('',(31.339805176596,-13.52311938405,13.));
#3458 = ORIENTED_EDGE('',*,*,#3459,.T.);
#3459 = EDGE_CURVE('',#3437,#3460,#3462,.T.);
#3460 = VERTEX_POINT('',#3461);
#3461 = CARTESIAN_POINT('',(31.761945380978,-12.61558338163,
    12.998860260401));
#3462 = B_SPLINE_CURVE_WITH_KNOTS('',7,(#3463,#3464,#3465,#3466,#3467,
    #3468,#3469,#3470),.UNSPECIFIED.,.F.,.F.,(8,8),(0.,1.),
  .PIECEWISE_BEZIER_KNOTS.);
#3463 = CARTESIAN_POINT('',(31.340993605376,-13.6318508674,
    12.99877173098));
#3464 = CARTESIAN_POINT('',(31.349577804861,-13.61112677658,
    12.998793603624));
#3465 = CARTESIAN_POINT('',(31.387751497603,-13.51896732983,
    12.998896034536));
#3466 = CARTESIAN_POINT('',(31.463629373598,-13.33578193252,
    12.999048170883));
#3467 = CARTESIAN_POINT('',(31.574101635886,-13.06907829864,
    12.999232059146));
#3468 = CARTESIAN_POINT('',(31.699499117081,-12.76634199885,
    12.999049677286));
#3469 = CARTESIAN_POINT('',(31.798041644107,-12.52843929364,
    12.998778243328));
#3470 = CARTESIAN_POINT('',(31.800213724214,-12.52319542838,
    12.998772722249));
#3471 = ORIENTED_EDGE('',*,*,#3472,.F.);
#3472 = EDGE_CURVE('',#3473,#3460,#3475,.T.);
#3473 = VERTEX_POINT('',#3474);
#3474 = CARTESIAN_POINT('',(32.45448970979,-12.90244463517,
    12.311338480768));
#3475 = B_SPLINE_CURVE_WITH_KNOTS('',5,(#3476,#3477,#3478,#3479,#3480,
    #3481,#3482,#3483,#3484,#3485,#3486,#3487,#3488,#3489,#3490,#3491,
    #3492,#3493),.UNSPECIFIED.,.F.,.F.,(6,4,4,4,6),(0.,0.237995817203,
    0.473994248265,0.736995724161,1.),.UNSPECIFIED.);
#3476 = CARTESIAN_POINT('',(32.45448970979,-12.90244463517,
    12.311338480768));
#3477 = CARTESIAN_POINT('',(32.447481564464,-12.89954176633,
    12.365307037594));
#3478 = CARTESIAN_POINT('',(32.436226985962,-12.89487996728,
    12.418630525273));
#3479 = CARTESIAN_POINT('',(32.420794104726,-12.88848745856,
    12.470784601716));
#3480 = CARTESIAN_POINT('',(32.401332680775,-12.88042627282,
    12.521263295067));
#3481 = CARTESIAN_POINT('',(32.355000060601,-12.86123467316,
    12.61752513534));
#3482 = CARTESIAN_POINT('',(32.328191696717,-12.85013028526,
    12.663345644368));
#3483 = CARTESIAN_POINT('',(32.297864075317,-12.83756817316,
    12.706600780524));
#3484 = CARTESIAN_POINT('',(32.264306519342,-12.82366817835,
    12.746878001261));
#3485 = CARTESIAN_POINT('',(32.18725826339,-12.79175374578,
    12.82499830775));
#3486 = CARTESIAN_POINT('',(32.143068654325,-12.77344981039,
    12.862037238748));
#3487 = CARTESIAN_POINT('',(32.095780603919,-12.75386245857,
    12.894452373729));
#3488 = CARTESIAN_POINT('',(32.045954747867,-12.73322391324,
    12.921859514776));
#3489 = CARTESIAN_POINT('',(31.942455867258,-12.6903532732,
    12.966132355553));
#3490 = CARTESIAN_POINT('',(31.888780336465,-12.66812014038,
    12.982998997575));
#3491 = CARTESIAN_POINT('',(31.833793538389,-12.64534386287,
    12.994332983963));
#3492 = CARTESIAN_POINT('',(31.778147308549,-12.62229443977,13.));
#3493 = CARTESIAN_POINT('',(31.722502387587,-12.59924555883,13.));
#3494 = ORIENTED_EDGE('',*,*,#3495,.T.);
#3495 = EDGE_CURVE('',#3473,#3496,#3498,.T.);
#3496 = VERTEX_POINT('',#3497);
#3497 = CARTESIAN_POINT('',(34.92157600435,-0.500509,12.311338480768));
#3498 = CIRCLE('',#3499,34.925162560633);
#3499 = AXIS2_PLACEMENT_3D('',#3500,#3501,#3502);
#3500 = CARTESIAN_POINT('',(0.,0.,12.311338480768));
#3501 = DIRECTION('',(-0.,0.,1.));
#3502 = DIRECTION('',(1.,-6.E-17,0.));
#3503 = ORIENTED_EDGE('',*,*,#3504,.T.);
#3504 = EDGE_CURVE('',#3496,#3505,#3507,.T.);
#3505 = VERTEX_POINT('',#3506);
#3506 = CARTESIAN_POINT('',(34.171986,-0.500509,12.998859464398));
#3507 = B_SPLINE_CURVE_WITH_KNOTS('',5,(#3508,#3509,#3510,#3511,#3512,
    #3513,#3514,#3515,#3516,#3517,#3518,#3519,#3520,#3521,#3522,#3523,
    #3524,#3525),.UNSPECIFIED.,.F.,.F.,(6,4,4,4,6),(0.,0.23799579928,
    0.473994222981,0.736995705805,1.),.UNSPECIFIED.);
#3508 = CARTESIAN_POINT('',(34.92157600435,-0.500509,12.311338480768));
#3509 = CARTESIAN_POINT('',(34.913990439243,-0.500509,12.365307038313));
#3510 = CARTESIAN_POINT('',(34.901808565975,-0.500509,12.41863052649));
#3511 = CARTESIAN_POINT('',(34.885104128525,-0.500509,12.470784603023));
#3512 = CARTESIAN_POINT('',(34.864039226241,-0.500509,12.521263295961));
#3513 = CARTESIAN_POINT('',(34.813889138341,-0.500509,12.617525136567));
#3514 = CARTESIAN_POINT('',(34.784871961619,-0.500509,12.66334564617));
#3515 = CARTESIAN_POINT('',(34.752045566712,-0.500509,12.706600782214));
#3516 = CARTESIAN_POINT('',(34.715723114889,-0.500509,12.746878002277));
#3517 = CARTESIAN_POINT('',(34.632326648063,-0.500509,12.824998308987));
#3518 = CARTESIAN_POINT('',(34.584496138715,-0.500509,12.862037240319));
#3519 = CARTESIAN_POINT('',(34.533311899878,-0.500509,12.89445237496));
#3520 = CARTESIAN_POINT('',(34.479380759612,-0.500509,12.921859515375));
#3521 = CARTESIAN_POINT('',(34.367354330978,-0.500509,12.966132355916));
#3522 = CARTESIAN_POINT('',(34.309256329707,-0.500509,12.982998997872));
#3523 = CARTESIAN_POINT('',(34.249739022764,-0.500509,12.994332984067));
#3524 = CARTESIAN_POINT('',(34.189507951921,-0.500509,13.));
#3525 = CARTESIAN_POINT('',(34.12927829772,-0.500509,13.));
#3526 = ORIENTED_EDGE('',*,*,#3527,.T.);
#3527 = EDGE_CURVE('',#3505,#3528,#3530,.T.);
#3528 = VERTEX_POINT('',#3529);
#3529 = CARTESIAN_POINT('',(34.171986,-2.E-15,12.999046959073));
#3530 = B_SPLINE_CURVE_WITH_KNOTS('',4,(#3531,#3532,#3533,#3534,#3535),
  .UNSPECIFIED.,.F.,.F.,(5,5),(0.,1.),.PIECEWISE_BEZIER_KNOTS.);
#3531 = CARTESIAN_POINT('',(34.171986,-0.600509,12.99877173098));
#3532 = CARTESIAN_POINT('',(34.171986,-0.45040530551,12.998918094389));
#3533 = CARTESIAN_POINT('',(34.171986,-0.300281424738,12.999003942438));
#3534 = CARTESIAN_POINT('',(34.171986,-0.1501380861,12.999046959073));
#3535 = CARTESIAN_POINT('',(34.171986,-2.11E-15,12.999046959073));
#3536 = ORIENTED_EDGE('',*,*,#3537,.T.);
#3537 = EDGE_CURVE('',#3528,#3538,#3540,.T.);
#3538 = VERTEX_POINT('',#3539);
#3539 = CARTESIAN_POINT('',(34.13294810564,-2.E-15,13.));
#3540 = CIRCLE('',#3541,0.8);
#3541 = AXIS2_PLACEMENT_3D('',#3542,#3543,#3544);
#3542 = CARTESIAN_POINT('',(34.13294810564,-2.09E-15,12.2));
#3543 = DIRECTION('',(-6.E-17,-1.,0.));
#3544 = DIRECTION('',(1.,-6.E-17,0.));
#3545 = ORIENTED_EDGE('',*,*,#3546,.F.);
#3546 = EDGE_CURVE('',#3538,#3538,#3547,.T.);
#3547 = CIRCLE('',#3548,34.13294810564);
#3548 = AXIS2_PLACEMENT_3D('',#3549,#3550,#3551);
#3549 = CARTESIAN_POINT('',(0.,0.,13.));
#3550 = DIRECTION('',(-0.,0.,1.));
#3551 = DIRECTION('',(1.,-6.E-17,0.));
#3552 = ORIENTED_EDGE('',*,*,#3537,.F.);
#3553 = ORIENTED_EDGE('',*,*,#3554,.F.);
#3554 = EDGE_CURVE('',#3555,#3528,#3557,.T.);
#3555 = VERTEX_POINT('',#3556);
#3556 = CARTESIAN_POINT('',(34.171986,0.499491,12.998860260401));
#3557 = B_SPLINE_CURVE_WITH_KNOTS('',4,(#3558,#3559,#3560,#3561,#3562),
  .UNSPECIFIED.,.F.,.F.,(5,5),(0.,1.),.PIECEWISE_BEZIER_KNOTS.);
#3558 = CARTESIAN_POINT('',(34.171986,0.599491,12.998772722249));
#3559 = CARTESIAN_POINT('',(34.171986,0.449641685825,12.998918530857));
#3560 = CARTESIAN_POINT('',(34.171986,0.299772291633,12.99900408833));
#3561 = CARTESIAN_POINT('',(34.171986,0.149883529136,12.999046959073));
#3562 = CARTESIAN_POINT('',(34.171986,-2.11E-15,12.999046959073));
#3563 = ORIENTED_EDGE('',*,*,#3564,.F.);
#3564 = EDGE_CURVE('',#3223,#3555,#3565,.T.);
#3565 = B_SPLINE_CURVE_WITH_KNOTS('',5,(#3566,#3567,#3568,#3569,#3570,
    #3571,#3572,#3573,#3574,#3575,#3576,#3577,#3578,#3579,#3580,#3581,
    #3582,#3583),.UNSPECIFIED.,.F.,.F.,(6,4,4,4,6),(0.,0.237995817203,
    0.473994248265,0.736995724161,1.),.UNSPECIFIED.);
#3566 = CARTESIAN_POINT('',(34.921590579863,0.499491,12.311338480768));
#3567 = CARTESIAN_POINT('',(34.914005018023,0.499491,12.365307037594));
#3568 = CARTESIAN_POINT('',(34.901823150036,0.499491,12.418630525273));
#3569 = CARTESIAN_POINT('',(34.885118719758,0.499491,12.470784601716));
#3570 = CARTESIAN_POINT('',(34.864053826266,0.499491,12.521263295067));
#3571 = CARTESIAN_POINT('',(34.813903759572,0.499491,12.61752513534));
#3572 = CARTESIAN_POINT('',(34.7848865956,0.499491,12.663345644368));
#3573 = CARTESIAN_POINT('',(34.752060214743,0.499491,12.706600780524));
#3574 = CARTESIAN_POINT('',(34.715737777896,0.499491,12.746878001261));
#3575 = CARTESIAN_POINT('',(34.632341346607,0.499491,12.82499830775));
#3576 = CARTESIAN_POINT('',(34.584510858421,0.499491,12.862037238748));
#3577 = CARTESIAN_POINT('',(34.533326641494,0.499491,12.894452373729));
#3578 = CARTESIAN_POINT('',(34.479395523531,0.499491,12.921859514776));
#3579 = CARTESIAN_POINT('',(34.367369142421,0.499491,12.966132355553));
#3580 = CARTESIAN_POINT('',(34.309271166544,0.499491,12.982998997575));
#3581 = CARTESIAN_POINT('',(34.249753885188,0.499491,12.994332983963));
#3582 = CARTESIAN_POINT('',(34.189522840033,0.499491,13.));
#3583 = CARTESIAN_POINT('',(34.129293211598,0.499491,13.));
#3584 = ORIENTED_EDGE('',*,*,#3222,.T.);
#3585 = ORIENTED_EDGE('',*,*,#3586,.T.);
#3586 = EDGE_CURVE('',#3225,#3587,#3589,.T.);
#3587 = VERTEX_POINT('',#3588);
#3588 = CARTESIAN_POINT('',(31.762334952712,12.614642872274,
    12.998859464398));
#3589 = B_SPLINE_CURVE_WITH_KNOTS('',5,(#3590,#3591,#3592,#3593,#3594,
    #3595,#3596,#3597,#3598,#3599,#3600,#3601,#3602,#3603,#3604,#3605,
    #3606,#3607),.UNSPECIFIED.,.F.,.F.,(6,4,4,4,6),(0.,0.23799579928,
    0.473994222981,0.736995705805,1.),.UNSPECIFIED.);
#3590 = CARTESIAN_POINT('',(32.454865815506,12.901498548005,
    12.311338480768));
#3591 = CARTESIAN_POINT('',(32.447857667161,12.898595677914,
    12.365307038313));
#3592 = CARTESIAN_POINT('',(32.436603083781,12.893933876839,
    12.41863052649));
#3593 = CARTESIAN_POINT('',(32.421170195919,12.88754136538,
    12.470784603023));
#3594 = CARTESIAN_POINT('',(32.401708763844,12.879480176271,
    12.521263295961));
#3595 = CARTESIAN_POINT('',(32.35537612408,12.8602885685,12.617525136567
    ));
#3596 = CARTESIAN_POINT('',(32.328567748415,12.849184175715,
    12.66334564617));
#3597 = CARTESIAN_POINT('',(32.298240114035,12.83662205824,
    12.706600782214));
#3598 = CARTESIAN_POINT('',(32.264682544225,12.822722057704,
    12.746878002277));
#3599 = CARTESIAN_POINT('',(32.18763425544,12.790807611532,
    12.824998308987));
#3600 = CARTESIAN_POINT('',(32.143444626824,12.772503668043,
    12.862037240319));
#3601 = CARTESIAN_POINT('',(32.096156556175,12.752916307842,
    12.89445237496));
#3602 = CARTESIAN_POINT('',(32.046330679519,12.732277753974,
    12.921859515375));
#3603 = CARTESIAN_POINT('',(31.942831755003,12.689407095748,
    12.966132355916));
#3604 = CARTESIAN_POINT('',(31.889156200749,12.667173953208,
    12.982998997872));
#3605 = CARTESIAN_POINT('',(31.834169379034,12.644397665902,
    12.994332984067));
#3606 = CARTESIAN_POINT('',(31.778523125462,12.621348232977,13.));
#3607 = CARTESIAN_POINT('',(31.722878180695,12.598299342177,13.));
#3608 = ORIENTED_EDGE('',*,*,#3609,.T.);
#3609 = EDGE_CURVE('',#3587,#3610,#3612,.T.);
#3610 = VERTEX_POINT('',#3611);
#3611 = CARTESIAN_POINT('',(31.379651520347,13.538522404785,
    12.998860260401));
#3612 = B_SPLINE_CURVE_WITH_KNOTS('',7,(#3613,#3614,#3615,#3616,#3617,
    #3618,#3619,#3620),.UNSPECIFIED.,.F.,.F.,(8,8),(0.,1.),
  .PIECEWISE_BEZIER_KNOTS.);
#3613 = CARTESIAN_POINT('',(31.800603295948,12.522254919023,
    12.99877173098));
#3614 = CARTESIAN_POINT('',(31.792019096463,12.542979009841,
    12.998793603624));
#3615 = CARTESIAN_POINT('',(31.753845403721,12.635138456586,
    12.998896034536));
#3616 = CARTESIAN_POINT('',(31.677967527728,12.818323853893,
    12.999048170883));
#3617 = CARTESIAN_POINT('',(31.567495265437,13.085027487781,
    12.999232059146));
#3618 = CARTESIAN_POINT('',(31.442097784244,13.387763787565,
    12.999049677286));
#3619 = CARTESIAN_POINT('',(31.343555257217,13.625666492784,
    12.998778243328));
#3620 = CARTESIAN_POINT('',(31.34138317711,13.630910358037,
    12.998772722249));
#3621 = ORIENTED_EDGE('',*,*,#3622,.F.);
#3622 = EDGE_CURVE('',#3623,#3610,#3625,.T.);
#3623 = VERTEX_POINT('',#3624);
#3624 = CARTESIAN_POINT('',(32.072195849159,13.825383658324,
    12.311338480768));
#3625 = B_SPLINE_CURVE_WITH_KNOTS('',5,(#3626,#3627,#3628,#3629,#3630,
    #3631,#3632,#3633,#3634,#3635,#3636,#3637,#3638,#3639,#3640,#3641,
    #3642,#3643),.UNSPECIFIED.,.F.,.F.,(6,4,4,4,6),(0.,0.237995817203,
    0.473994248265,0.736995724161,1.),.UNSPECIFIED.);
#3626 = CARTESIAN_POINT('',(32.072195849159,13.825383658324,
    12.311338480768));
#3627 = CARTESIAN_POINT('',(32.065187703833,13.822480789483,
    12.365307037594));
#3628 = CARTESIAN_POINT('',(32.053933125332,13.817818990429,
    12.418630525273));
#3629 = CARTESIAN_POINT('',(32.038500244095,13.811426481714,
    12.470784601716));
#3630 = CARTESIAN_POINT('',(32.019038820144,13.80336529597,
    12.521263295067));
#3631 = CARTESIAN_POINT('',(31.97270619997,13.784173696314,
    12.61752513534));
#3632 = CARTESIAN_POINT('',(31.945897836086,13.773069308408,
    12.663345644368));
#3633 = CARTESIAN_POINT('',(31.915570214686,13.76050719631,
    12.706600780524));
#3634 = CARTESIAN_POINT('',(31.882012658711,13.746607201505,
    12.746878001261));
#3635 = CARTESIAN_POINT('',(31.804964402759,13.714692768933,
    12.82499830775));
#3636 = CARTESIAN_POINT('',(31.760774793694,13.696388833542,
    12.862037238748));
#3637 = CARTESIAN_POINT('',(31.713486743288,13.676801481726,
    12.894452373729));
#3638 = CARTESIAN_POINT('',(31.663660887236,13.656162936392,
    12.921859514776));
#3639 = CARTESIAN_POINT('',(31.560162006627,13.613292296353,
    12.966132355553));
#3640 = CARTESIAN_POINT('',(31.506486475835,13.591059163531,
    12.982998997575));
#3641 = CARTESIAN_POINT('',(31.451499677758,13.568282886017,
    12.994332983963));
#3642 = CARTESIAN_POINT('',(31.395853447918,13.545233462922,13.));
#3643 = CARTESIAN_POINT('',(31.340208526956,13.522184581982,13.));
#3644 = ORIENTED_EDGE('',*,*,#3645,.T.);
#3645 = EDGE_CURVE('',#3623,#3646,#3648,.T.);
#3646 = VERTEX_POINT('',#3647);
#3647 = CARTESIAN_POINT('',(25.047196510342,24.339369894452,
    12.311338480768));
#3648 = CIRCLE('',#3649,34.925162560633);
#3649 = AXIS2_PLACEMENT_3D('',#3650,#3651,#3652);
#3650 = CARTESIAN_POINT('',(0.,0.,12.311338480768));
#3651 = DIRECTION('',(-0.,0.,1.));
#3652 = DIRECTION('',(1.,-6.E-17,0.));
#3653 = ORIENTED_EDGE('',*,*,#3654,.T.);
#3654 = EDGE_CURVE('',#3646,#3655,#3657,.T.);
#3655 = VERTEX_POINT('',#3656);
#3656 = CARTESIAN_POINT('',(24.517156335157,23.809329719267,
    12.998859464398));
#3657 = B_SPLINE_CURVE_WITH_KNOTS('',5,(#3658,#3659,#3660,#3661,#3662,
    #3663,#3664,#3665,#3666,#3667,#3668,#3669,#3670,#3671,#3672,#3673,
    #3674,#3675),.UNSPECIFIED.,.F.,.F.,(6,4,4,4,6),(0.,0.23799579928,
    0.473994222981,0.736995705805,1.),.UNSPECIFIED.);
#3658 = CARTESIAN_POINT('',(25.047196510342,24.339369894452,
    12.311338480768));
#3659 = CARTESIAN_POINT('',(25.041832705816,24.334006089926,
    12.365307038313));
#3660 = CARTESIAN_POINT('',(25.03321882062,24.325392204731,
    12.41863052649));
#3661 = CARTESIAN_POINT('',(25.021406999624,24.313580383734,
    12.470784603023));
#3662 = CARTESIAN_POINT('',(25.006511864373,24.298685248484,
    12.521263295961));
#3663 = CARTESIAN_POINT('',(24.971050397143,24.263223781253,
    12.617525136567));
#3664 = CARTESIAN_POINT('',(24.950532154712,24.242705538822,
    12.66334564617));
#3665 = CARTESIAN_POINT('',(24.927320388271,24.219493772381,
    12.706600782214));
#3666 = CARTESIAN_POINT('',(24.901636536277,24.193809920388,
    12.746878002277));
#3667 = CARTESIAN_POINT('',(24.842666329058,24.134839713168,
    12.824998308987));
#3668 = CARTESIAN_POINT('',(24.80884505155,24.101018435661,
    12.862037240319));
#3669 = CARTESIAN_POINT('',(24.772652329179,24.064825713289,
    12.89445237496));
#3670 = CARTESIAN_POINT('',(24.73451725418,24.02669063829,
    12.921859515375));
#3671 = CARTESIAN_POINT('',(24.65530260682,23.947475990931,
    12.966132355916));
#3672 = CARTESIAN_POINT('',(24.614221116148,23.906394500258,
    12.982998997872));
#3673 = CARTESIAN_POINT('',(24.572136024811,23.864309408921,
    12.994332984067));
#3674 = CARTESIAN_POINT('',(24.52954622618,23.82171961029,13.));
#3675 = CARTESIAN_POINT('',(24.486957429266,23.779130813376,13.));
#3676 = ORIENTED_EDGE('',*,*,#3677,.T.);
#3677 = EDGE_CURVE('',#3655,#3678,#3680,.T.);
#3678 = VERTEX_POINT('',#3679);
#3679 = CARTESIAN_POINT('',(23.81004955397,24.516436500453,
    12.998860260401));
#3680 = B_SPLINE_CURVE_WITH_KNOTS('',7,(#3681,#3682,#3683,#3684,#3685,
    #3686,#3687,#3688),.UNSPECIFIED.,.F.,.F.,(8,8),(0.,1.),
  .PIECEWISE_BEZIER_KNOTS.);
#3681 = CARTESIAN_POINT('',(24.587867013275,23.738619041148,
    12.99877173098));
#3682 = CARTESIAN_POINT('',(24.57200548086,23.754480573563,
    12.998793603624));
#3683 = CARTESIAN_POINT('',(24.501469694052,23.825016360372,
    12.998896034536));
#3684 = CARTESIAN_POINT('',(24.361265660847,23.965220393576,
    12.999048170883));
#3685 = CARTESIAN_POINT('',(24.157139536771,24.169346517653,
    12.999232059146));
#3686 = CARTESIAN_POINT('',(23.925435204161,24.401050850263,
    12.999049677286));
#3687 = CARTESIAN_POINT('',(23.743352356557,24.583133697866,
    12.998778243328));
#3688 = CARTESIAN_POINT('',(23.739338875851,24.587147178572,
    12.998772722249));
#3689 = ORIENTED_EDGE('',*,*,#3690,.F.);
#3690 = EDGE_CURVE('',#3691,#3678,#3693,.T.);
#3691 = VERTEX_POINT('',#3692);
#3692 = CARTESIAN_POINT('',(24.3401000356,25.046486982083,
    12.311338480768));
#3693 = B_SPLINE_CURVE_WITH_KNOTS('',5,(#3694,#3695,#3696,#3697,#3698,
    #3699,#3700,#3701,#3702,#3703,#3704,#3705,#3706,#3707,#3708,#3709,
    #3710,#3711),.UNSPECIFIED.,.F.,.F.,(6,4,4,4,6),(0.,0.237995817203,
    0.473994248265,0.736995724161,1.),.UNSPECIFIED.);
#3694 = CARTESIAN_POINT('',(24.3401000356,25.046486982083,
    12.311338480768));
#3695 = CARTESIAN_POINT('',(24.334736233384,25.041123179867,
    12.365307037594));
#3696 = CARTESIAN_POINT('',(24.326122351923,25.032509298406,
    12.418630525273));
#3697 = CARTESIAN_POINT('',(24.314310535997,25.02069748248,
    12.470784601716));
#3698 = CARTESIAN_POINT('',(24.299415406964,25.005802353447,
    12.521263295067));
#3699 = CARTESIAN_POINT('',(24.263953954727,24.970340901211,
    12.61752513534));
#3700 = CARTESIAN_POINT('',(24.243435721312,24.949822667796,
    12.663345644368));
#3701 = CARTESIAN_POINT('',(24.220223964807,24.92661091129,
    12.706600780524));
#3702 = CARTESIAN_POINT('',(24.194540123403,24.900927069886,
    12.746878001261));
#3703 = CARTESIAN_POINT('',(24.135569941312,24.841956887795,
    12.82499830775));
#3704 = CARTESIAN_POINT('',(24.101748678767,24.808135625251,
    12.862037238748));
#3705 = CARTESIAN_POINT('',(24.065555971889,24.771942918372,
    12.894452373729));
#3706 = CARTESIAN_POINT('',(24.02742091266,24.733807859144,
    12.921859514776));
#3707 = CARTESIAN_POINT('',(23.948206298906,24.654593245389,
    12.966132355553));
#3708 = CARTESIAN_POINT('',(23.90712482619,24.613511772673,
    12.982998997575));
#3709 = CARTESIAN_POINT('',(23.865039752945,24.571426699428,
    12.994332983963));
#3710 = CARTESIAN_POINT('',(23.822449972478,24.528836918962,13.));
#3711 = CARTESIAN_POINT('',(23.779861193783,24.486248140267,13.));
#3712 = ORIENTED_EDGE('',*,*,#3713,.T.);
#3713 = EDGE_CURVE('',#3691,#3714,#3716,.T.);
#3714 = VERTEX_POINT('',#3715);
#3715 = CARTESIAN_POINT('',(13.826318589881,32.071792811406,
    12.311338480768));
#3716 = CIRCLE('',#3717,34.925162560633);
#3717 = AXIS2_PLACEMENT_3D('',#3718,#3719,#3720);
#3718 = CARTESIAN_POINT('',(0.,0.,12.311338480768));
#3719 = DIRECTION('',(-0.,0.,1.));
#3720 = DIRECTION('',(1.,-6.E-17,0.));
#3721 = ORIENTED_EDGE('',*,*,#3722,.T.);
#3722 = EDGE_CURVE('',#3714,#3723,#3725,.T.);
#3723 = VERTEX_POINT('',#3724);
#3724 = CARTESIAN_POINT('',(13.539462914149,31.379261948613,
    12.998859464398));
#3725 = B_SPLINE_CURVE_WITH_KNOTS('',5,(#3726,#3727,#3728,#3729,#3730,
    #3731,#3732,#3733,#3734,#3735,#3736,#3737,#3738,#3739,#3740,#3741,
    #3742,#3743),.UNSPECIFIED.,.F.,.F.,(6,4,4,4,6),(0.,0.23799579928,
    0.473994222981,0.736995705805,1.),.UNSPECIFIED.);
#3726 = CARTESIAN_POINT('',(13.826318589881,32.071792811406,
    12.311338480768));
#3727 = CARTESIAN_POINT('',(13.823415719789,32.064784663062,
    12.365307038313));
#3728 = CARTESIAN_POINT('',(13.818753918714,32.053530079681,
    12.41863052649));
#3729 = CARTESIAN_POINT('',(13.812361407255,32.03809719182,
    12.470784603023));
#3730 = CARTESIAN_POINT('',(13.804300218147,32.018635759745,
    12.521263295961));
#3731 = CARTESIAN_POINT('',(13.785108610376,31.972303119981,
    12.617525136567));
#3732 = CARTESIAN_POINT('',(13.77400421759,31.945494744316,
    12.66334564617));
#3733 = CARTESIAN_POINT('',(13.761442100115,31.915167109936,
    12.706600782214));
#3734 = CARTESIAN_POINT('',(13.747542099579,31.881609540125,
    12.746878002277));
#3735 = CARTESIAN_POINT('',(13.715627653407,31.804561251341,
    12.824998308987));
#3736 = CARTESIAN_POINT('',(13.697323709918,31.760371622725,
    12.862037240319));
#3737 = CARTESIAN_POINT('',(13.677736349717,31.713083552076,
    12.89445237496));
#3738 = CARTESIAN_POINT('',(13.657097795849,31.66325767542,
    12.921859515375));
#3739 = CARTESIAN_POINT('',(13.614227137624,31.559758750904,
    12.966132355916));
#3740 = CARTESIAN_POINT('',(13.591993995084,31.50608319665,
    12.982998997872));
#3741 = CARTESIAN_POINT('',(13.569217707777,31.451096374935,
    12.994332984067));
#3742 = CARTESIAN_POINT('',(13.546168274852,31.395450121362,13.));
#3743 = CARTESIAN_POINT('',(13.523119384053,31.339805176596,13.));
#3744 = ORIENTED_EDGE('',*,*,#3745,.T.);
#3745 = EDGE_CURVE('',#3723,#3746,#3748,.T.);
#3746 = VERTEX_POINT('',#3747);
#3747 = CARTESIAN_POINT('',(12.615583381638,31.761945380978,
    12.998860260401));
#3748 = B_SPLINE_CURVE_WITH_KNOTS('',7,(#3749,#3750,#3751,#3752,#3753,
    #3754,#3755,#3756),.UNSPECIFIED.,.F.,.F.,(8,8),(0.,1.),
  .PIECEWISE_BEZIER_KNOTS.);
#3749 = CARTESIAN_POINT('',(13.631850867401,31.340993605376,
    12.99877173098));
#3750 = CARTESIAN_POINT('',(13.611126776582,31.349577804861,
    12.998793603624));
#3751 = CARTESIAN_POINT('',(13.518967329836,31.387751497604,
    12.998896034536));
#3752 = CARTESIAN_POINT('',(13.33578193253,31.463629373597,
    12.999048170883));
#3753 = CARTESIAN_POINT('',(13.069078298641,31.574101635888,
    12.999232059146));
#3754 = CARTESIAN_POINT('',(12.76634199886,31.69949911708,
    12.999049677286));
#3755 = CARTESIAN_POINT('',(12.528439293641,31.798041644107,
    12.998778243328));
#3756 = CARTESIAN_POINT('',(12.523195428387,31.800213724214,
    12.998772722249));
#3757 = ORIENTED_EDGE('',*,*,#3758,.F.);
#3758 = EDGE_CURVE('',#3759,#3746,#3761,.T.);
#3759 = VERTEX_POINT('',#3760);
#3760 = CARTESIAN_POINT('',(12.902444635177,32.45448970979,
    12.311338480768));
#3761 = B_SPLINE_CURVE_WITH_KNOTS('',5,(#3762,#3763,#3764,#3765,#3766,
    #3767,#3768,#3769,#3770,#3771,#3772,#3773,#3774,#3775,#3776,#3777,
    #3778,#3779),.UNSPECIFIED.,.F.,.F.,(6,4,4,4,6),(0.,0.237995817203,
    0.473994248265,0.736995724161,1.),.UNSPECIFIED.);
#3762 = CARTESIAN_POINT('',(12.902444635177,32.45448970979,
    12.311338480768));
#3763 = CARTESIAN_POINT('',(12.899541766336,32.447481564464,
    12.365307037594));
#3764 = CARTESIAN_POINT('',(12.894879967282,32.436226985962,
    12.418630525273));
#3765 = CARTESIAN_POINT('',(12.888487458567,32.420794104726,
    12.470784601716));
#3766 = CARTESIAN_POINT('',(12.880426272823,32.401332680775,
    12.521263295067));
#3767 = CARTESIAN_POINT('',(12.861234673167,32.355000060601,
    12.61752513534));
#3768 = CARTESIAN_POINT('',(12.850130285261,32.328191696717,
    12.663345644368));
#3769 = CARTESIAN_POINT('',(12.837568173163,32.297864075317,
    12.706600780524));
#3770 = CARTESIAN_POINT('',(12.823668178358,32.264306519342,
    12.746878001261));
#3771 = CARTESIAN_POINT('',(12.791753745785,32.18725826339,
    12.82499830775));
#3772 = CARTESIAN_POINT('',(12.773449810395,32.143068654325,
    12.862037238748));
#3773 = CARTESIAN_POINT('',(12.753862458578,32.095780603919,
    12.894452373729));
#3774 = CARTESIAN_POINT('',(12.733223913245,32.045954747867,
    12.921859514776));
#3775 = CARTESIAN_POINT('',(12.690353273206,31.942455867258,
    12.966132355553));
#3776 = CARTESIAN_POINT('',(12.668120140384,31.888780336466,
    12.982998997575));
#3777 = CARTESIAN_POINT('',(12.64534386287,31.833793538389,
    12.994332983963));
#3778 = CARTESIAN_POINT('',(12.622294439775,31.778147308549,13.));
#3779 = CARTESIAN_POINT('',(12.599245558835,31.722502387587,13.));
#3780 = ORIENTED_EDGE('',*,*,#3781,.T.);
#3781 = EDGE_CURVE('',#3759,#3782,#3784,.T.);
#3782 = VERTEX_POINT('',#3783);
#3783 = CARTESIAN_POINT('',(0.500509,34.92157600435,12.311338480768));
#3784 = CIRCLE('',#3785,34.925162560633);
#3785 = AXIS2_PLACEMENT_3D('',#3786,#3787,#3788);
#3786 = CARTESIAN_POINT('',(0.,0.,12.311338480768));
#3787 = DIRECTION('',(-0.,0.,1.));
#3788 = DIRECTION('',(1.,-6.E-17,0.));
#3789 = ORIENTED_EDGE('',*,*,#3790,.T.);
#3790 = EDGE_CURVE('',#3782,#3791,#3793,.T.);
#3791 = VERTEX_POINT('',#3792);
#3792 = CARTESIAN_POINT('',(0.500509,34.171986,12.998859464398));
#3793 = B_SPLINE_CURVE_WITH_KNOTS('',5,(#3794,#3795,#3796,#3797,#3798,
    #3799,#3800,#3801,#3802,#3803,#3804,#3805,#3806,#3807,#3808,#3809,
    #3810,#3811),.UNSPECIFIED.,.F.,.F.,(6,4,4,4,6),(0.,0.23799579928,
    0.473994222981,0.736995705805,1.),.UNSPECIFIED.);
#3794 = CARTESIAN_POINT('',(0.500509,34.92157600435,12.311338480768));
#3795 = CARTESIAN_POINT('',(0.500509,34.913990439243,12.365307038313));
#3796 = CARTESIAN_POINT('',(0.500509,34.901808565975,12.41863052649));
#3797 = CARTESIAN_POINT('',(0.500509,34.885104128525,12.470784603023));
#3798 = CARTESIAN_POINT('',(0.500509,34.864039226241,12.521263295961));
#3799 = CARTESIAN_POINT('',(0.500509,34.813889138341,12.617525136567));
#3800 = CARTESIAN_POINT('',(0.500509,34.784871961619,12.66334564617));
#3801 = CARTESIAN_POINT('',(0.500509,34.752045566712,12.706600782214));
#3802 = CARTESIAN_POINT('',(0.500509,34.715723114889,12.746878002277));
#3803 = CARTESIAN_POINT('',(0.500509,34.632326648063,12.824998308987));
#3804 = CARTESIAN_POINT('',(0.500509,34.584496138715,12.862037240319));
#3805 = CARTESIAN_POINT('',(0.500509,34.533311899878,12.89445237496));
#3806 = CARTESIAN_POINT('',(0.500509,34.479380759612,12.921859515375));
#3807 = CARTESIAN_POINT('',(0.500509,34.367354330978,12.966132355916));
#3808 = CARTESIAN_POINT('',(0.500509,34.309256329707,12.982998997872));
#3809 = CARTESIAN_POINT('',(0.500509,34.249739022764,12.994332984067));
#3810 = CARTESIAN_POINT('',(0.500509,34.189507951921,13.));
#3811 = CARTESIAN_POINT('',(0.500509,34.12927829772,13.));
#3812 = ORIENTED_EDGE('',*,*,#3813,.T.);
#3813 = EDGE_CURVE('',#3791,#3814,#3816,.T.);
#3814 = VERTEX_POINT('',#3815);
#3815 = CARTESIAN_POINT('',(-0.499491,34.171986,12.998860260401));
#3816 = B_SPLINE_CURVE_WITH_KNOTS('',7,(#3817,#3818,#3819,#3820,#3821,
    #3822,#3823,#3824),.UNSPECIFIED.,.F.,.F.,(8,8),(0.,1.),
  .PIECEWISE_BEZIER_KNOTS.);
#3817 = CARTESIAN_POINT('',(0.600509,34.171986,12.99877173098));
#3818 = CARTESIAN_POINT('',(0.57807740574,34.171986,12.998793603624));
#3819 = CARTESIAN_POINT('',(0.478324739399,34.171986,12.998896034536));
#3820 = CARTESIAN_POINT('',(0.280046294151,34.171986,12.999048170883));
#3821 = CARTESIAN_POINT('',(-8.631638963076E-03,34.171986,
    12.999232059146));
#3822 = CARTESIAN_POINT('',(-0.336311048594,34.171986,12.999049677286));
#3823 = CARTESIAN_POINT('',(-0.593815081154,34.171986,12.998778243328));
#3824 = CARTESIAN_POINT('',(-0.599491,34.171986,12.998772722249));
#3825 = ORIENTED_EDGE('',*,*,#3826,.F.);
#3826 = EDGE_CURVE('',#3827,#3814,#3829,.T.);
#3827 = VERTEX_POINT('',#3828);
#3828 = CARTESIAN_POINT('',(-0.499491,34.921590579863,12.311338480768));
#3829 = B_SPLINE_CURVE_WITH_KNOTS('',5,(#3830,#3831,#3832,#3833,#3834,
    #3835,#3836,#3837,#3838,#3839,#3840,#3841,#3842,#3843,#3844,#3845,
    #3846,#3847),.UNSPECIFIED.,.F.,.F.,(6,4,4,4,6),(0.,0.237995817203,
    0.473994248265,0.736995724161,1.),.UNSPECIFIED.);
#3830 = CARTESIAN_POINT('',(-0.499491,34.921590579863,12.311338480768));
#3831 = CARTESIAN_POINT('',(-0.499491,34.914005018023,12.365307037594));
#3832 = CARTESIAN_POINT('',(-0.499491,34.901823150036,12.418630525273));
#3833 = CARTESIAN_POINT('',(-0.499491,34.885118719758,12.470784601716));
#3834 = CARTESIAN_POINT('',(-0.499491,34.864053826266,12.521263295067));
#3835 = CARTESIAN_POINT('',(-0.499491,34.813903759572,12.61752513534));
#3836 = CARTESIAN_POINT('',(-0.499491,34.7848865956,12.663345644368));
#3837 = CARTESIAN_POINT('',(-0.499491,34.752060214743,12.706600780524));
#3838 = CARTESIAN_POINT('',(-0.499491,34.715737777896,12.746878001261));
#3839 = CARTESIAN_POINT('',(-0.499491,34.632341346607,12.82499830775));
#3840 = CARTESIAN_POINT('',(-0.499491,34.584510858421,12.862037238748));
#3841 = CARTESIAN_POINT('',(-0.499491,34.533326641494,12.894452373729));
#3842 = CARTESIAN_POINT('',(-0.499491,34.479395523531,12.921859514776));
#3843 = CARTESIAN_POINT('',(-0.499491,34.367369142421,12.966132355553));
#3844 = CARTESIAN_POINT('',(-0.499491,34.309271166544,12.982998997575));
#3845 = CARTESIAN_POINT('',(-0.499491,34.249753885188,12.994332983963));
#3846 = CARTESIAN_POINT('',(-0.499491,34.189522840033,13.));
#3847 = CARTESIAN_POINT('',(-0.499491,34.129293211598,13.));
#3848 = ORIENTED_EDGE('',*,*,#3849,.T.);
#3849 = EDGE_CURVE('',#3827,#3850,#3852,.T.);
#3850 = VERTEX_POINT('',#3851);
#3851 = CARTESIAN_POINT('',(-12.901498548,32.454865815506,
    12.311338480768));
#3852 = CIRCLE('',#3853,34.925162560633);
#3853 = AXIS2_PLACEMENT_3D('',#3854,#3855,#3856);
#3854 = CARTESIAN_POINT('',(0.,0.,12.311338480768));
#3855 = DIRECTION('',(-0.,0.,1.));
#3856 = DIRECTION('',(1.,-6.E-17,0.));
#3857 = ORIENTED_EDGE('',*,*,#3858,.T.);
#3858 = EDGE_CURVE('',#3850,#3859,#3861,.T.);
#3859 = VERTEX_POINT('',#3860);
#3860 = CARTESIAN_POINT('',(-12.61464287227,31.762334952712,
    12.998859464398));
#3861 = B_SPLINE_CURVE_WITH_KNOTS('',5,(#3862,#3863,#3864,#3865,#3866,
    #3867,#3868,#3869,#3870,#3871,#3872,#3873,#3874,#3875,#3876,#3877,
    #3878,#3879),.UNSPECIFIED.,.F.,.F.,(6,4,4,4,6),(0.,0.23799579928,
    0.473994222981,0.736995705805,1.),.UNSPECIFIED.);
#3862 = CARTESIAN_POINT('',(-12.901498548,32.454865815506,
    12.311338480768));
#3863 = CARTESIAN_POINT('',(-12.89859567791,32.447857667161,
    12.365307038313));
#3864 = CARTESIAN_POINT('',(-12.89393387683,32.436603083781,
    12.41863052649));
#3865 = CARTESIAN_POINT('',(-12.88754136538,32.421170195919,
    12.470784603023));
#3866 = CARTESIAN_POINT('',(-12.87948017627,32.401708763844,
    12.521263295961));
#3867 = CARTESIAN_POINT('',(-12.8602885685,32.35537612408,
    12.617525136567));
#3868 = CARTESIAN_POINT('',(-12.84918417571,32.328567748415,
    12.66334564617));
#3869 = CARTESIAN_POINT('',(-12.83662205824,32.298240114035,
    12.706600782214));
#3870 = CARTESIAN_POINT('',(-12.8227220577,32.264682544225,
    12.746878002277));
#3871 = CARTESIAN_POINT('',(-12.79080761153,32.18763425544,
    12.824998308987));
#3872 = CARTESIAN_POINT('',(-12.77250366804,32.143444626824,
    12.862037240319));
#3873 = CARTESIAN_POINT('',(-12.75291630784,32.096156556175,
    12.89445237496));
#3874 = CARTESIAN_POINT('',(-12.73227775397,32.046330679519,
    12.921859515375));
#3875 = CARTESIAN_POINT('',(-12.68940709574,31.942831755003,
    12.966132355916));
#3876 = CARTESIAN_POINT('',(-12.6671739532,31.889156200749,
    12.982998997872));
#3877 = CARTESIAN_POINT('',(-12.6443976659,31.834169379034,
    12.994332984067));
#3878 = CARTESIAN_POINT('',(-12.62134823297,31.778523125462,13.));
#3879 = CARTESIAN_POINT('',(-12.59829934217,31.722878180695,13.));
#3880 = ORIENTED_EDGE('',*,*,#3881,.T.);
#3881 = EDGE_CURVE('',#3859,#3882,#3884,.T.);
#3882 = VERTEX_POINT('',#3883);
#3883 = CARTESIAN_POINT('',(-13.53852240478,31.379651520347,
    12.998860260401));
#3884 = B_SPLINE_CURVE_WITH_KNOTS('',7,(#3885,#3886,#3887,#3888,#3889,
    #3890,#3891,#3892),.UNSPECIFIED.,.F.,.F.,(8,8),(0.,1.),
  .PIECEWISE_BEZIER_KNOTS.);
#3885 = CARTESIAN_POINT('',(-12.52225491902,31.800603295948,
    12.99877173098));
#3886 = CARTESIAN_POINT('',(-12.54297900984,31.792019096463,
    12.998793603624));
#3887 = CARTESIAN_POINT('',(-12.63513845658,31.753845403721,
    12.998896034536));
#3888 = CARTESIAN_POINT('',(-12.81832385389,31.677967527727,
    12.999048170883));
#3889 = CARTESIAN_POINT('',(-13.08502748777,31.567495265438,
    12.999232059146));
#3890 = CARTESIAN_POINT('',(-13.38776378756,31.442097784244,
    12.999049677286));
#3891 = CARTESIAN_POINT('',(-13.62566649278,31.343555257217,
    12.998778243328));
#3892 = CARTESIAN_POINT('',(-13.63091035803,31.34138317711,
    12.998772722249));
#3893 = ORIENTED_EDGE('',*,*,#3894,.F.);
#3894 = EDGE_CURVE('',#3895,#3882,#3897,.T.);
#3895 = VERTEX_POINT('',#3896);
#3896 = CARTESIAN_POINT('',(-13.82538365832,32.072195849159,
    12.311338480768));
#3897 = B_SPLINE_CURVE_WITH_KNOTS('',5,(#3898,#3899,#3900,#3901,#3902,
    #3903,#3904,#3905,#3906,#3907,#3908,#3909,#3910,#3911,#3912,#3913,
    #3914,#3915),.UNSPECIFIED.,.F.,.F.,(6,4,4,4,6),(0.,0.237995817203,
    0.473994248265,0.736995724161,1.),.UNSPECIFIED.);
#3898 = CARTESIAN_POINT('',(-13.82538365832,32.072195849159,
    12.311338480768));
#3899 = CARTESIAN_POINT('',(-13.82248078948,32.065187703833,
    12.365307037594));
#3900 = CARTESIAN_POINT('',(-13.81781899042,32.053933125332,
    12.418630525273));
#3901 = CARTESIAN_POINT('',(-13.81142648171,32.038500244095,
    12.470784601716));
#3902 = CARTESIAN_POINT('',(-13.80336529597,32.019038820144,
    12.521263295067));
#3903 = CARTESIAN_POINT('',(-13.78417369631,31.97270619997,
    12.61752513534));
#3904 = CARTESIAN_POINT('',(-13.7730693084,31.945897836086,
    12.663345644368));
#3905 = CARTESIAN_POINT('',(-13.76050719631,31.915570214686,
    12.706600780524));
#3906 = CARTESIAN_POINT('',(-13.7466072015,31.882012658711,
    12.746878001261));
#3907 = CARTESIAN_POINT('',(-13.71469276893,31.804964402759,
    12.82499830775));
#3908 = CARTESIAN_POINT('',(-13.69638883354,31.760774793694,
    12.862037238748));
#3909 = CARTESIAN_POINT('',(-13.67680148172,31.713486743288,
    12.894452373729));
#3910 = CARTESIAN_POINT('',(-13.65616293639,31.663660887236,
    12.921859514776));
#3911 = CARTESIAN_POINT('',(-13.61329229635,31.560162006627,
    12.966132355553));
#3912 = CARTESIAN_POINT('',(-13.59105916353,31.506486475835,
    12.982998997575));
#3913 = CARTESIAN_POINT('',(-13.56828288601,31.451499677758,
    12.994332983963));
#3914 = CARTESIAN_POINT('',(-13.54523346292,31.395853447918,13.));
#3915 = CARTESIAN_POINT('',(-13.52218458198,31.340208526956,13.));
#3916 = ORIENTED_EDGE('',*,*,#3917,.T.);
#3917 = EDGE_CURVE('',#3895,#3918,#3920,.T.);
#3918 = VERTEX_POINT('',#3919);
#3919 = CARTESIAN_POINT('',(-24.33936989445,25.047196510342,
    12.311338480768));
#3920 = CIRCLE('',#3921,34.925162560633);
#3921 = AXIS2_PLACEMENT_3D('',#3922,#3923,#3924);
#3922 = CARTESIAN_POINT('',(0.,0.,12.311338480768));
#3923 = DIRECTION('',(-0.,0.,1.));
#3924 = DIRECTION('',(1.,-6.E-17,0.));
#3925 = ORIENTED_EDGE('',*,*,#3926,.T.);
#3926 = EDGE_CURVE('',#3918,#3927,#3929,.T.);
#3927 = VERTEX_POINT('',#3928);
#3928 = CARTESIAN_POINT('',(-23.80932971926,24.517156335157,
    12.998859464398));
#3929 = B_SPLINE_CURVE_WITH_KNOTS('',5,(#3930,#3931,#3932,#3933,#3934,
    #3935,#3936,#3937,#3938,#3939,#3940,#3941,#3942,#3943,#3944,#3945,
    #3946,#3947),.UNSPECIFIED.,.F.,.F.,(6,4,4,4,6),(0.,0.23799579928,
    0.473994222981,0.736995705805,1.),.UNSPECIFIED.);
#3930 = CARTESIAN_POINT('',(-24.33936989445,25.047196510342,
    12.311338480768));
#3931 = CARTESIAN_POINT('',(-24.33400608992,25.041832705816,
    12.365307038313));
#3932 = CARTESIAN_POINT('',(-24.32539220473,25.03321882062,
    12.41863052649));
#3933 = CARTESIAN_POINT('',(-24.31358038373,25.021406999624,
    12.470784603023));
#3934 = CARTESIAN_POINT('',(-24.29868524848,25.006511864373,
    12.521263295961));
#3935 = CARTESIAN_POINT('',(-24.26322378125,24.971050397143,
    12.617525136567));
#3936 = CARTESIAN_POINT('',(-24.24270553882,24.950532154712,
    12.66334564617));
#3937 = CARTESIAN_POINT('',(-24.21949377238,24.927320388271,
    12.706600782214));
#3938 = CARTESIAN_POINT('',(-24.19380992038,24.901636536277,
    12.746878002277));
#3939 = CARTESIAN_POINT('',(-24.13483971316,24.842666329058,
    12.824998308987));
#3940 = CARTESIAN_POINT('',(-24.10101843566,24.80884505155,
    12.862037240319));
#3941 = CARTESIAN_POINT('',(-24.06482571328,24.772652329179,
    12.89445237496));
#3942 = CARTESIAN_POINT('',(-24.02669063829,24.73451725418,
    12.921859515375));
#3943 = CARTESIAN_POINT('',(-23.94747599093,24.65530260682,
    12.966132355916));
#3944 = CARTESIAN_POINT('',(-23.90639450025,24.614221116148,
    12.982998997872));
#3945 = CARTESIAN_POINT('',(-23.86430940892,24.572136024811,
    12.994332984067));
#3946 = CARTESIAN_POINT('',(-23.82171961029,24.52954622618,13.));
#3947 = CARTESIAN_POINT('',(-23.77913081337,24.486957429266,13.));
#3948 = ORIENTED_EDGE('',*,*,#3949,.T.);
#3949 = EDGE_CURVE('',#3927,#3950,#3952,.T.);
#3950 = VERTEX_POINT('',#3951);
#3951 = CARTESIAN_POINT('',(-24.51643650045,23.81004955397,
    12.998860260401));
#3952 = B_SPLINE_CURVE_WITH_KNOTS('',7,(#3953,#3954,#3955,#3956,#3957,
    #3958,#3959,#3960),.UNSPECIFIED.,.F.,.F.,(8,8),(0.,1.),
  .PIECEWISE_BEZIER_KNOTS.);
#3953 = CARTESIAN_POINT('',(-23.73861904114,24.587867013275,
    12.99877173098));
#3954 = CARTESIAN_POINT('',(-23.75448057356,24.572005480861,
    12.998793603624));
#3955 = CARTESIAN_POINT('',(-23.82501636037,24.501469694052,
    12.998896034536));
#3956 = CARTESIAN_POINT('',(-23.96522039357,24.361265660848,
    12.999048170883));
#3957 = CARTESIAN_POINT('',(-24.16934651765,24.157139536772,
    12.999232059146));
#3958 = CARTESIAN_POINT('',(-24.40105085026,23.925435204163,
    12.999049677286));
#3959 = CARTESIAN_POINT('',(-24.58313369786,23.743352356561,
    12.998778243328));
#3960 = CARTESIAN_POINT('',(-24.58714717857,23.739338875851,
    12.998772722249));
#3961 = ORIENTED_EDGE('',*,*,#3962,.F.);
#3962 = EDGE_CURVE('',#3963,#3950,#3965,.T.);
#3963 = VERTEX_POINT('',#3964);
#3964 = CARTESIAN_POINT('',(-25.04648698208,24.3401000356,
    12.311338480768));
#3965 = B_SPLINE_CURVE_WITH_KNOTS('',5,(#3966,#3967,#3968,#3969,#3970,
    #3971,#3972,#3973,#3974,#3975,#3976,#3977,#3978,#3979,#3980,#3981,
    #3982,#3983),.UNSPECIFIED.,.F.,.F.,(6,4,4,4,6),(0.,0.237995817203,
    0.473994248265,0.736995724161,1.),.UNSPECIFIED.);
#3966 = CARTESIAN_POINT('',(-25.04648698208,24.3401000356,
    12.311338480768));
#3967 = CARTESIAN_POINT('',(-25.04112317986,24.334736233384,
    12.365307037594));
#3968 = CARTESIAN_POINT('',(-25.0325092984,24.326122351923,
    12.418630525273));
#3969 = CARTESIAN_POINT('',(-25.02069748248,24.314310535997,
    12.470784601716));
#3970 = CARTESIAN_POINT('',(-25.00580235344,24.299415406964,
    12.521263295067));
#3971 = CARTESIAN_POINT('',(-24.97034090121,24.263953954727,
    12.61752513534));
#3972 = CARTESIAN_POINT('',(-24.94982266779,24.243435721312,
    12.663345644368));
#3973 = CARTESIAN_POINT('',(-24.92661091129,24.220223964807,
    12.706600780524));
#3974 = CARTESIAN_POINT('',(-24.90092706988,24.194540123403,
    12.746878001261));
#3975 = CARTESIAN_POINT('',(-24.84195688779,24.135569941312,
    12.82499830775));
#3976 = CARTESIAN_POINT('',(-24.80813562525,24.101748678767,
    12.862037238748));
#3977 = CARTESIAN_POINT('',(-24.77194291837,24.065555971889,
    12.894452373729));
#3978 = CARTESIAN_POINT('',(-24.73380785914,24.02742091266,
    12.921859514776));
#3979 = CARTESIAN_POINT('',(-24.65459324538,23.948206298906,
    12.966132355553));
#3980 = CARTESIAN_POINT('',(-24.61351177267,23.90712482619,
    12.982998997575));
#3981 = CARTESIAN_POINT('',(-24.57142669942,23.865039752945,
    12.994332983963));
#3982 = CARTESIAN_POINT('',(-24.52883691896,23.822449972478,13.));
#3983 = CARTESIAN_POINT('',(-24.48624814026,23.779861193783,13.));
#3984 = ORIENTED_EDGE('',*,*,#3985,.T.);
#3985 = EDGE_CURVE('',#3963,#3986,#3988,.T.);
#3986 = VERTEX_POINT('',#3987);
#3987 = CARTESIAN_POINT('',(-32.0717928114,13.826318589881,
    12.311338480768));
#3988 = CIRCLE('',#3989,34.925162560633);
#3989 = AXIS2_PLACEMENT_3D('',#3990,#3991,#3992);
#3990 = CARTESIAN_POINT('',(0.,0.,12.311338480768));
#3991 = DIRECTION('',(-0.,0.,1.));
#3992 = DIRECTION('',(1.,-6.E-17,0.));
#3993 = ORIENTED_EDGE('',*,*,#3994,.T.);
#3994 = EDGE_CURVE('',#3986,#3995,#3997,.T.);
#3995 = VERTEX_POINT('',#3996);
#3996 = CARTESIAN_POINT('',(-31.37926194861,13.539462914149,
    12.998859464398));
#3997 = B_SPLINE_CURVE_WITH_KNOTS('',5,(#3998,#3999,#4000,#4001,#4002,
    #4003,#4004,#4005,#4006,#4007,#4008,#4009,#4010,#4011,#4012,#4013,
    #4014,#4015),.UNSPECIFIED.,.F.,.F.,(6,4,4,4,6),(0.,0.23799579928,
    0.473994222981,0.736995705805,1.),.UNSPECIFIED.);
#3998 = CARTESIAN_POINT('',(-32.0717928114,13.826318589881,
    12.311338480768));
#3999 = CARTESIAN_POINT('',(-32.06478466306,13.823415719789,
    12.365307038313));
#4000 = CARTESIAN_POINT('',(-32.05353007968,13.818753918714,
    12.41863052649));
#4001 = CARTESIAN_POINT('',(-32.03809719182,13.812361407255,
    12.470784603023));
#4002 = CARTESIAN_POINT('',(-32.01863575974,13.804300218147,
    12.521263295961));
#4003 = CARTESIAN_POINT('',(-31.97230311998,13.785108610376,
    12.617525136567));
#4004 = CARTESIAN_POINT('',(-31.94549474431,13.77400421759,
    12.66334564617));
#4005 = CARTESIAN_POINT('',(-31.91516710993,13.761442100115,
    12.706600782214));
#4006 = CARTESIAN_POINT('',(-31.88160954012,13.74754209958,
    12.746878002277));
#4007 = CARTESIAN_POINT('',(-31.80456125134,13.715627653407,
    12.824998308987));
#4008 = CARTESIAN_POINT('',(-31.76037162272,13.697323709918,
    12.862037240319));
#4009 = CARTESIAN_POINT('',(-31.71308355207,13.677736349717,
    12.89445237496));
#4010 = CARTESIAN_POINT('',(-31.66325767542,13.657097795849,
    12.921859515375));
#4011 = CARTESIAN_POINT('',(-31.5597587509,13.614227137624,
    12.966132355916));
#4012 = CARTESIAN_POINT('',(-31.50608319665,13.591993995083,
    12.982998997872));
#4013 = CARTESIAN_POINT('',(-31.45109637493,13.569217707777,
    12.994332984067));
#4014 = CARTESIAN_POINT('',(-31.39545012136,13.546168274852,13.));
#4015 = CARTESIAN_POINT('',(-31.33980517659,13.523119384053,13.));
#4016 = ORIENTED_EDGE('',*,*,#4017,.T.);
#4017 = EDGE_CURVE('',#3995,#4018,#4020,.T.);
#4018 = VERTEX_POINT('',#4019);
#4019 = CARTESIAN_POINT('',(-31.76194538097,12.615583381638,
    12.998860260401));
#4020 = B_SPLINE_CURVE_WITH_KNOTS('',7,(#4021,#4022,#4023,#4024,#4025,
    #4026,#4027,#4028),.UNSPECIFIED.,.F.,.F.,(8,8),(0.,1.),
  .PIECEWISE_BEZIER_KNOTS.);
#4021 = CARTESIAN_POINT('',(-31.34099360537,13.631850867401,
    12.99877173098));
#4022 = CARTESIAN_POINT('',(-31.34957780486,13.611126776583,
    12.998793603624));
#4023 = CARTESIAN_POINT('',(-31.3877514976,13.518967329836,
    12.998896034536));
#4024 = CARTESIAN_POINT('',(-31.46362937359,13.335781932534,
    12.999048170883));
#4025 = CARTESIAN_POINT('',(-31.57410163588,13.06907829864,
    12.999232059146));
#4026 = CARTESIAN_POINT('',(-31.69949911707,12.766341998861,
    12.999049677286));
#4027 = CARTESIAN_POINT('',(-31.7980416441,12.52843929364,
    12.998778243328));
#4028 = CARTESIAN_POINT('',(-31.80021372421,12.523195428387,
    12.998772722249));
#4029 = ORIENTED_EDGE('',*,*,#4030,.F.);
#4030 = EDGE_CURVE('',#4031,#4018,#4033,.T.);
#4031 = VERTEX_POINT('',#4032);
#4032 = CARTESIAN_POINT('',(-32.45448970979,12.902444635177,
    12.311338480768));
#4033 = B_SPLINE_CURVE_WITH_KNOTS('',5,(#4034,#4035,#4036,#4037,#4038,
    #4039,#4040,#4041,#4042,#4043,#4044,#4045,#4046,#4047,#4048,#4049,
    #4050,#4051),.UNSPECIFIED.,.F.,.F.,(6,4,4,4,6),(0.,0.237995817203,
    0.473994248265,0.736995724161,1.),.UNSPECIFIED.);
#4034 = CARTESIAN_POINT('',(-32.45448970979,12.902444635177,
    12.311338480768));
#4035 = CARTESIAN_POINT('',(-32.44748156446,12.899541766336,
    12.365307037594));
#4036 = CARTESIAN_POINT('',(-32.43622698596,12.894879967282,
    12.418630525273));
#4037 = CARTESIAN_POINT('',(-32.42079410472,12.888487458567,
    12.470784601716));
#4038 = CARTESIAN_POINT('',(-32.40133268077,12.880426272823,
    12.521263295067));
#4039 = CARTESIAN_POINT('',(-32.3550000606,12.861234673167,
    12.61752513534));
#4040 = CARTESIAN_POINT('',(-32.32819169671,12.850130285261,
    12.663345644368));
#4041 = CARTESIAN_POINT('',(-32.29786407531,12.837568173163,
    12.706600780524));
#4042 = CARTESIAN_POINT('',(-32.26430651934,12.823668178358,
    12.746878001261));
#4043 = CARTESIAN_POINT('',(-32.18725826339,12.791753745785,
    12.82499830775));
#4044 = CARTESIAN_POINT('',(-32.14306865432,12.773449810395,
    12.862037238748));
#4045 = CARTESIAN_POINT('',(-32.09578060391,12.753862458578,
    12.894452373729));
#4046 = CARTESIAN_POINT('',(-32.04595474786,12.733223913245,
    12.921859514776));
#4047 = CARTESIAN_POINT('',(-31.94245586725,12.690353273206,
    12.966132355553));
#4048 = CARTESIAN_POINT('',(-31.88878033646,12.668120140384,
    12.982998997575));
#4049 = CARTESIAN_POINT('',(-31.83379353838,12.64534386287,
    12.994332983963));
#4050 = CARTESIAN_POINT('',(-31.77814730854,12.622294439775,13.));
#4051 = CARTESIAN_POINT('',(-31.72250238758,12.599245558835,13.));
#4052 = ORIENTED_EDGE('',*,*,#4053,.T.);
#4053 = EDGE_CURVE('',#4031,#4054,#4056,.T.);
#4054 = VERTEX_POINT('',#4055);
#4055 = CARTESIAN_POINT('',(-34.92157600435,0.500509,12.311338480768));
#4056 = CIRCLE('',#4057,34.925162560633);
#4057 = AXIS2_PLACEMENT_3D('',#4058,#4059,#4060);
#4058 = CARTESIAN_POINT('',(0.,0.,12.311338480768));
#4059 = DIRECTION('',(-0.,0.,1.));
#4060 = DIRECTION('',(1.,-6.E-17,0.));
#4061 = ORIENTED_EDGE('',*,*,#4062,.T.);
#4062 = EDGE_CURVE('',#4054,#4063,#4065,.T.);
#4063 = VERTEX_POINT('',#4064);
#4064 = CARTESIAN_POINT('',(-34.171986,0.500509,12.998859464398));
#4065 = B_SPLINE_CURVE_WITH_KNOTS('',5,(#4066,#4067,#4068,#4069,#4070,
    #4071,#4072,#4073,#4074,#4075,#4076,#4077,#4078,#4079,#4080,#4081,
    #4082,#4083),.UNSPECIFIED.,.F.,.F.,(6,4,4,4,6),(0.,0.23799579928,
    0.473994222981,0.736995705805,1.),.UNSPECIFIED.);
#4066 = CARTESIAN_POINT('',(-34.92157600435,0.500509,12.311338480768));
#4067 = CARTESIAN_POINT('',(-34.91399043924,0.500509,12.365307038313));
#4068 = CARTESIAN_POINT('',(-34.90180856597,0.500509,12.41863052649));
#4069 = CARTESIAN_POINT('',(-34.88510412852,0.500509,12.470784603023));
#4070 = CARTESIAN_POINT('',(-34.86403922624,0.500509,12.521263295961));
#4071 = CARTESIAN_POINT('',(-34.81388913834,0.500509,12.617525136567));
#4072 = CARTESIAN_POINT('',(-34.78487196161,0.500509,12.66334564617));
#4073 = CARTESIAN_POINT('',(-34.75204556671,0.500509,12.706600782214));
#4074 = CARTESIAN_POINT('',(-34.71572311488,0.500509,12.746878002277));
#4075 = CARTESIAN_POINT('',(-34.63232664806,0.500509,12.824998308987));
#4076 = CARTESIAN_POINT('',(-34.58449613871,0.500509,12.862037240319));
#4077 = CARTESIAN_POINT('',(-34.53331189987,0.500509,12.89445237496));
#4078 = CARTESIAN_POINT('',(-34.47938075961,0.500509,12.921859515375));
#4079 = CARTESIAN_POINT('',(-34.36735433097,0.500509,12.966132355916));
#4080 = CARTESIAN_POINT('',(-34.3092563297,0.500509,12.982998997872));
#4081 = CARTESIAN_POINT('',(-34.24973902276,0.500509,12.994332984067));
#4082 = CARTESIAN_POINT('',(-34.18950795192,0.500509,13.));
#4083 = CARTESIAN_POINT('',(-34.12927829772,0.500509,13.));
#4084 = ORIENTED_EDGE('',*,*,#4085,.T.);
#4085 = EDGE_CURVE('',#4063,#4086,#4088,.T.);
#4086 = VERTEX_POINT('',#4087);
#4087 = CARTESIAN_POINT('',(-34.171986,-0.499491,12.998860260401));
#4088 = B_SPLINE_CURVE_WITH_KNOTS('',7,(#4089,#4090,#4091,#4092,#4093,
    #4094,#4095,#4096),.UNSPECIFIED.,.F.,.F.,(8,8),(0.,1.),
  .PIECEWISE_BEZIER_KNOTS.);
#4089 = CARTESIAN_POINT('',(-34.171986,0.600509,12.99877173098));
#4090 = CARTESIAN_POINT('',(-34.171986,0.57807740574,12.998793603624));
#4091 = CARTESIAN_POINT('',(-34.171986,0.478324739401,12.998896034536));
#4092 = CARTESIAN_POINT('',(-34.171986,0.280046294146,12.999048170883));
#4093 = CARTESIAN_POINT('',(-34.171986,-8.631638959167E-03,
    12.999232059146));
#4094 = CARTESIAN_POINT('',(-34.171986,-0.336311048595,12.999049677286)
  );
#4095 = CARTESIAN_POINT('',(-34.171986,-0.593815081151,12.998778243328)
  );
#4096 = CARTESIAN_POINT('',(-34.171986,-0.599491,12.998772722249));
#4097 = ORIENTED_EDGE('',*,*,#4098,.F.);
#4098 = EDGE_CURVE('',#4099,#4086,#4101,.T.);
#4099 = VERTEX_POINT('',#4100);
#4100 = CARTESIAN_POINT('',(-34.92159057986,-0.499491,12.311338480768));
#4101 = B_SPLINE_CURVE_WITH_KNOTS('',5,(#4102,#4103,#4104,#4105,#4106,
    #4107,#4108,#4109,#4110,#4111,#4112,#4113,#4114,#4115,#4116,#4117,
    #4118,#4119),.UNSPECIFIED.,.F.,.F.,(6,4,4,4,6),(0.,0.237995817203,
    0.473994248265,0.736995724161,1.),.UNSPECIFIED.);
#4102 = CARTESIAN_POINT('',(-34.92159057986,-0.499491,12.311338480768));
#4103 = CARTESIAN_POINT('',(-34.91400501802,-0.499491,12.365307037594));
#4104 = CARTESIAN_POINT('',(-34.90182315003,-0.499491,12.418630525273));
#4105 = CARTESIAN_POINT('',(-34.88511871975,-0.499491,12.470784601716));
#4106 = CARTESIAN_POINT('',(-34.86405382626,-0.499491,12.521263295067));
#4107 = CARTESIAN_POINT('',(-34.81390375957,-0.499491,12.61752513534));
#4108 = CARTESIAN_POINT('',(-34.7848865956,-0.499491,12.663345644368));
#4109 = CARTESIAN_POINT('',(-34.75206021474,-0.499491,12.706600780524));
#4110 = CARTESIAN_POINT('',(-34.71573777789,-0.499491,12.746878001261));
#4111 = CARTESIAN_POINT('',(-34.6323413466,-0.499491,12.82499830775));
#4112 = CARTESIAN_POINT('',(-34.58451085842,-0.499491,12.862037238748));
#4113 = CARTESIAN_POINT('',(-34.53332664149,-0.499491,12.894452373729));
#4114 = CARTESIAN_POINT('',(-34.47939552353,-0.499491,12.921859514776));
#4115 = CARTESIAN_POINT('',(-34.36736914242,-0.499491,12.966132355553));
#4116 = CARTESIAN_POINT('',(-34.30927116654,-0.499491,12.982998997575));
#4117 = CARTESIAN_POINT('',(-34.24975388518,-0.499491,12.994332983963));
#4118 = CARTESIAN_POINT('',(-34.18952284003,-0.499491,13.));
#4119 = CARTESIAN_POINT('',(-34.12929321159,-0.499491,13.));
#4120 = ORIENTED_EDGE('',*,*,#4121,.T.);
#4121 = EDGE_CURVE('',#4099,#4122,#4124,.T.);
#4122 = VERTEX_POINT('',#4123);
#4123 = CARTESIAN_POINT('',(-32.4548658155,-12.901498548,12.311338480768
    ));
#4124 = CIRCLE('',#4125,34.925162560633);
#4125 = AXIS2_PLACEMENT_3D('',#4126,#4127,#4128);
#4126 = CARTESIAN_POINT('',(0.,0.,12.311338480768));
#4127 = DIRECTION('',(-0.,0.,1.));
#4128 = DIRECTION('',(1.,-6.E-17,0.));
#4129 = ORIENTED_EDGE('',*,*,#4130,.T.);
#4130 = EDGE_CURVE('',#4122,#4131,#4133,.T.);
#4131 = VERTEX_POINT('',#4132);
#4132 = CARTESIAN_POINT('',(-31.76233495271,-12.61464287227,
    12.998859464398));
#4133 = B_SPLINE_CURVE_WITH_KNOTS('',5,(#4134,#4135,#4136,#4137,#4138,
    #4139,#4140,#4141,#4142,#4143,#4144,#4145,#4146,#4147,#4148,#4149,
    #4150,#4151),.UNSPECIFIED.,.F.,.F.,(6,4,4,4,6),(0.,0.23799579928,
    0.473994222981,0.736995705806,1.),.UNSPECIFIED.);
#4134 = CARTESIAN_POINT('',(-32.4548658155,-12.901498548,12.311338480768
    ));
#4135 = CARTESIAN_POINT('',(-32.44785766716,-12.89859567791,
    12.365307038313));
#4136 = CARTESIAN_POINT('',(-32.43660308378,-12.89393387683,
    12.41863052649));
#4137 = CARTESIAN_POINT('',(-32.42117019591,-12.88754136538,
    12.470784603023));
#4138 = CARTESIAN_POINT('',(-32.40170876384,-12.87948017627,
    12.521263295961));
#4139 = CARTESIAN_POINT('',(-32.35537612408,-12.8602885685,
    12.617525136567));
#4140 = CARTESIAN_POINT('',(-32.32856774841,-12.84918417571,
    12.66334564617));
#4141 = CARTESIAN_POINT('',(-32.29824011403,-12.83662205824,
    12.706600782214));
#4142 = CARTESIAN_POINT('',(-32.26468254422,-12.8227220577,
    12.746878002277));
#4143 = CARTESIAN_POINT('',(-32.18763425544,-12.79080761153,
    12.824998308987));
#4144 = CARTESIAN_POINT('',(-32.14344462682,-12.77250366804,
    12.862037240319));
#4145 = CARTESIAN_POINT('',(-32.09615655617,-12.75291630784,
    12.89445237496));
#4146 = CARTESIAN_POINT('',(-32.04633067951,-12.73227775397,
    12.921859515375));
#4147 = CARTESIAN_POINT('',(-31.942831755,-12.68940709574,
    12.966132355916));
#4148 = CARTESIAN_POINT('',(-31.88915620074,-12.6671739532,
    12.982998997872));
#4149 = CARTESIAN_POINT('',(-31.83416937903,-12.6443976659,
    12.994332984067));
#4150 = CARTESIAN_POINT('',(-31.77852312546,-12.62134823297,13.));
#4151 = CARTESIAN_POINT('',(-31.72287818069,-12.59829934217,13.));
#4152 = ORIENTED_EDGE('',*,*,#4153,.T.);
#4153 = EDGE_CURVE('',#4131,#4154,#4156,.T.);
#4154 = VERTEX_POINT('',#4155);
#4155 = CARTESIAN_POINT('',(-31.37965152034,-13.53852240478,
    12.998860260401));
#4156 = B_SPLINE_CURVE_WITH_KNOTS('',7,(#4157,#4158,#4159,#4160,#4161,
    #4162,#4163,#4164),.UNSPECIFIED.,.F.,.F.,(8,8),(0.,1.),
  .PIECEWISE_BEZIER_KNOTS.);
#4157 = CARTESIAN_POINT('',(-31.80060329594,-12.52225491902,
    12.99877173098));
#4158 = CARTESIAN_POINT('',(-31.79201909646,-12.54297900984,
    12.998793603624));
#4159 = CARTESIAN_POINT('',(-31.75384540372,-12.63513845658,
    12.998896034536));
#4160 = CARTESIAN_POINT('',(-31.67796752772,-12.81832385389,
    12.999048170883));
#4161 = CARTESIAN_POINT('',(-31.56749526543,-13.08502748778,
    12.999232059146));
#4162 = CARTESIAN_POINT('',(-31.44209778424,-13.38776378756,
    12.999049677286));
#4163 = CARTESIAN_POINT('',(-31.34355525721,-13.62566649278,
    12.998778243328));
#4164 = CARTESIAN_POINT('',(-31.34138317711,-13.63091035803,
    12.998772722249));
#4165 = ORIENTED_EDGE('',*,*,#4166,.F.);
#4166 = EDGE_CURVE('',#4167,#4154,#4169,.T.);
#4167 = VERTEX_POINT('',#4168);
#4168 = CARTESIAN_POINT('',(-32.07219584915,-13.82538365832,
    12.311338480768));
#4169 = B_SPLINE_CURVE_WITH_KNOTS('',5,(#4170,#4171,#4172,#4173,#4174,
    #4175,#4176,#4177,#4178,#4179,#4180,#4181,#4182,#4183,#4184,#4185,
    #4186,#4187),.UNSPECIFIED.,.F.,.F.,(6,4,4,4,6),(0.,0.237995817203,
    0.473994248265,0.736995724161,1.),.UNSPECIFIED.);
#4170 = CARTESIAN_POINT('',(-32.07219584915,-13.82538365832,
    12.311338480768));
#4171 = CARTESIAN_POINT('',(-32.06518770383,-13.82248078948,
    12.365307037594));
#4172 = CARTESIAN_POINT('',(-32.05393312533,-13.81781899042,
    12.418630525273));
#4173 = CARTESIAN_POINT('',(-32.03850024409,-13.81142648171,
    12.470784601716));
#4174 = CARTESIAN_POINT('',(-32.01903882014,-13.80336529597,
    12.521263295067));
#4175 = CARTESIAN_POINT('',(-31.97270619997,-13.78417369631,
    12.61752513534));
#4176 = CARTESIAN_POINT('',(-31.94589783608,-13.7730693084,
    12.663345644368));
#4177 = CARTESIAN_POINT('',(-31.91557021468,-13.76050719631,
    12.706600780524));
#4178 = CARTESIAN_POINT('',(-31.88201265871,-13.7466072015,
    12.746878001261));
#4179 = CARTESIAN_POINT('',(-31.80496440275,-13.71469276893,
    12.82499830775));
#4180 = CARTESIAN_POINT('',(-31.76077479369,-13.69638883354,
    12.862037238748));
#4181 = CARTESIAN_POINT('',(-31.71348674328,-13.67680148172,
    12.894452373729));
#4182 = CARTESIAN_POINT('',(-31.66366088723,-13.65616293639,
    12.921859514776));
#4183 = CARTESIAN_POINT('',(-31.56016200662,-13.61329229635,
    12.966132355553));
#4184 = CARTESIAN_POINT('',(-31.50648647583,-13.59105916353,
    12.982998997575));
#4185 = CARTESIAN_POINT('',(-31.45149967775,-13.56828288601,
    12.994332983963));
#4186 = CARTESIAN_POINT('',(-31.39585344791,-13.54523346292,13.));
#4187 = CARTESIAN_POINT('',(-31.34020852695,-13.52218458198,13.));
#4188 = ORIENTED_EDGE('',*,*,#4189,.T.);
#4189 = EDGE_CURVE('',#4167,#4190,#4192,.T.);
#4190 = VERTEX_POINT('',#4191);
#4191 = CARTESIAN_POINT('',(-25.04719651034,-24.33936989445,
    12.311338480768));
#4192 = CIRCLE('',#4193,34.925162560633);
#4193 = AXIS2_PLACEMENT_3D('',#4194,#4195,#4196);
#4194 = CARTESIAN_POINT('',(0.,0.,12.311338480768));
#4195 = DIRECTION('',(-0.,0.,1.));
#4196 = DIRECTION('',(1.,-6.E-17,0.));
#4197 = ORIENTED_EDGE('',*,*,#4198,.T.);
#4198 = EDGE_CURVE('',#4190,#4199,#4201,.T.);
#4199 = VERTEX_POINT('',#4200);
#4200 = CARTESIAN_POINT('',(-24.51715633515,-23.80932971926,
    12.998859464398));
#4201 = B_SPLINE_CURVE_WITH_KNOTS('',5,(#4202,#4203,#4204,#4205,#4206,
    #4207,#4208,#4209,#4210,#4211,#4212,#4213,#4214,#4215,#4216,#4217,
    #4218,#4219),.UNSPECIFIED.,.F.,.F.,(6,4,4,4,6),(0.,0.23799579928,
    0.473994222981,0.736995705805,1.),.UNSPECIFIED.);
#4202 = CARTESIAN_POINT('',(-25.04719651034,-24.33936989445,
    12.311338480768));
#4203 = CARTESIAN_POINT('',(-25.04183270581,-24.33400608992,
    12.365307038313));
#4204 = CARTESIAN_POINT('',(-25.03321882062,-24.32539220473,
    12.41863052649));
#4205 = CARTESIAN_POINT('',(-25.02140699962,-24.31358038373,
    12.470784603023));
#4206 = CARTESIAN_POINT('',(-25.00651186437,-24.29868524848,
    12.521263295961));
#4207 = CARTESIAN_POINT('',(-24.97105039714,-24.26322378125,
    12.617525136567));
#4208 = CARTESIAN_POINT('',(-24.95053215471,-24.24270553882,
    12.66334564617));
#4209 = CARTESIAN_POINT('',(-24.92732038827,-24.21949377238,
    12.706600782214));
#4210 = CARTESIAN_POINT('',(-24.90163653627,-24.19380992038,
    12.746878002277));
#4211 = CARTESIAN_POINT('',(-24.84266632905,-24.13483971316,
    12.824998308987));
#4212 = CARTESIAN_POINT('',(-24.80884505155,-24.10101843566,
    12.862037240319));
#4213 = CARTESIAN_POINT('',(-24.77265232917,-24.06482571328,
    12.89445237496));
#4214 = CARTESIAN_POINT('',(-24.73451725418,-24.02669063829,
    12.921859515375));
#4215 = CARTESIAN_POINT('',(-24.65530260682,-23.94747599093,
    12.966132355916));
#4216 = CARTESIAN_POINT('',(-24.61422111614,-23.90639450025,
    12.982998997872));
#4217 = CARTESIAN_POINT('',(-24.57213602481,-23.86430940892,
    12.994332984067));
#4218 = CARTESIAN_POINT('',(-24.52954622618,-23.82171961029,13.));
#4219 = CARTESIAN_POINT('',(-24.48695742926,-23.77913081337,13.));
#4220 = ORIENTED_EDGE('',*,*,#4221,.T.);
#4221 = EDGE_CURVE('',#4199,#4222,#4224,.T.);
#4222 = VERTEX_POINT('',#4223);
#4223 = CARTESIAN_POINT('',(-23.81004955397,-24.51643650045,
    12.998860260401));
#4224 = B_SPLINE_CURVE_WITH_KNOTS('',7,(#4225,#4226,#4227,#4228,#4229,
    #4230,#4231,#4232),.UNSPECIFIED.,.F.,.F.,(8,8),(0.,1.),
  .PIECEWISE_BEZIER_KNOTS.);
#4225 = CARTESIAN_POINT('',(-24.58786701327,-23.73861904114,
    12.99877173098));
#4226 = CARTESIAN_POINT('',(-24.57200548086,-23.75448057356,
    12.998793603624));
#4227 = CARTESIAN_POINT('',(-24.50146969405,-23.82501636037,
    12.998896034536));
#4228 = CARTESIAN_POINT('',(-24.36126566084,-23.96522039357,
    12.999048170883));
#4229 = CARTESIAN_POINT('',(-24.15713953677,-24.16934651765,
    12.999232059146));
#4230 = CARTESIAN_POINT('',(-23.92543520416,-24.40105085026,
    12.999049677286));
#4231 = CARTESIAN_POINT('',(-23.74335235655,-24.58313369786,
    12.998778243328));
#4232 = CARTESIAN_POINT('',(-23.73933887585,-24.58714717857,
    12.998772722249));
#4233 = ORIENTED_EDGE('',*,*,#4234,.F.);
#4234 = EDGE_CURVE('',#4235,#4222,#4237,.T.);
#4235 = VERTEX_POINT('',#4236);
#4236 = CARTESIAN_POINT('',(-24.3401000356,-25.04648698208,
    12.311338480768));
#4237 = B_SPLINE_CURVE_WITH_KNOTS('',5,(#4238,#4239,#4240,#4241,#4242,
    #4243,#4244,#4245,#4246,#4247,#4248,#4249,#4250,#4251,#4252,#4253,
    #4254,#4255),.UNSPECIFIED.,.F.,.F.,(6,4,4,4,6),(0.,0.237995817203,
    0.473994248265,0.736995724161,1.),.UNSPECIFIED.);
#4238 = CARTESIAN_POINT('',(-24.3401000356,-25.04648698208,
    12.311338480768));
#4239 = CARTESIAN_POINT('',(-24.33473623338,-25.04112317986,
    12.365307037594));
#4240 = CARTESIAN_POINT('',(-24.32612235192,-25.0325092984,
    12.418630525273));
#4241 = CARTESIAN_POINT('',(-24.31431053599,-25.02069748248,
    12.470784601716));
#4242 = CARTESIAN_POINT('',(-24.29941540696,-25.00580235344,
    12.521263295067));
#4243 = CARTESIAN_POINT('',(-24.26395395472,-24.97034090121,
    12.61752513534));
#4244 = CARTESIAN_POINT('',(-24.24343572131,-24.94982266779,
    12.663345644368));
#4245 = CARTESIAN_POINT('',(-24.2202239648,-24.92661091129,
    12.706600780524));
#4246 = CARTESIAN_POINT('',(-24.1945401234,-24.90092706988,
    12.746878001261));
#4247 = CARTESIAN_POINT('',(-24.13556994131,-24.84195688779,
    12.82499830775));
#4248 = CARTESIAN_POINT('',(-24.10174867876,-24.80813562525,
    12.862037238748));
#4249 = CARTESIAN_POINT('',(-24.06555597188,-24.77194291837,
    12.894452373729));
#4250 = CARTESIAN_POINT('',(-24.02742091266,-24.73380785914,
    12.921859514776));
#4251 = CARTESIAN_POINT('',(-23.9482062989,-24.65459324538,
    12.966132355553));
#4252 = CARTESIAN_POINT('',(-23.90712482619,-24.61351177267,
    12.982998997575));
#4253 = CARTESIAN_POINT('',(-23.86503975294,-24.57142669942,
    12.994332983963));
#4254 = CARTESIAN_POINT('',(-23.82244997247,-24.52883691896,13.));
#4255 = CARTESIAN_POINT('',(-23.77986119378,-24.48624814026,13.));
#4256 = ORIENTED_EDGE('',*,*,#4257,.T.);
#4257 = EDGE_CURVE('',#4235,#4258,#4260,.T.);
#4258 = VERTEX_POINT('',#4259);
#4259 = CARTESIAN_POINT('',(-13.82631858988,-32.0717928114,
    12.311338480768));
#4260 = CIRCLE('',#4261,34.925162560633);
#4261 = AXIS2_PLACEMENT_3D('',#4262,#4263,#4264);
#4262 = CARTESIAN_POINT('',(0.,0.,12.311338480768));
#4263 = DIRECTION('',(-0.,0.,1.));
#4264 = DIRECTION('',(1.,-6.E-17,0.));
#4265 = ORIENTED_EDGE('',*,*,#4266,.T.);
#4266 = EDGE_CURVE('',#4258,#4267,#4269,.T.);
#4267 = VERTEX_POINT('',#4268);
#4268 = CARTESIAN_POINT('',(-13.53946291414,-31.37926194861,
    12.998859464398));
#4269 = B_SPLINE_CURVE_WITH_KNOTS('',5,(#4270,#4271,#4272,#4273,#4274,
    #4275,#4276,#4277,#4278,#4279,#4280,#4281,#4282,#4283,#4284,#4285,
    #4286,#4287),.UNSPECIFIED.,.F.,.F.,(6,4,4,4,6),(0.,0.23799579928,
    0.473994222981,0.736995705805,1.),.UNSPECIFIED.);
#4270 = CARTESIAN_POINT('',(-13.82631858988,-32.0717928114,
    12.311338480768));
#4271 = CARTESIAN_POINT('',(-13.82341571978,-32.06478466306,
    12.365307038313));
#4272 = CARTESIAN_POINT('',(-13.81875391871,-32.05353007968,
    12.41863052649));
#4273 = CARTESIAN_POINT('',(-13.81236140725,-32.03809719182,
    12.470784603023));
#4274 = CARTESIAN_POINT('',(-13.80430021814,-32.01863575974,
    12.521263295961));
#4275 = CARTESIAN_POINT('',(-13.78510861037,-31.97230311998,
    12.617525136567));
#4276 = CARTESIAN_POINT('',(-13.77400421759,-31.94549474431,
    12.66334564617));
#4277 = CARTESIAN_POINT('',(-13.76144210011,-31.91516710993,
    12.706600782214));
#4278 = CARTESIAN_POINT('',(-13.74754209958,-31.88160954012,
    12.746878002277));
#4279 = CARTESIAN_POINT('',(-13.7156276534,-31.80456125134,
    12.824998308987));
#4280 = CARTESIAN_POINT('',(-13.69732370991,-31.76037162272,
    12.862037240319));
#4281 = CARTESIAN_POINT('',(-13.67773634971,-31.71308355207,
    12.89445237496));
#4282 = CARTESIAN_POINT('',(-13.65709779584,-31.66325767542,
    12.921859515375));
#4283 = CARTESIAN_POINT('',(-13.61422713762,-31.5597587509,
    12.966132355916));
#4284 = CARTESIAN_POINT('',(-13.59199399508,-31.50608319665,
    12.982998997872));
#4285 = CARTESIAN_POINT('',(-13.56921770777,-31.45109637493,
    12.994332984067));
#4286 = CARTESIAN_POINT('',(-13.54616827485,-31.39545012136,13.));
#4287 = CARTESIAN_POINT('',(-13.52311938405,-31.33980517659,13.));
#4288 = ORIENTED_EDGE('',*,*,#4289,.T.);
#4289 = EDGE_CURVE('',#4267,#4290,#4292,.T.);
#4290 = VERTEX_POINT('',#4291);
#4291 = CARTESIAN_POINT('',(-12.61558338163,-31.76194538097,
    12.998860260401));
#4292 = B_SPLINE_CURVE_WITH_KNOTS('',7,(#4293,#4294,#4295,#4296,#4297,
    #4298,#4299,#4300),.UNSPECIFIED.,.F.,.F.,(8,8),(0.,1.),
  .PIECEWISE_BEZIER_KNOTS.);
#4293 = CARTESIAN_POINT('',(-13.6318508674,-31.34099360537,
    12.99877173098));
#4294 = CARTESIAN_POINT('',(-13.61112677658,-31.34957780486,
    12.998793603624));
#4295 = CARTESIAN_POINT('',(-13.51896732983,-31.3877514976,
    12.998896034536));
#4296 = CARTESIAN_POINT('',(-13.33578193253,-31.46362937359,
    12.999048170883));
#4297 = CARTESIAN_POINT('',(-13.06907829864,-31.57410163588,
    12.999232059146));
#4298 = CARTESIAN_POINT('',(-12.76634199885,-31.69949911708,
    12.999049677286));
#4299 = CARTESIAN_POINT('',(-12.52843929363,-31.7980416441,
    12.998778243328));
#4300 = CARTESIAN_POINT('',(-12.52319542838,-31.80021372421,
    12.998772722249));
#4301 = ORIENTED_EDGE('',*,*,#4302,.F.);
#4302 = EDGE_CURVE('',#4303,#4290,#4305,.T.);
#4303 = VERTEX_POINT('',#4304);
#4304 = CARTESIAN_POINT('',(-12.90244463517,-32.45448970979,
    12.311338480768));
#4305 = B_SPLINE_CURVE_WITH_KNOTS('',5,(#4306,#4307,#4308,#4309,#4310,
    #4311,#4312,#4313,#4314,#4315,#4316,#4317,#4318,#4319,#4320,#4321,
    #4322,#4323),.UNSPECIFIED.,.F.,.F.,(6,4,4,4,6),(0.,0.237995817203,
    0.473994248265,0.736995724161,1.),.UNSPECIFIED.);
#4306 = CARTESIAN_POINT('',(-12.90244463517,-32.45448970979,
    12.311338480768));
#4307 = CARTESIAN_POINT('',(-12.89954176633,-32.44748156446,
    12.365307037594));
#4308 = CARTESIAN_POINT('',(-12.89487996728,-32.43622698596,
    12.418630525273));
#4309 = CARTESIAN_POINT('',(-12.88848745856,-32.42079410472,
    12.470784601716));
#4310 = CARTESIAN_POINT('',(-12.88042627282,-32.40133268077,
    12.521263295067));
#4311 = CARTESIAN_POINT('',(-12.86123467316,-32.3550000606,
    12.61752513534));
#4312 = CARTESIAN_POINT('',(-12.85013028526,-32.32819169671,
    12.663345644368));
#4313 = CARTESIAN_POINT('',(-12.83756817316,-32.29786407531,
    12.706600780524));
#4314 = CARTESIAN_POINT('',(-12.82366817835,-32.26430651934,
    12.746878001261));
#4315 = CARTESIAN_POINT('',(-12.79175374578,-32.18725826339,
    12.82499830775));
#4316 = CARTESIAN_POINT('',(-12.77344981039,-32.14306865432,
    12.862037238748));
#4317 = CARTESIAN_POINT('',(-12.75386245857,-32.09578060391,
    12.894452373729));
#4318 = CARTESIAN_POINT('',(-12.73322391324,-32.04595474786,
    12.921859514776));
#4319 = CARTESIAN_POINT('',(-12.6903532732,-31.94245586725,
    12.966132355553));
#4320 = CARTESIAN_POINT('',(-12.66812014038,-31.88878033646,
    12.982998997575));
#4321 = CARTESIAN_POINT('',(-12.64534386287,-31.83379353838,
    12.994332983963));
#4322 = CARTESIAN_POINT('',(-12.62229443977,-31.77814730854,13.));
#4323 = CARTESIAN_POINT('',(-12.59924555883,-31.72250238758,13.));
#4324 = ORIENTED_EDGE('',*,*,#4325,.T.);
#4325 = EDGE_CURVE('',#4303,#4326,#4328,.T.);
#4326 = VERTEX_POINT('',#4327);
#4327 = CARTESIAN_POINT('',(-0.500509,-34.92157600435,12.311338480768));
#4328 = CIRCLE('',#4329,34.925162560633);
#4329 = AXIS2_PLACEMENT_3D('',#4330,#4331,#4332);
#4330 = CARTESIAN_POINT('',(0.,0.,12.311338480768));
#4331 = DIRECTION('',(-0.,0.,1.));
#4332 = DIRECTION('',(1.,-6.E-17,0.));
#4333 = ORIENTED_EDGE('',*,*,#4334,.T.);
#4334 = EDGE_CURVE('',#4326,#4335,#4337,.T.);
#4335 = VERTEX_POINT('',#4336);
#4336 = CARTESIAN_POINT('',(-0.500509,-34.171986,12.998859464398));
#4337 = B_SPLINE_CURVE_WITH_KNOTS('',5,(#4338,#4339,#4340,#4341,#4342,
    #4343,#4344,#4345,#4346,#4347,#4348,#4349,#4350,#4351,#4352,#4353,
    #4354,#4355),.UNSPECIFIED.,.F.,.F.,(6,4,4,4,6),(0.,0.23799579928,
    0.473994222981,0.736995705805,1.),.UNSPECIFIED.);
#4338 = CARTESIAN_POINT('',(-0.500509,-34.92157600435,12.311338480768));
#4339 = CARTESIAN_POINT('',(-0.500509,-34.91399043924,12.365307038313));
#4340 = CARTESIAN_POINT('',(-0.500509,-34.90180856597,12.41863052649));
#4341 = CARTESIAN_POINT('',(-0.500509,-34.88510412852,12.470784603023));
#4342 = CARTESIAN_POINT('',(-0.500509,-34.86403922624,12.521263295961));
#4343 = CARTESIAN_POINT('',(-0.500509,-34.81388913834,12.617525136567));
#4344 = CARTESIAN_POINT('',(-0.500509,-34.78487196161,12.66334564617));
#4345 = CARTESIAN_POINT('',(-0.500509,-34.75204556671,12.706600782214));
#4346 = CARTESIAN_POINT('',(-0.500509,-34.71572311488,12.746878002277));
#4347 = CARTESIAN_POINT('',(-0.500509,-34.63232664806,12.824998308987));
#4348 = CARTESIAN_POINT('',(-0.500509,-34.58449613871,12.862037240319));
#4349 = CARTESIAN_POINT('',(-0.500509,-34.53331189987,12.89445237496));
#4350 = CARTESIAN_POINT('',(-0.500509,-34.47938075961,12.921859515375));
#4351 = CARTESIAN_POINT('',(-0.500509,-34.36735433097,12.966132355916));
#4352 = CARTESIAN_POINT('',(-0.500509,-34.3092563297,12.982998997872));
#4353 = CARTESIAN_POINT('',(-0.500509,-34.24973902276,12.994332984067));
#4354 = CARTESIAN_POINT('',(-0.500509,-34.18950795192,13.));
#4355 = CARTESIAN_POINT('',(-0.500509,-34.12927829772,13.));
#4356 = ORIENTED_EDGE('',*,*,#4357,.T.);
#4357 = EDGE_CURVE('',#4335,#3269,#4358,.T.);
#4358 = B_SPLINE_CURVE_WITH_KNOTS('',7,(#4359,#4360,#4361,#4362,#4363,
    #4364,#4365,#4366),.UNSPECIFIED.,.F.,.F.,(8,8),(0.,1.),
  .PIECEWISE_BEZIER_KNOTS.);
#4359 = CARTESIAN_POINT('',(-0.600509,-34.171986,12.99877173098));
#4360 = CARTESIAN_POINT('',(-0.578077405739,-34.171986,12.998793603624)
  );
#4361 = CARTESIAN_POINT('',(-0.478324739402,-34.171986,12.998896034536)
  );
#4362 = CARTESIAN_POINT('',(-0.280046294143,-34.171986,12.999048170883)
  );
#4363 = CARTESIAN_POINT('',(8.631638956667E-03,-34.171986,
    12.999232059146));
#4364 = CARTESIAN_POINT('',(0.336311048598,-34.171986,12.999049677286));
#4365 = CARTESIAN_POINT('',(0.593815081151,-34.171986,12.998778243328));
#4366 = CARTESIAN_POINT('',(0.599491,-34.171986,12.998772722249));
#4367 = TOROIDAL_SURFACE('',#4368,34.13294810564,0.8);
#4368 = AXIS2_PLACEMENT_3D('',#4369,#4370,#4371);
#4369 = CARTESIAN_POINT('',(0.,0.,12.2));
#4370 = DIRECTION('',(0.,0.,1.));
#4371 = DIRECTION('',(1.,-6.E-17,0.));
#4372 = ADVANCED_FACE('',(#4373),#4407,.F.);
#4373 = FACE_BOUND('',#4374,.F.);
#4374 = EDGE_LOOP('',(#4375,#4383,#4384,#4385,#4393,#4401));
#4375 = ORIENTED_EDGE('',*,*,#4376,.F.);
#4376 = EDGE_CURVE('',#3243,#4377,#4379,.T.);
#4377 = VERTEX_POINT('',#4378);
#4378 = CARTESIAN_POINT('',(32.062025988817,12.738778963951,10.));
#4379 = LINE('',#4380,#4381);
#4380 = CARTESIAN_POINT('',(33.148154251479,13.188668020822,10.));
#4381 = VECTOR('',#4382,1.);
#4382 = DIRECTION('',(-0.923879532511,-0.382683432365,0.));
#4383 = ORIENTED_EDGE('',*,*,#3251,.F.);
#4384 = ORIENTED_EDGE('',*,*,#3586,.T.);
#4385 = ORIENTED_EDGE('',*,*,#4386,.F.);
#4386 = EDGE_CURVE('',#4387,#3587,#4389,.T.);
#4387 = VERTEX_POINT('',#4388);
#4388 = CARTESIAN_POINT('',(31.762334952712,12.614642872274,12.));
#4389 = LINE('',#4390,#4391);
#4390 = CARTESIAN_POINT('',(31.762334952712,12.614642872274,10.));
#4391 = VECTOR('',#4392,1.);
#4392 = DIRECTION('',(0.,0.,1.));
#4393 = ORIENTED_EDGE('',*,*,#4394,.T.);
#4394 = EDGE_CURVE('',#4387,#4395,#4397,.T.);
#4395 = VERTEX_POINT('',#4396);
#4396 = CARTESIAN_POINT('',(32.062025988817,12.738778963951,12.));
#4397 = LINE('',#4398,#4399);
#4398 = CARTESIAN_POINT('',(16.669845376764,6.363128999942,12.));
#4399 = VECTOR('',#4400,1.);
#4400 = DIRECTION('',(0.923879532511,0.382683432365,0.));
#4401 = ORIENTED_EDGE('',*,*,#4402,.T.);
#4402 = EDGE_CURVE('',#4395,#4377,#4403,.T.);
#4403 = LINE('',#4404,#4405);
#4404 = CARTESIAN_POINT('',(32.062025988817,12.738778963951,10.));
#4405 = VECTOR('',#4406,1.);
#4406 = DIRECTION('',(0.,0.,-1.));
#4407 = PLANE('',#4408);
#4408 = AXIS2_PLACEMENT_3D('',#4409,#4410,#4411);
#4409 = CARTESIAN_POINT('',(33.148154251479,13.188668020822,10.));
#4410 = DIRECTION('',(0.382683432365,-0.923879532511,0.));
#4411 = DIRECTION('',(-0.923879532511,-0.382683432365,0.));
#4412 = ADVANCED_FACE('',(#4413),#4432,.F.);
#4413 = FACE_BOUND('',#4414,.F.);
#4414 = EDGE_LOOP('',(#4415,#4423,#4424,#4425));
#4415 = ORIENTED_EDGE('',*,*,#4416,.T.);
#4416 = EDGE_CURVE('',#4417,#3234,#4419,.T.);
#4417 = VERTEX_POINT('',#4418);
#4418 = CARTESIAN_POINT('',(34.496383995151,0.499490999999,10.));
#4419 = LINE('',#4420,#4421);
#4420 = CARTESIAN_POINT('',(34.171986,0.499491,10.));
#4421 = VECTOR('',#4422,1.);
#4422 = DIRECTION('',(1.,0.,0.));
#4423 = ORIENTED_EDGE('',*,*,#3242,.T.);
#4424 = ORIENTED_EDGE('',*,*,#4376,.T.);
#4425 = ORIENTED_EDGE('',*,*,#4426,.T.);
#4426 = EDGE_CURVE('',#4377,#4417,#4427,.T.);
#4427 = CIRCLE('',#4428,34.5);
#4428 = AXIS2_PLACEMENT_3D('',#4429,#4430,#4431);
#4429 = CARTESIAN_POINT('',(0.,0.,10.));
#4430 = DIRECTION('',(0.,0.,-1.));
#4431 = DIRECTION('',(1.,0.,0.));
#4432 = PLANE('',#4433);
#4433 = AXIS2_PLACEMENT_3D('',#4434,#4435,#4436);
#4434 = CARTESIAN_POINT('',(0.,0.,10.));
#4435 = DIRECTION('',(0.,0.,1.));
#4436 = DIRECTION('',(1.,0.,0.));
#4437 = ADVANCED_FACE('',(#4438),#4465,.F.);
#4438 = FACE_BOUND('',#4439,.F.);
#4439 = EDGE_LOOP('',(#4440,#4450,#4456,#4457,#4458,#4459));
#4440 = ORIENTED_EDGE('',*,*,#4441,.T.);
#4441 = EDGE_CURVE('',#4442,#4444,#4446,.T.);
#4442 = VERTEX_POINT('',#4443);
#4443 = CARTESIAN_POINT('',(34.496383995151,0.499491,12.));
#4444 = VERTEX_POINT('',#4445);
#4445 = CARTESIAN_POINT('',(34.171986,0.499491,12.));
#4446 = LINE('',#4447,#4448);
#4447 = CARTESIAN_POINT('',(17.085993,0.499491,12.));
#4448 = VECTOR('',#4449,1.);
#4449 = DIRECTION('',(-1.,-2.2E-16,0.));
#4450 = ORIENTED_EDGE('',*,*,#4451,.T.);
#4451 = EDGE_CURVE('',#4444,#3555,#4452,.T.);
#4452 = LINE('',#4453,#4454);
#4453 = CARTESIAN_POINT('',(34.171986,0.499491,10.));
#4454 = VECTOR('',#4455,1.);
#4455 = DIRECTION('',(0.,0.,1.));
#4456 = ORIENTED_EDGE('',*,*,#3564,.F.);
#4457 = ORIENTED_EDGE('',*,*,#3233,.F.);
#4458 = ORIENTED_EDGE('',*,*,#4416,.F.);
#4459 = ORIENTED_EDGE('',*,*,#4460,.F.);
#4460 = EDGE_CURVE('',#4442,#4417,#4461,.T.);
#4461 = LINE('',#4462,#4463);
#4462 = CARTESIAN_POINT('',(34.496383995151,0.499491,10.));
#4463 = VECTOR('',#4464,1.);
#4464 = DIRECTION('',(0.,0.,-1.));
#4465 = PLANE('',#4466);
#4466 = AXIS2_PLACEMENT_3D('',#4467,#4468,#4469);
#4467 = CARTESIAN_POINT('',(34.171986,0.499491,10.));
#4468 = DIRECTION('',(0.,1.,0.));
#4469 = DIRECTION('',(1.,0.,0.));
#4470 = ADVANCED_FACE('',(#4471),#4513,.F.);
#4471 = FACE_BOUND('',#4472,.F.);
#4472 = EDGE_LOOP('',(#4473,#4483,#4489,#4490,#4499,#4507));
#4473 = ORIENTED_EDGE('',*,*,#4474,.T.);
#4474 = EDGE_CURVE('',#4475,#4477,#4479,.T.);
#4475 = VERTEX_POINT('',#4476);
#4476 = CARTESIAN_POINT('',(0.499491,-34.49638399515,12.));
#4477 = VERTEX_POINT('',#4478);
#4478 = CARTESIAN_POINT('',(0.499491,-34.171986,12.));
#4479 = LINE('',#4480,#4481);
#4480 = CARTESIAN_POINT('',(0.499491,-17.085993,12.));
#4481 = VECTOR('',#4482,1.);
#4482 = DIRECTION('',(0.,1.,0.));
#4483 = ORIENTED_EDGE('',*,*,#4484,.T.);
#4484 = EDGE_CURVE('',#4477,#3269,#4485,.T.);
#4485 = LINE('',#4486,#4487);
#4486 = CARTESIAN_POINT('',(0.499491,-34.171986,10.));
#4487 = VECTOR('',#4488,1.);
#4488 = DIRECTION('',(0.,0.,1.));
#4489 = ORIENTED_EDGE('',*,*,#3266,.F.);
#4490 = ORIENTED_EDGE('',*,*,#4491,.F.);
#4491 = EDGE_CURVE('',#4492,#3267,#4494,.T.);
#4492 = VERTEX_POINT('',#4493);
#4493 = CARTESIAN_POINT('',(0.499490999999,-35.24646093923,10.));
#4494 = HYPERBOLA('',#4495,3.554063138003,0.499491);
#4495 = AXIS2_PLACEMENT_3D('',#4496,#4497,#4498);
#4496 = CARTESIAN_POINT('',(0.499491,0.,260.81678271404));
#4497 = DIRECTION('',(1.,-0.,0.));
#4498 = DIRECTION('',(0.,0.,-1.));
#4499 = ORIENTED_EDGE('',*,*,#4500,.F.);
#4500 = EDGE_CURVE('',#4501,#4492,#4503,.T.);
#4501 = VERTEX_POINT('',#4502);
#4502 = CARTESIAN_POINT('',(0.499491,-34.49638399515,10.));
#4503 = LINE('',#4504,#4505);
#4504 = CARTESIAN_POINT('',(0.499491,-34.171986,10.));
#4505 = VECTOR('',#4506,1.);
#4506 = DIRECTION('',(0.,-1.,0.));
#4507 = ORIENTED_EDGE('',*,*,#4508,.F.);
#4508 = EDGE_CURVE('',#4475,#4501,#4509,.T.);
#4509 = LINE('',#4510,#4511);
#4510 = CARTESIAN_POINT('',(0.499491,-34.49638399515,10.));
#4511 = VECTOR('',#4512,1.);
#4512 = DIRECTION('',(0.,0.,-1.));
#4513 = PLANE('',#4514);
#4514 = AXIS2_PLACEMENT_3D('',#4515,#4516,#4517);
#4515 = CARTESIAN_POINT('',(0.499491,-34.171986,10.));
#4516 = DIRECTION('',(1.,0.,0.));
#4517 = DIRECTION('',(0.,-1.,0.));
#4518 = ADVANCED_FACE('',(#4519),#4537,.F.);
#4519 = FACE_BOUND('',#4520,.F.);
#4520 = EDGE_LOOP('',(#4521,#4529,#4535,#4536));
#4521 = ORIENTED_EDGE('',*,*,#4522,.T.);
#4522 = EDGE_CURVE('',#4477,#4523,#4525,.T.);
#4523 = VERTEX_POINT('',#4524);
#4524 = CARTESIAN_POINT('',(-0.500509,-34.171986,12.));
#4525 = LINE('',#4526,#4527);
#4526 = CARTESIAN_POINT('',(-0.2502545,-34.171986,12.));
#4527 = VECTOR('',#4528,1.);
#4528 = DIRECTION('',(-1.,0.,0.));
#4529 = ORIENTED_EDGE('',*,*,#4530,.T.);
#4530 = EDGE_CURVE('',#4523,#4335,#4531,.T.);
#4531 = LINE('',#4532,#4533);
#4532 = CARTESIAN_POINT('',(-0.500509,-34.171986,10.));
#4533 = VECTOR('',#4534,1.);
#4534 = DIRECTION('',(0.,0.,1.));
#4535 = ORIENTED_EDGE('',*,*,#4357,.T.);
#4536 = ORIENTED_EDGE('',*,*,#4484,.F.);
#4537 = PLANE('',#4538);
#4538 = AXIS2_PLACEMENT_3D('',#4539,#4540,#4541);
#4539 = CARTESIAN_POINT('',(-0.500509,-34.171986,10.));
#4540 = DIRECTION('',(0.,1.,0.));
#4541 = DIRECTION('',(1.,0.,0.));
#4542 = ADVANCED_FACE('',(#4543),#4578,.F.);
#4543 = FACE_BOUND('',#4544,.F.);
#4544 = EDGE_LOOP('',(#4545,#4555,#4562,#4563,#4564,#4572));
#4545 = ORIENTED_EDGE('',*,*,#4546,.F.);
#4546 = EDGE_CURVE('',#4547,#4549,#4551,.T.);
#4547 = VERTEX_POINT('',#4548);
#4548 = CARTESIAN_POINT('',(-0.500509,-35.24644649806,10.));
#4549 = VERTEX_POINT('',#4550);
#4550 = CARTESIAN_POINT('',(-0.500508999999,-34.49636923997,10.));
#4551 = LINE('',#4552,#4553);
#4552 = CARTESIAN_POINT('',(-0.500509,-35.671986,10.));
#4553 = VECTOR('',#4554,1.);
#4554 = DIRECTION('',(0.,1.,0.));
#4555 = ORIENTED_EDGE('',*,*,#4556,.F.);
#4556 = EDGE_CURVE('',#4326,#4547,#4557,.T.);
#4557 = HYPERBOLA('',#4558,3.561306584381,0.500509);
#4558 = AXIS2_PLACEMENT_3D('',#4559,#4560,#4561);
#4559 = CARTESIAN_POINT('',(-0.500509,0.,260.81678271404));
#4560 = DIRECTION('',(-1.,0.,0.));
#4561 = DIRECTION('',(0.,0.,-1.));
#4562 = ORIENTED_EDGE('',*,*,#4334,.T.);
#4563 = ORIENTED_EDGE('',*,*,#4530,.F.);
#4564 = ORIENTED_EDGE('',*,*,#4565,.T.);
#4565 = EDGE_CURVE('',#4523,#4566,#4568,.T.);
#4566 = VERTEX_POINT('',#4567);
#4567 = CARTESIAN_POINT('',(-0.500509,-34.49636923997,12.));
#4568 = LINE('',#4569,#4570);
#4569 = CARTESIAN_POINT('',(-0.500509,-17.835993,12.));
#4570 = VECTOR('',#4571,1.);
#4571 = DIRECTION('',(0.,-1.,0.));
#4572 = ORIENTED_EDGE('',*,*,#4573,.T.);
#4573 = EDGE_CURVE('',#4566,#4549,#4574,.T.);
#4574 = LINE('',#4575,#4576);
#4575 = CARTESIAN_POINT('',(-0.500509,-34.49636923997,10.));
#4576 = VECTOR('',#4577,1.);
#4577 = DIRECTION('',(0.,0.,-1.));
#4578 = PLANE('',#4579);
#4579 = AXIS2_PLACEMENT_3D('',#4580,#4581,#4582);
#4580 = CARTESIAN_POINT('',(-0.500509,-35.671986,10.));
#4581 = DIRECTION('',(-1.,0.,0.));
#4582 = DIRECTION('',(0.,1.,0.));
#4583 = ADVANCED_FACE('',(#4584),#4604,.T.);
#4584 = FACE_BOUND('',#4585,.T.);
#4585 = EDGE_LOOP('',(#4586,#4587,#4596,#4603));
#4586 = ORIENTED_EDGE('',*,*,#4325,.F.);
#4587 = ORIENTED_EDGE('',*,*,#4588,.F.);
#4588 = EDGE_CURVE('',#4589,#4303,#4591,.T.);
#4589 = VERTEX_POINT('',#4590);
#4590 = CARTESIAN_POINT('',(-13.02676713937,-32.75463078553,10.));
#4591 = HYPERBOLA('',#4592,3.554063138003,0.499491);
#4592 = AXIS2_PLACEMENT_3D('',#4593,#4594,#4595);
#4593 = CARTESIAN_POINT('',(0.461469511574,-0.191146930315,
    260.81678271404));
#4594 = DIRECTION('',(0.923879532511,-0.382683432365,0.));
#4595 = DIRECTION('',(0.,0.,-1.));
#4596 = ORIENTED_EDGE('',*,*,#4597,.T.);
#4597 = EDGE_CURVE('',#4589,#4547,#4598,.T.);
#4598 = CIRCLE('',#4599,35.25);
#4599 = AXIS2_PLACEMENT_3D('',#4600,#4601,#4602);
#4600 = CARTESIAN_POINT('',(0.,0.,10.));
#4601 = DIRECTION('',(0.,0.,1.));
#4602 = DIRECTION('',(1.,0.,0.));
#4603 = ORIENTED_EDGE('',*,*,#4556,.F.);
#4604 = CONICAL_SURFACE('',#4605,35.25,0.13962634016);
#4605 = AXIS2_PLACEMENT_3D('',#4606,#4607,#4608);
#4606 = CARTESIAN_POINT('',(0.,0.,10.));
#4607 = DIRECTION('',(-0.,-0.,-1.));
#4608 = DIRECTION('',(1.,0.,0.));
#4609 = ADVANCED_FACE('',(#4610),#4644,.F.);
#4610 = FACE_BOUND('',#4611,.F.);
#4611 = EDGE_LOOP('',(#4612,#4622,#4628,#4629,#4630,#4638));
#4612 = ORIENTED_EDGE('',*,*,#4613,.T.);
#4613 = EDGE_CURVE('',#4614,#4616,#4618,.T.);
#4614 = VERTEX_POINT('',#4615);
#4615 = CARTESIAN_POINT('',(-12.73972511987,-32.06165004908,12.));
#4616 = VERTEX_POINT('',#4617);
#4617 = CARTESIAN_POINT('',(-12.61558338163,-31.76194538097,12.));
#4618 = LINE('',#4619,#4620);
#4619 = CARTESIAN_POINT('',(-6.077056935032,-15.97654615564,12.));
#4620 = VECTOR('',#4621,1.);
#4621 = DIRECTION('',(0.382683432365,0.923879532511,0.));
#4622 = ORIENTED_EDGE('',*,*,#4623,.T.);
#4623 = EDGE_CURVE('',#4616,#4290,#4624,.T.);
#4624 = LINE('',#4625,#4626);
#4625 = CARTESIAN_POINT('',(-12.61558338163,-31.76194538097,10.));
#4626 = VECTOR('',#4627,1.);
#4627 = DIRECTION('',(0.,0.,1.));
#4628 = ORIENTED_EDGE('',*,*,#4302,.F.);
#4629 = ORIENTED_EDGE('',*,*,#4588,.F.);
#4630 = ORIENTED_EDGE('',*,*,#4631,.F.);
#4631 = EDGE_CURVE('',#4632,#4589,#4634,.T.);
#4632 = VERTEX_POINT('',#4633);
#4633 = CARTESIAN_POINT('',(-12.73972511987,-32.06165004908,10.));
#4634 = LINE('',#4635,#4636);
#4635 = CARTESIAN_POINT('',(-12.61558338163,-31.76194538097,10.));
#4636 = VECTOR('',#4637,1.);
#4637 = DIRECTION('',(-0.382683432365,-0.923879532511,0.));
#4638 = ORIENTED_EDGE('',*,*,#4639,.F.);
#4639 = EDGE_CURVE('',#4614,#4632,#4640,.T.);
#4640 = LINE('',#4641,#4642);
#4641 = CARTESIAN_POINT('',(-12.73972511987,-32.06165004908,10.));
#4642 = VECTOR('',#4643,1.);
#4643 = DIRECTION('',(0.,0.,-1.));
#4644 = PLANE('',#4645);
#4645 = AXIS2_PLACEMENT_3D('',#4646,#4647,#4648);
#4646 = CARTESIAN_POINT('',(-12.61558338163,-31.76194538097,10.));
#4647 = DIRECTION('',(0.923879532511,-0.382683432365,0.));
#4648 = DIRECTION('',(-0.382683432365,-0.923879532511,0.));
#4649 = ADVANCED_FACE('',(#4650),#4668,.F.);
#4650 = FACE_BOUND('',#4651,.F.);
#4651 = EDGE_LOOP('',(#4652,#4660,#4666,#4667));
#4652 = ORIENTED_EDGE('',*,*,#4653,.T.);
#4653 = EDGE_CURVE('',#4616,#4654,#4656,.T.);
#4654 = VERTEX_POINT('',#4655);
#4655 = CARTESIAN_POINT('',(-13.53946291414,-31.37926194861,12.));
#4656 = LINE('',#4657,#4658);
#4657 = CARTESIAN_POINT('',(-13.30825790368,-31.47503019963,12.));
#4658 = VECTOR('',#4659,1.);
#4659 = DIRECTION('',(-0.923879532511,0.382683432365,0.));
#4660 = ORIENTED_EDGE('',*,*,#4661,.T.);
#4661 = EDGE_CURVE('',#4654,#4267,#4662,.T.);
#4662 = LINE('',#4663,#4664);
#4663 = CARTESIAN_POINT('',(-13.53946291414,-31.37926194861,10.));
#4664 = VECTOR('',#4665,1.);
#4665 = DIRECTION('',(0.,0.,1.));
#4666 = ORIENTED_EDGE('',*,*,#4289,.T.);
#4667 = ORIENTED_EDGE('',*,*,#4623,.F.);
#4668 = PLANE('',#4669);
#4669 = AXIS2_PLACEMENT_3D('',#4670,#4671,#4672);
#4670 = CARTESIAN_POINT('',(-13.53946291414,-31.37926194861,10.));
#4671 = DIRECTION('',(0.382683432365,0.923879532511,0.));
#4672 = DIRECTION('',(0.923879532511,-0.382683432365,0.));
#4673 = ADVANCED_FACE('',(#4674),#4709,.F.);
#4674 = FACE_BOUND('',#4675,.F.);
#4675 = EDGE_LOOP('',(#4676,#4686,#4693,#4694,#4695,#4703));
#4676 = ORIENTED_EDGE('',*,*,#4677,.F.);
#4677 = EDGE_CURVE('',#4678,#4680,#4682,.T.);
#4678 = VERTEX_POINT('',#4679);
#4679 = CARTESIAN_POINT('',(-13.95064114549,-32.37193401126,10.));
#4680 = VERTEX_POINT('',#4681);
#4681 = CARTESIAN_POINT('',(-13.66359900582,-31.67895298471,10.));
#4682 = LINE('',#4683,#4684);
#4683 = CARTESIAN_POINT('',(-14.11348806269,-32.76508124738,10.));
#4684 = VECTOR('',#4685,1.);
#4685 = DIRECTION('',(0.382683432365,0.923879532511,0.));
#4686 = ORIENTED_EDGE('',*,*,#4687,.F.);
#4687 = EDGE_CURVE('',#4258,#4678,#4688,.T.);
#4688 = HYPERBOLA('',#4689,3.561306584381,0.500509);
#4689 = AXIS2_PLACEMENT_3D('',#4690,#4691,#4692);
#4690 = CARTESIAN_POINT('',(-0.462410020938,0.19153650205,
    260.81678271404));
#4691 = DIRECTION('',(-0.923879532511,0.382683432365,0.));
#4692 = DIRECTION('',(0.,0.,-1.));
#4693 = ORIENTED_EDGE('',*,*,#4266,.T.);
#4694 = ORIENTED_EDGE('',*,*,#4661,.F.);
#4695 = ORIENTED_EDGE('',*,*,#4696,.T.);
#4696 = EDGE_CURVE('',#4654,#4697,#4699,.T.);
#4697 = VERTEX_POINT('',#4698);
#4698 = CARTESIAN_POINT('',(-13.66359900582,-31.67895298471,12.));
#4699 = LINE('',#4700,#4701);
#4700 = CARTESIAN_POINT('',(-7.287949041817,-16.28677237266,12.));
#4701 = VECTOR('',#4702,1.);
#4702 = DIRECTION('',(-0.382683432365,-0.923879532511,0.));
#4703 = ORIENTED_EDGE('',*,*,#4704,.T.);
#4704 = EDGE_CURVE('',#4697,#4680,#4705,.T.);
#4705 = LINE('',#4706,#4707);
#4706 = CARTESIAN_POINT('',(-13.66359900582,-31.67895298471,10.));
#4707 = VECTOR('',#4708,1.);
#4708 = DIRECTION('',(0.,0.,-1.));
#4709 = PLANE('',#4710);
#4710 = AXIS2_PLACEMENT_3D('',#4711,#4712,#4713);
#4711 = CARTESIAN_POINT('',(-14.11348806269,-32.76508124738,10.));
#4712 = DIRECTION('',(-0.923879532511,0.382683432365,0.));
#4713 = DIRECTION('',(0.382683432365,0.923879532511,0.));
#4714 = ADVANCED_FACE('',(#4715),#4735,.T.);
#4715 = FACE_BOUND('',#4716,.T.);
#4716 = EDGE_LOOP('',(#4717,#4718,#4727,#4734));
#4717 = ORIENTED_EDGE('',*,*,#4257,.F.);
#4718 = ORIENTED_EDGE('',*,*,#4719,.F.);
#4719 = EDGE_CURVE('',#4720,#4235,#4722,.T.);
#4720 = VERTEX_POINT('',#4721);
#4721 = CARTESIAN_POINT('',(-24.56981806971,-25.2762050162,10.));
#4722 = HYPERBOLA('',#4723,3.554063138003,0.499491);
#4723 = AXIS2_PLACEMENT_3D('',#4724,#4725,#4726);
#4724 = CARTESIAN_POINT('',(0.353193473242,-0.353193473242,
    260.81678271404));
#4725 = DIRECTION('',(0.707106781187,-0.707106781187,0.));
#4726 = DIRECTION('',(0.,0.,-1.));
#4727 = ORIENTED_EDGE('',*,*,#4728,.T.);
#4728 = EDGE_CURVE('',#4720,#4678,#4729,.T.);
#4729 = CIRCLE('',#4730,35.25);
#4730 = AXIS2_PLACEMENT_3D('',#4731,#4732,#4733);
#4731 = CARTESIAN_POINT('',(0.,0.,10.));
#4732 = DIRECTION('',(0.,0.,1.));
#4733 = DIRECTION('',(1.,0.,0.));
#4734 = ORIENTED_EDGE('',*,*,#4687,.F.);
#4735 = CONICAL_SURFACE('',#4736,35.25,0.13962634016);
#4736 = AXIS2_PLACEMENT_3D('',#4737,#4738,#4739);
#4737 = CARTESIAN_POINT('',(0.,0.,10.));
#4738 = DIRECTION('',(-0.,-0.,-1.));
#4739 = DIRECTION('',(1.,0.,0.));
#4740 = ADVANCED_FACE('',(#4741),#4775,.F.);
#4741 = FACE_BOUND('',#4742,.F.);
#4742 = EDGE_LOOP('',(#4743,#4753,#4759,#4760,#4761,#4769));
#4743 = ORIENTED_EDGE('',*,*,#4744,.T.);
#4744 = EDGE_CURVE('',#4745,#4747,#4749,.T.);
#4745 = VERTEX_POINT('',#4746);
#4746 = CARTESIAN_POINT('',(-24.03943357614,-24.74582052262,12.));
#4747 = VERTEX_POINT('',#4748);
#4748 = CARTESIAN_POINT('',(-23.81004955397,-24.51643650045,12.));
#4749 = LINE('',#4750,#4751);
#4750 = CARTESIAN_POINT('',(-11.72842804036,-12.43481498684,12.));
#4751 = VECTOR('',#4752,1.);
#4752 = DIRECTION('',(0.707106781187,0.707106781187,0.));
#4753 = ORIENTED_EDGE('',*,*,#4754,.T.);
#4754 = EDGE_CURVE('',#4747,#4222,#4755,.T.);
#4755 = LINE('',#4756,#4757);
#4756 = CARTESIAN_POINT('',(-23.81004955397,-24.51643650045,10.));
#4757 = VECTOR('',#4758,1.);
#4758 = DIRECTION('',(0.,0.,1.));
#4759 = ORIENTED_EDGE('',*,*,#4234,.F.);
#4760 = ORIENTED_EDGE('',*,*,#4719,.F.);
#4761 = ORIENTED_EDGE('',*,*,#4762,.F.);
#4762 = EDGE_CURVE('',#4763,#4720,#4765,.T.);
#4763 = VERTEX_POINT('',#4764);
#4764 = CARTESIAN_POINT('',(-24.03943357614,-24.74582052262,10.));
#4765 = LINE('',#4766,#4767);
#4766 = CARTESIAN_POINT('',(-23.81004955397,-24.51643650045,10.));
#4767 = VECTOR('',#4768,1.);
#4768 = DIRECTION('',(-0.707106781187,-0.707106781187,0.));
#4769 = ORIENTED_EDGE('',*,*,#4770,.F.);
#4770 = EDGE_CURVE('',#4745,#4763,#4771,.T.);
#4771 = LINE('',#4772,#4773);
#4772 = CARTESIAN_POINT('',(-24.03943357614,-24.74582052262,10.));
#4773 = VECTOR('',#4774,1.);
#4774 = DIRECTION('',(0.,0.,-1.));
#4775 = PLANE('',#4776);
#4776 = AXIS2_PLACEMENT_3D('',#4777,#4778,#4779);
#4777 = CARTESIAN_POINT('',(-23.81004955397,-24.51643650045,10.));
#4778 = DIRECTION('',(0.707106781187,-0.707106781187,0.));
#4779 = DIRECTION('',(-0.707106781187,-0.707106781187,0.));
#4780 = ADVANCED_FACE('',(#4781),#4799,.F.);
#4781 = FACE_BOUND('',#4782,.F.);
#4782 = EDGE_LOOP('',(#4783,#4791,#4797,#4798));
#4783 = ORIENTED_EDGE('',*,*,#4784,.T.);
#4784 = EDGE_CURVE('',#4747,#4785,#4787,.T.);
#4785 = VERTEX_POINT('',#4786);
#4786 = CARTESIAN_POINT('',(-24.51715633515,-23.80932971926,12.));
#4787 = LINE('',#4788,#4789);
#4788 = CARTESIAN_POINT('',(-24.34019968118,-23.98628637323,12.));
#4789 = VECTOR('',#4790,1.);
#4790 = DIRECTION('',(-0.707106781187,0.707106781187,0.));
#4791 = ORIENTED_EDGE('',*,*,#4792,.T.);
#4792 = EDGE_CURVE('',#4785,#4199,#4793,.T.);
#4793 = LINE('',#4794,#4795);
#4794 = CARTESIAN_POINT('',(-24.51715633515,-23.80932971926,10.));
#4795 = VECTOR('',#4796,1.);
#4796 = DIRECTION('',(0.,0.,1.));
#4797 = ORIENTED_EDGE('',*,*,#4221,.T.);
#4798 = ORIENTED_EDGE('',*,*,#4754,.F.);
#4799 = PLANE('',#4800);
#4800 = AXIS2_PLACEMENT_3D('',#4801,#4802,#4803);
#4801 = CARTESIAN_POINT('',(-24.51715633515,-23.80932971926,10.));
#4802 = DIRECTION('',(0.707106781187,0.707106781187,0.));
#4803 = DIRECTION('',(0.707106781187,-0.707106781187,0.));
#4804 = ADVANCED_FACE('',(#4805),#4840,.F.);
#4805 = FACE_BOUND('',#4806,.F.);
#4806 = EDGE_LOOP('',(#4807,#4817,#4824,#4825,#4826,#4834));
#4807 = ORIENTED_EDGE('',*,*,#4808,.F.);
#4808 = EDGE_CURVE('',#4809,#4811,#4813,.T.);
#4809 = VERTEX_POINT('',#4810);
#4810 = CARTESIAN_POINT('',(-25.27691463945,-24.56908802356,10.));
#4811 = VERTEX_POINT('',#4812);
#4812 = CARTESIAN_POINT('',(-24.74652992384,-24.03870330796,10.));
#4813 = LINE('',#4814,#4815);
#4814 = CARTESIAN_POINT('',(-25.57781650693,-24.86998989104,10.));
#4815 = VECTOR('',#4816,1.);
#4816 = DIRECTION('',(0.707106781187,0.707106781187,0.));
#4817 = ORIENTED_EDGE('',*,*,#4818,.F.);
#4818 = EDGE_CURVE('',#4190,#4809,#4819,.T.);
#4819 = HYPERBOLA('',#4820,3.561306584381,0.500509);
#4820 = AXIS2_PLACEMENT_3D('',#4821,#4822,#4823);
#4821 = CARTESIAN_POINT('',(-0.353913307945,0.353913307945,
    260.81678271404));
#4822 = DIRECTION('',(-0.707106781187,0.707106781187,0.));
#4823 = DIRECTION('',(0.,0.,-1.));
#4824 = ORIENTED_EDGE('',*,*,#4198,.T.);
#4825 = ORIENTED_EDGE('',*,*,#4792,.F.);
#4826 = ORIENTED_EDGE('',*,*,#4827,.T.);
#4827 = EDGE_CURVE('',#4785,#4828,#4830,.T.);
#4828 = VERTEX_POINT('',#4829);
#4829 = CARTESIAN_POINT('',(-24.74652992384,-24.03870330795,12.));
#4830 = LINE('',#4831,#4832);
#4831 = CARTESIAN_POINT('',(-12.96586490744,-12.25803829155,12.));
#4832 = VECTOR('',#4833,1.);
#4833 = DIRECTION('',(-0.707106781187,-0.707106781187,0.));
#4834 = ORIENTED_EDGE('',*,*,#4835,.T.);
#4835 = EDGE_CURVE('',#4828,#4811,#4836,.T.);
#4836 = LINE('',#4837,#4838);
#4837 = CARTESIAN_POINT('',(-24.74652992384,-24.03870330795,10.));
#4838 = VECTOR('',#4839,1.);
#4839 = DIRECTION('',(0.,0.,-1.));
#4840 = PLANE('',#4841);
#4841 = AXIS2_PLACEMENT_3D('',#4842,#4843,#4844);
#4842 = CARTESIAN_POINT('',(-25.57781650693,-24.86998989104,10.));
#4843 = DIRECTION('',(-0.707106781187,0.707106781187,0.));
#4844 = DIRECTION('',(0.707106781187,0.707106781187,0.));
#4845 = ADVANCED_FACE('',(#4846),#4866,.T.);
#4846 = FACE_BOUND('',#4847,.T.);
#4847 = EDGE_LOOP('',(#4848,#4849,#4858,#4865));
#4848 = ORIENTED_EDGE('',*,*,#4189,.F.);
#4849 = ORIENTED_EDGE('',*,*,#4850,.F.);
#4850 = EDGE_CURVE('',#4851,#4167,#4853,.T.);
#4851 = VERTEX_POINT('',#4852);
#4852 = CARTESIAN_POINT('',(-32.3723369249,-13.94970616252,10.));
#4853 = HYPERBOLA('',#4854,3.554063138003,0.499491);
#4854 = AXIS2_PLACEMENT_3D('',#4855,#4856,#4857);
#4855 = CARTESIAN_POINT('',(0.191146930315,-0.461469511574,
    260.81678271404));
#4856 = DIRECTION('',(0.382683432365,-0.923879532511,0.));
#4857 = DIRECTION('',(0.,0.,-1.));
#4858 = ORIENTED_EDGE('',*,*,#4859,.T.);
#4859 = EDGE_CURVE('',#4851,#4809,#4860,.T.);
#4860 = CIRCLE('',#4861,35.25);
#4861 = AXIS2_PLACEMENT_3D('',#4862,#4863,#4864);
#4862 = CARTESIAN_POINT('',(0.,0.,10.));
#4863 = DIRECTION('',(0.,0.,1.));
#4864 = DIRECTION('',(1.,0.,0.));
#4865 = ORIENTED_EDGE('',*,*,#4818,.F.);
#4866 = CONICAL_SURFACE('',#4867,35.25,0.13962634016);
#4867 = AXIS2_PLACEMENT_3D('',#4868,#4869,#4870);
#4868 = CARTESIAN_POINT('',(0.,0.,10.));
#4869 = DIRECTION('',(-0.,-0.,-1.));
#4870 = DIRECTION('',(1.,0.,0.));
#4871 = ADVANCED_FACE('',(#4872),#4906,.F.);
#4872 = FACE_BOUND('',#4873,.F.);
#4873 = EDGE_LOOP('',(#4874,#4884,#4890,#4891,#4892,#4900));
#4874 = ORIENTED_EDGE('',*,*,#4875,.T.);
#4875 = EDGE_CURVE('',#4876,#4878,#4880,.T.);
#4876 = VERTEX_POINT('',#4877);
#4877 = CARTESIAN_POINT('',(-31.67935618845,-13.66266414302,12.));
#4878 = VERTEX_POINT('',#4879);
#4879 = CARTESIAN_POINT('',(-31.37965152034,-13.53852240478,12.));
#4880 = LINE('',#4881,#4882);
#4881 = CARTESIAN_POINT('',(-15.59425229501,-6.999995958179,12.));
#4882 = VECTOR('',#4883,1.);
#4883 = DIRECTION('',(0.923879532511,0.382683432365,0.));
#4884 = ORIENTED_EDGE('',*,*,#4885,.T.);
#4885 = EDGE_CURVE('',#4878,#4154,#4886,.T.);
#4886 = LINE('',#4887,#4888);
#4887 = CARTESIAN_POINT('',(-31.37965152034,-13.53852240478,10.));
#4888 = VECTOR('',#4889,1.);
#4889 = DIRECTION('',(0.,0.,1.));
#4890 = ORIENTED_EDGE('',*,*,#4166,.F.);
#4891 = ORIENTED_EDGE('',*,*,#4850,.F.);
#4892 = ORIENTED_EDGE('',*,*,#4893,.F.);
#4893 = EDGE_CURVE('',#4894,#4851,#4896,.T.);
#4894 = VERTEX_POINT('',#4895);
#4895 = CARTESIAN_POINT('',(-31.67935618845,-13.66266414302,10.));
#4896 = LINE('',#4897,#4898);
#4897 = CARTESIAN_POINT('',(-31.37965152034,-13.53852240478,10.));
#4898 = VECTOR('',#4899,1.);
#4899 = DIRECTION('',(-0.923879532511,-0.382683432365,0.));
#4900 = ORIENTED_EDGE('',*,*,#4901,.F.);
#4901 = EDGE_CURVE('',#4876,#4894,#4902,.T.);
#4902 = LINE('',#4903,#4904);
#4903 = CARTESIAN_POINT('',(-31.67935618845,-13.66266414302,10.));
#4904 = VECTOR('',#4905,1.);
#4905 = DIRECTION('',(0.,0.,-1.));
#4906 = PLANE('',#4907);
#4907 = AXIS2_PLACEMENT_3D('',#4908,#4909,#4910);
#4908 = CARTESIAN_POINT('',(-31.37965152034,-13.53852240478,10.));
#4909 = DIRECTION('',(0.382683432365,-0.923879532511,0.));
#4910 = DIRECTION('',(-0.923879532511,-0.382683432365,0.));
#4911 = ADVANCED_FACE('',(#4912),#4930,.F.);
#4912 = FACE_BOUND('',#4913,.F.);
#4913 = EDGE_LOOP('',(#4914,#4922,#4928,#4929));
#4914 = ORIENTED_EDGE('',*,*,#4915,.T.);
#4915 = EDGE_CURVE('',#4878,#4916,#4918,.T.);
#4916 = VERTEX_POINT('',#4917);
#4917 = CARTESIAN_POINT('',(-31.76233495271,-12.61464287227,12.));
#4918 = LINE('',#4919,#4920);
#4919 = CARTESIAN_POINT('',(-31.66656670168,-12.84584788274,12.));
#4920 = VECTOR('',#4921,1.);
#4921 = DIRECTION('',(-0.382683432365,0.923879532511,0.));
#4922 = ORIENTED_EDGE('',*,*,#4923,.T.);
#4923 = EDGE_CURVE('',#4916,#4131,#4924,.T.);
#4924 = LINE('',#4925,#4926);
#4925 = CARTESIAN_POINT('',(-31.76233495271,-12.61464287227,10.));
#4926 = VECTOR('',#4927,1.);
#4927 = DIRECTION('',(0.,0.,1.));
#4928 = ORIENTED_EDGE('',*,*,#4153,.T.);
#4929 = ORIENTED_EDGE('',*,*,#4885,.F.);
#4930 = PLANE('',#4931);
#4931 = AXIS2_PLACEMENT_3D('',#4932,#4933,#4934);
#4932 = CARTESIAN_POINT('',(-31.76233495271,-12.61464287227,10.));
#4933 = DIRECTION('',(0.923879532511,0.382683432365,0.));
#4934 = DIRECTION('',(0.382683432365,-0.923879532511,0.));
#4935 = ADVANCED_FACE('',(#4936),#4971,.F.);
#4936 = FACE_BOUND('',#4937,.F.);
#4937 = EDGE_LOOP('',(#4938,#4948,#4955,#4956,#4957,#4965));
#4938 = ORIENTED_EDGE('',*,*,#4939,.F.);
#4939 = EDGE_CURVE('',#4940,#4942,#4944,.T.);
#4940 = VERTEX_POINT('',#4941);
#4941 = CARTESIAN_POINT('',(-32.75500701536,-13.02582110361,10.));
#4942 = VERTEX_POINT('',#4943);
#4943 = CARTESIAN_POINT('',(-32.06202598881,-12.73877896395,10.));
#4944 = LINE('',#4945,#4946);
#4945 = CARTESIAN_POINT('',(-33.14815425147,-13.18866802082,10.));
#4946 = VECTOR('',#4947,1.);
#4947 = DIRECTION('',(0.923879532511,0.382683432365,0.));
#4948 = ORIENTED_EDGE('',*,*,#4949,.F.);
#4949 = EDGE_CURVE('',#4122,#4940,#4950,.T.);
#4950 = HYPERBOLA('',#4951,3.561306584381,0.500509);
#4951 = AXIS2_PLACEMENT_3D('',#4952,#4953,#4954);
#4952 = CARTESIAN_POINT('',(-0.19153650205,0.462410020938,
    260.81678271404));
#4953 = DIRECTION('',(-0.382683432365,0.923879532511,0.));
#4954 = DIRECTION('',(0.,0.,-1.));
#4955 = ORIENTED_EDGE('',*,*,#4130,.T.);
#4956 = ORIENTED_EDGE('',*,*,#4923,.F.);
#4957 = ORIENTED_EDGE('',*,*,#4958,.T.);
#4958 = EDGE_CURVE('',#4916,#4959,#4961,.T.);
#4959 = VERTEX_POINT('',#4960);
#4960 = CARTESIAN_POINT('',(-32.06202598881,-12.73877896395,12.));
#4961 = LINE('',#4962,#4963);
#4962 = CARTESIAN_POINT('',(-16.66984537676,-6.363128999942,12.));
#4963 = VECTOR('',#4964,1.);
#4964 = DIRECTION('',(-0.923879532511,-0.382683432365,0.));
#4965 = ORIENTED_EDGE('',*,*,#4966,.T.);
#4966 = EDGE_CURVE('',#4959,#4942,#4967,.T.);
#4967 = LINE('',#4968,#4969);
#4968 = CARTESIAN_POINT('',(-32.06202598881,-12.73877896395,10.));
#4969 = VECTOR('',#4970,1.);
#4970 = DIRECTION('',(0.,0.,-1.));
#4971 = PLANE('',#4972);
#4972 = AXIS2_PLACEMENT_3D('',#4973,#4974,#4975);
#4973 = CARTESIAN_POINT('',(-33.14815425147,-13.18866802082,10.));
#4974 = DIRECTION('',(-0.382683432365,0.923879532511,0.));
#4975 = DIRECTION('',(0.923879532511,0.382683432365,0.));
#4976 = ADVANCED_FACE('',(#4977),#4997,.T.);
#4977 = FACE_BOUND('',#4978,.T.);
#4978 = EDGE_LOOP('',(#4979,#4980,#4989,#4996));
#4979 = ORIENTED_EDGE('',*,*,#4121,.F.);
#4980 = ORIENTED_EDGE('',*,*,#4981,.F.);
#4981 = EDGE_CURVE('',#4982,#4099,#4984,.T.);
#4982 = VERTEX_POINT('',#4983);
#4983 = CARTESIAN_POINT('',(-35.24646093923,-0.499491000001,10.));
#4984 = HYPERBOLA('',#4985,3.554063138003,0.499491);
#4985 = AXIS2_PLACEMENT_3D('',#4986,#4987,#4988);
#4986 = CARTESIAN_POINT('',(6.E-17,-0.499491,260.81678271404));
#4987 = DIRECTION('',(1.1E-16,-1.,0.));
#4988 = DIRECTION('',(0.,0.,-1.));
#4989 = ORIENTED_EDGE('',*,*,#4990,.T.);
#4990 = EDGE_CURVE('',#4982,#4940,#4991,.T.);
#4991 = CIRCLE('',#4992,35.25);
#4992 = AXIS2_PLACEMENT_3D('',#4993,#4994,#4995);
#4993 = CARTESIAN_POINT('',(0.,0.,10.));
#4994 = DIRECTION('',(0.,0.,1.));
#4995 = DIRECTION('',(1.,0.,0.));
#4996 = ORIENTED_EDGE('',*,*,#4949,.F.);
#4997 = CONICAL_SURFACE('',#4998,35.25,0.13962634016);
#4998 = AXIS2_PLACEMENT_3D('',#4999,#5000,#5001);
#4999 = CARTESIAN_POINT('',(0.,0.,10.));
#5000 = DIRECTION('',(-0.,-0.,-1.));
#5001 = DIRECTION('',(1.,0.,0.));
#5002 = ADVANCED_FACE('',(#5003),#5037,.F.);
#5003 = FACE_BOUND('',#5004,.F.);
#5004 = EDGE_LOOP('',(#5005,#5015,#5021,#5022,#5023,#5031));
#5005 = ORIENTED_EDGE('',*,*,#5006,.T.);
#5006 = EDGE_CURVE('',#5007,#5009,#5011,.T.);
#5007 = VERTEX_POINT('',#5008);
#5008 = CARTESIAN_POINT('',(-34.49638399515,-0.499491,12.));
#5009 = VERTEX_POINT('',#5010);
#5010 = CARTESIAN_POINT('',(-34.171986,-0.499491,12.));
#5011 = LINE('',#5012,#5013);
#5012 = CARTESIAN_POINT('',(-17.085993,-0.499491,12.));
#5013 = VECTOR('',#5014,1.);
#5014 = DIRECTION('',(1.,1.1E-16,0.));
#5015 = ORIENTED_EDGE('',*,*,#5016,.T.);
#5016 = EDGE_CURVE('',#5009,#4086,#5017,.T.);
#5017 = LINE('',#5018,#5019);
#5018 = CARTESIAN_POINT('',(-34.171986,-0.499491,10.));
#5019 = VECTOR('',#5020,1.);
#5020 = DIRECTION('',(0.,0.,1.));
#5021 = ORIENTED_EDGE('',*,*,#4098,.F.);
#5022 = ORIENTED_EDGE('',*,*,#4981,.F.);
#5023 = ORIENTED_EDGE('',*,*,#5024,.F.);
#5024 = EDGE_CURVE('',#5025,#4982,#5027,.T.);
#5025 = VERTEX_POINT('',#5026);
#5026 = CARTESIAN_POINT('',(-34.49638399515,-0.499490999999,10.));
#5027 = LINE('',#5028,#5029);
#5028 = CARTESIAN_POINT('',(-34.171986,-0.499491,10.));
#5029 = VECTOR('',#5030,1.);
#5030 = DIRECTION('',(-1.,0.,0.));
#5031 = ORIENTED_EDGE('',*,*,#5032,.F.);
#5032 = EDGE_CURVE('',#5007,#5025,#5033,.T.);
#5033 = LINE('',#5034,#5035);
#5034 = CARTESIAN_POINT('',(-34.49638399515,-0.499491,10.));
#5035 = VECTOR('',#5036,1.);
#5036 = DIRECTION('',(0.,0.,-1.));
#5037 = PLANE('',#5038);
#5038 = AXIS2_PLACEMENT_3D('',#5039,#5040,#5041);
#5039 = CARTESIAN_POINT('',(-34.171986,-0.499491,10.));
#5040 = DIRECTION('',(0.,-1.,0.));
#5041 = DIRECTION('',(-1.,0.,0.));
#5042 = ADVANCED_FACE('',(#5043),#5061,.F.);
#5043 = FACE_BOUND('',#5044,.F.);
#5044 = EDGE_LOOP('',(#5045,#5053,#5059,#5060));
#5045 = ORIENTED_EDGE('',*,*,#5046,.T.);
#5046 = EDGE_CURVE('',#5009,#5047,#5049,.T.);
#5047 = VERTEX_POINT('',#5048);
#5048 = CARTESIAN_POINT('',(-34.171986,0.500509,12.));
#5049 = LINE('',#5050,#5051);
#5050 = CARTESIAN_POINT('',(-34.171986,0.2502545,12.));
#5051 = VECTOR('',#5052,1.);
#5052 = DIRECTION('',(-1.1E-16,1.,0.));
#5053 = ORIENTED_EDGE('',*,*,#5054,.T.);
#5054 = EDGE_CURVE('',#5047,#4063,#5055,.T.);
#5055 = LINE('',#5056,#5057);
#5056 = CARTESIAN_POINT('',(-34.171986,0.500509,10.));
#5057 = VECTOR('',#5058,1.);
#5058 = DIRECTION('',(0.,0.,1.));
#5059 = ORIENTED_EDGE('',*,*,#4085,.T.);
#5060 = ORIENTED_EDGE('',*,*,#5016,.F.);
#5061 = PLANE('',#5062);
#5062 = AXIS2_PLACEMENT_3D('',#5063,#5064,#5065);
#5063 = CARTESIAN_POINT('',(-34.171986,0.500509,10.));
#5064 = DIRECTION('',(1.,0.,0.));
#5065 = DIRECTION('',(0.,-1.,0.));
#5066 = ADVANCED_FACE('',(#5067),#5102,.F.);
#5067 = FACE_BOUND('',#5068,.F.);
#5068 = EDGE_LOOP('',(#5069,#5079,#5086,#5087,#5088,#5096));
#5069 = ORIENTED_EDGE('',*,*,#5070,.F.);
#5070 = EDGE_CURVE('',#5071,#5073,#5075,.T.);
#5071 = VERTEX_POINT('',#5072);
#5072 = CARTESIAN_POINT('',(-35.24644649806,0.500509,10.));
#5073 = VERTEX_POINT('',#5074);
#5074 = CARTESIAN_POINT('',(-34.49636923997,0.500509,10.));
#5075 = LINE('',#5076,#5077);
#5076 = CARTESIAN_POINT('',(-35.671986,0.500509,10.));
#5077 = VECTOR('',#5078,1.);
#5078 = DIRECTION('',(1.,0.,0.));
#5079 = ORIENTED_EDGE('',*,*,#5080,.F.);
#5080 = EDGE_CURVE('',#4054,#5071,#5081,.T.);
#5081 = HYPERBOLA('',#5082,3.561306584381,0.500509);
#5082 = AXIS2_PLACEMENT_3D('',#5083,#5084,#5085);
#5083 = CARTESIAN_POINT('',(-6.E-17,0.500509,260.81678271404));
#5084 = DIRECTION('',(-1.1E-16,1.,0.));
#5085 = DIRECTION('',(0.,0.,-1.));
#5086 = ORIENTED_EDGE('',*,*,#4062,.T.);
#5087 = ORIENTED_EDGE('',*,*,#5054,.F.);
#5088 = ORIENTED_EDGE('',*,*,#5089,.T.);
#5089 = EDGE_CURVE('',#5047,#5090,#5092,.T.);
#5090 = VERTEX_POINT('',#5091);
#5091 = CARTESIAN_POINT('',(-34.49636923997,0.500509,12.));
#5092 = LINE('',#5093,#5094);
#5093 = CARTESIAN_POINT('',(-17.835993,0.500509,12.));
#5094 = VECTOR('',#5095,1.);
#5095 = DIRECTION('',(-1.,-1.1E-16,0.));
#5096 = ORIENTED_EDGE('',*,*,#5097,.T.);
#5097 = EDGE_CURVE('',#5090,#5073,#5098,.T.);
#5098 = LINE('',#5099,#5100);
#5099 = CARTESIAN_POINT('',(-34.49636923997,0.500509,10.));
#5100 = VECTOR('',#5101,1.);
#5101 = DIRECTION('',(0.,0.,-1.));
#5102 = PLANE('',#5103);
#5103 = AXIS2_PLACEMENT_3D('',#5104,#5105,#5106);
#5104 = CARTESIAN_POINT('',(-35.671986,0.500509,10.));
#5105 = DIRECTION('',(0.,1.,0.));
#5106 = DIRECTION('',(1.,0.,0.));
#5107 = ADVANCED_FACE('',(#5108),#5128,.T.);
#5108 = FACE_BOUND('',#5109,.T.);
#5109 = EDGE_LOOP('',(#5110,#5111,#5120,#5127));
#5110 = ORIENTED_EDGE('',*,*,#4053,.F.);
#5111 = ORIENTED_EDGE('',*,*,#5112,.F.);
#5112 = EDGE_CURVE('',#5113,#4031,#5115,.T.);
#5113 = VERTEX_POINT('',#5114);
#5114 = CARTESIAN_POINT('',(-32.75463078553,13.026767139374,10.));
#5115 = HYPERBOLA('',#5116,3.554063138003,0.499491);
#5116 = AXIS2_PLACEMENT_3D('',#5117,#5118,#5119);
#5117 = CARTESIAN_POINT('',(-0.191146930315,-0.461469511574,
    260.81678271404));
#5118 = DIRECTION('',(-0.382683432365,-0.923879532511,-0.));
#5119 = DIRECTION('',(0.,0.,-1.));
#5120 = ORIENTED_EDGE('',*,*,#5121,.T.);
#5121 = EDGE_CURVE('',#5113,#5071,#5122,.T.);
#5122 = CIRCLE('',#5123,35.25);
#5123 = AXIS2_PLACEMENT_3D('',#5124,#5125,#5126);
#5124 = CARTESIAN_POINT('',(0.,0.,10.));
#5125 = DIRECTION('',(0.,0.,1.));
#5126 = DIRECTION('',(1.,0.,0.));
#5127 = ORIENTED_EDGE('',*,*,#5080,.F.);
#5128 = CONICAL_SURFACE('',#5129,35.25,0.13962634016);
#5129 = AXIS2_PLACEMENT_3D('',#5130,#5131,#5132);
#5130 = CARTESIAN_POINT('',(0.,0.,10.));
#5131 = DIRECTION('',(-0.,-0.,-1.));
#5132 = DIRECTION('',(1.,0.,0.));
#5133 = ADVANCED_FACE('',(#5134),#5168,.F.);
#5134 = FACE_BOUND('',#5135,.F.);
#5135 = EDGE_LOOP('',(#5136,#5146,#5152,#5153,#5154,#5162));
#5136 = ORIENTED_EDGE('',*,*,#5137,.T.);
#5137 = EDGE_CURVE('',#5138,#5140,#5142,.T.);
#5138 = VERTEX_POINT('',#5139);
#5139 = CARTESIAN_POINT('',(-32.06165004908,12.739725119875,12.));
#5140 = VERTEX_POINT('',#5141);
#5141 = CARTESIAN_POINT('',(-31.76194538097,12.615583381638,12.));
#5142 = LINE('',#5143,#5144);
#5143 = CARTESIAN_POINT('',(-15.97654615564,6.077056935032,12.));
#5144 = VECTOR('',#5145,1.);
#5145 = DIRECTION('',(0.923879532511,-0.382683432365,0.));
#5146 = ORIENTED_EDGE('',*,*,#5147,.T.);
#5147 = EDGE_CURVE('',#5140,#4018,#5148,.T.);
#5148 = LINE('',#5149,#5150);
#5149 = CARTESIAN_POINT('',(-31.76194538097,12.615583381638,10.));
#5150 = VECTOR('',#5151,1.);
#5151 = DIRECTION('',(0.,0.,1.));
#5152 = ORIENTED_EDGE('',*,*,#4030,.F.);
#5153 = ORIENTED_EDGE('',*,*,#5112,.F.);
#5154 = ORIENTED_EDGE('',*,*,#5155,.F.);
#5155 = EDGE_CURVE('',#5156,#5113,#5158,.T.);
#5156 = VERTEX_POINT('',#5157);
#5157 = CARTESIAN_POINT('',(-32.06165004908,12.739725119875,10.));
#5158 = LINE('',#5159,#5160);
#5159 = CARTESIAN_POINT('',(-31.76194538097,12.615583381638,10.));
#5160 = VECTOR('',#5161,1.);
#5161 = DIRECTION('',(-0.923879532511,0.382683432365,0.));
#5162 = ORIENTED_EDGE('',*,*,#5163,.F.);
#5163 = EDGE_CURVE('',#5138,#5156,#5164,.T.);
#5164 = LINE('',#5165,#5166);
#5165 = CARTESIAN_POINT('',(-32.06165004908,12.739725119875,10.));
#5166 = VECTOR('',#5167,1.);
#5167 = DIRECTION('',(0.,0.,-1.));
#5168 = PLANE('',#5169);
#5169 = AXIS2_PLACEMENT_3D('',#5170,#5171,#5172);
#5170 = CARTESIAN_POINT('',(-31.76194538097,12.615583381638,10.));
#5171 = DIRECTION('',(-0.382683432365,-0.923879532511,0.));
#5172 = DIRECTION('',(-0.923879532511,0.382683432365,0.));
#5173 = ADVANCED_FACE('',(#5174),#5192,.F.);
#5174 = FACE_BOUND('',#5175,.F.);
#5175 = EDGE_LOOP('',(#5176,#5184,#5190,#5191));
#5176 = ORIENTED_EDGE('',*,*,#5177,.T.);
#5177 = EDGE_CURVE('',#5140,#5178,#5180,.T.);
#5178 = VERTEX_POINT('',#5179);
#5179 = CARTESIAN_POINT('',(-31.37926194861,13.539462914149,12.));
#5180 = LINE('',#5181,#5182);
#5181 = CARTESIAN_POINT('',(-31.47503019963,13.308257903681,12.));
#5182 = VECTOR('',#5183,1.);
#5183 = DIRECTION('',(0.382683432365,0.923879532511,0.));
#5184 = ORIENTED_EDGE('',*,*,#5185,.T.);
#5185 = EDGE_CURVE('',#5178,#3995,#5186,.T.);
#5186 = LINE('',#5187,#5188);
#5187 = CARTESIAN_POINT('',(-31.37926194861,13.539462914149,10.));
#5188 = VECTOR('',#5189,1.);
#5189 = DIRECTION('',(0.,0.,1.));
#5190 = ORIENTED_EDGE('',*,*,#4017,.T.);
#5191 = ORIENTED_EDGE('',*,*,#5147,.F.);
#5192 = PLANE('',#5193);
#5193 = AXIS2_PLACEMENT_3D('',#5194,#5195,#5196);
#5194 = CARTESIAN_POINT('',(-31.37926194861,13.539462914149,10.));
#5195 = DIRECTION('',(0.923879532511,-0.382683432365,0.));
#5196 = DIRECTION('',(-0.382683432365,-0.923879532511,0.));
#5197 = ADVANCED_FACE('',(#5198),#5233,.F.);
#5198 = FACE_BOUND('',#5199,.F.);
#5199 = EDGE_LOOP('',(#5200,#5210,#5217,#5218,#5219,#5227));
#5200 = ORIENTED_EDGE('',*,*,#5201,.F.);
#5201 = EDGE_CURVE('',#5202,#5204,#5206,.T.);
#5202 = VERTEX_POINT('',#5203);
#5203 = CARTESIAN_POINT('',(-32.37193401126,13.95064114549,10.));
#5204 = VERTEX_POINT('',#5205);
#5205 = CARTESIAN_POINT('',(-31.67895298471,13.663599005826,10.));
#5206 = LINE('',#5207,#5208);
#5207 = CARTESIAN_POINT('',(-32.76508124738,14.113488062697,10.));
#5208 = VECTOR('',#5209,1.);
#5209 = DIRECTION('',(0.923879532511,-0.382683432365,0.));
#5210 = ORIENTED_EDGE('',*,*,#5211,.F.);
#5211 = EDGE_CURVE('',#3986,#5202,#5212,.T.);
#5212 = HYPERBOLA('',#5213,3.561306584381,0.500509);
#5213 = AXIS2_PLACEMENT_3D('',#5214,#5215,#5216);
#5214 = CARTESIAN_POINT('',(0.19153650205,0.462410020938,260.81678271404
    ));
#5215 = DIRECTION('',(0.382683432365,0.923879532511,0.));
#5216 = DIRECTION('',(0.,0.,-1.));
#5217 = ORIENTED_EDGE('',*,*,#3994,.T.);
#5218 = ORIENTED_EDGE('',*,*,#5185,.F.);
#5219 = ORIENTED_EDGE('',*,*,#5220,.T.);
#5220 = EDGE_CURVE('',#5178,#5221,#5223,.T.);
#5221 = VERTEX_POINT('',#5222);
#5222 = CARTESIAN_POINT('',(-31.67895298471,13.663599005826,12.));
#5223 = LINE('',#5224,#5225);
#5224 = CARTESIAN_POINT('',(-16.28677237266,7.287949041817,12.));
#5225 = VECTOR('',#5226,1.);
#5226 = DIRECTION('',(-0.923879532511,0.382683432365,0.));
#5227 = ORIENTED_EDGE('',*,*,#5228,.T.);
#5228 = EDGE_CURVE('',#5221,#5204,#5229,.T.);
#5229 = LINE('',#5230,#5231);
#5230 = CARTESIAN_POINT('',(-31.67895298471,13.663599005826,10.));
#5231 = VECTOR('',#5232,1.);
#5232 = DIRECTION('',(0.,0.,-1.));
#5233 = PLANE('',#5234);
#5234 = AXIS2_PLACEMENT_3D('',#5235,#5236,#5237);
#5235 = CARTESIAN_POINT('',(-32.76508124738,14.113488062697,10.));
#5236 = DIRECTION('',(0.382683432365,0.923879532511,0.));
#5237 = DIRECTION('',(0.923879532511,-0.382683432365,0.));
#5238 = ADVANCED_FACE('',(#5239),#5259,.T.);
#5239 = FACE_BOUND('',#5240,.T.);
#5240 = EDGE_LOOP('',(#5241,#5242,#5251,#5258));
#5241 = ORIENTED_EDGE('',*,*,#3985,.F.);
#5242 = ORIENTED_EDGE('',*,*,#5243,.F.);
#5243 = EDGE_CURVE('',#5244,#3963,#5246,.T.);
#5244 = VERTEX_POINT('',#5245);
#5245 = CARTESIAN_POINT('',(-25.2762050162,24.569818069717,10.));
#5246 = HYPERBOLA('',#5247,3.554063138003,0.499491);
#5247 = AXIS2_PLACEMENT_3D('',#5248,#5249,#5250);
#5248 = CARTESIAN_POINT('',(-0.353193473242,-0.353193473242,
    260.81678271404));
#5249 = DIRECTION('',(-0.707106781187,-0.707106781187,-0.));
#5250 = DIRECTION('',(0.,0.,-1.));
#5251 = ORIENTED_EDGE('',*,*,#5252,.T.);
#5252 = EDGE_CURVE('',#5244,#5202,#5253,.T.);
#5253 = CIRCLE('',#5254,35.25);
#5254 = AXIS2_PLACEMENT_3D('',#5255,#5256,#5257);
#5255 = CARTESIAN_POINT('',(0.,0.,10.));
#5256 = DIRECTION('',(0.,0.,1.));
#5257 = DIRECTION('',(1.,0.,0.));
#5258 = ORIENTED_EDGE('',*,*,#5211,.F.);
#5259 = CONICAL_SURFACE('',#5260,35.25,0.13962634016);
#5260 = AXIS2_PLACEMENT_3D('',#5261,#5262,#5263);
#5261 = CARTESIAN_POINT('',(0.,0.,10.));
#5262 = DIRECTION('',(-0.,-0.,-1.));
#5263 = DIRECTION('',(1.,0.,0.));
#5264 = ADVANCED_FACE('',(#5265),#5299,.F.);
#5265 = FACE_BOUND('',#5266,.F.);
#5266 = EDGE_LOOP('',(#5267,#5277,#5283,#5284,#5285,#5293));
#5267 = ORIENTED_EDGE('',*,*,#5268,.T.);
#5268 = EDGE_CURVE('',#5269,#5271,#5273,.T.);
#5269 = VERTEX_POINT('',#5270);
#5270 = CARTESIAN_POINT('',(-24.74582052262,24.039433576145,12.));
#5271 = VERTEX_POINT('',#5272);
#5272 = CARTESIAN_POINT('',(-24.51643650045,23.81004955397,12.));
#5273 = LINE('',#5274,#5275);
#5274 = CARTESIAN_POINT('',(-12.43481498684,11.728428040364,12.));
#5275 = VECTOR('',#5276,1.);
#5276 = DIRECTION('',(0.707106781187,-0.707106781187,0.));
#5277 = ORIENTED_EDGE('',*,*,#5278,.T.);
#5278 = EDGE_CURVE('',#5271,#3950,#5279,.T.);
#5279 = LINE('',#5280,#5281);
#5280 = CARTESIAN_POINT('',(-24.51643650045,23.81004955397,10.));
#5281 = VECTOR('',#5282,1.);
#5282 = DIRECTION('',(0.,0.,1.));
#5283 = ORIENTED_EDGE('',*,*,#3962,.F.);
#5284 = ORIENTED_EDGE('',*,*,#5243,.F.);
#5285 = ORIENTED_EDGE('',*,*,#5286,.F.);
#5286 = EDGE_CURVE('',#5287,#5244,#5289,.T.);
#5287 = VERTEX_POINT('',#5288);
#5288 = CARTESIAN_POINT('',(-24.74582052262,24.039433576144,10.));
#5289 = LINE('',#5290,#5291);
#5290 = CARTESIAN_POINT('',(-24.51643650045,23.81004955397,10.));
#5291 = VECTOR('',#5292,1.);
#5292 = DIRECTION('',(-0.707106781187,0.707106781187,0.));
#5293 = ORIENTED_EDGE('',*,*,#5294,.F.);
#5294 = EDGE_CURVE('',#5269,#5287,#5295,.T.);
#5295 = LINE('',#5296,#5297);
#5296 = CARTESIAN_POINT('',(-24.74582052262,24.039433576145,10.));
#5297 = VECTOR('',#5298,1.);
#5298 = DIRECTION('',(0.,0.,-1.));
#5299 = PLANE('',#5300);
#5300 = AXIS2_PLACEMENT_3D('',#5301,#5302,#5303);
#5301 = CARTESIAN_POINT('',(-24.51643650045,23.81004955397,10.));
#5302 = DIRECTION('',(-0.707106781187,-0.707106781187,0.));
#5303 = DIRECTION('',(-0.707106781187,0.707106781187,0.));
#5304 = ADVANCED_FACE('',(#5305),#5323,.F.);
#5305 = FACE_BOUND('',#5306,.F.);
#5306 = EDGE_LOOP('',(#5307,#5315,#5321,#5322));
#5307 = ORIENTED_EDGE('',*,*,#5308,.T.);
#5308 = EDGE_CURVE('',#5271,#5309,#5311,.T.);
#5309 = VERTEX_POINT('',#5310);
#5310 = CARTESIAN_POINT('',(-23.80932971926,24.517156335157,12.));
#5311 = LINE('',#5312,#5313);
#5312 = CARTESIAN_POINT('',(-23.98628637323,24.340199681184,12.));
#5313 = VECTOR('',#5314,1.);
#5314 = DIRECTION('',(0.707106781187,0.707106781187,0.));
#5315 = ORIENTED_EDGE('',*,*,#5316,.T.);
#5316 = EDGE_CURVE('',#5309,#3927,#5317,.T.);
#5317 = LINE('',#5318,#5319);
#5318 = CARTESIAN_POINT('',(-23.80932971926,24.517156335157,10.));
#5319 = VECTOR('',#5320,1.);
#5320 = DIRECTION('',(0.,0.,1.));
#5321 = ORIENTED_EDGE('',*,*,#3949,.T.);
#5322 = ORIENTED_EDGE('',*,*,#5278,.F.);
#5323 = PLANE('',#5324);
#5324 = AXIS2_PLACEMENT_3D('',#5325,#5326,#5327);
#5325 = CARTESIAN_POINT('',(-23.80932971926,24.517156335157,10.));
#5326 = DIRECTION('',(0.707106781187,-0.707106781187,0.));
#5327 = DIRECTION('',(-0.707106781187,-0.707106781187,0.));
#5328 = ADVANCED_FACE('',(#5329),#5364,.F.);
#5329 = FACE_BOUND('',#5330,.F.);
#5330 = EDGE_LOOP('',(#5331,#5341,#5348,#5349,#5350,#5358));
#5331 = ORIENTED_EDGE('',*,*,#5332,.F.);
#5332 = EDGE_CURVE('',#5333,#5335,#5337,.T.);
#5333 = VERTEX_POINT('',#5334);
#5334 = CARTESIAN_POINT('',(-24.56908802356,25.276914639455,10.));
#5335 = VERTEX_POINT('',#5336);
#5336 = CARTESIAN_POINT('',(-24.03870330796,24.746529923848,10.));
#5337 = LINE('',#5338,#5339);
#5338 = CARTESIAN_POINT('',(-24.86998989104,25.577816506936,10.));
#5339 = VECTOR('',#5340,1.);
#5340 = DIRECTION('',(0.707106781187,-0.707106781187,0.));
#5341 = ORIENTED_EDGE('',*,*,#5342,.F.);
#5342 = EDGE_CURVE('',#3918,#5333,#5343,.T.);
#5343 = HYPERBOLA('',#5344,3.561306584381,0.500509);
#5344 = AXIS2_PLACEMENT_3D('',#5345,#5346,#5347);
#5345 = CARTESIAN_POINT('',(0.353913307945,0.353913307945,
    260.81678271404));
#5346 = DIRECTION('',(0.707106781187,0.707106781187,0.));
#5347 = DIRECTION('',(0.,0.,-1.));
#5348 = ORIENTED_EDGE('',*,*,#3926,.T.);
#5349 = ORIENTED_EDGE('',*,*,#5316,.F.);
#5350 = ORIENTED_EDGE('',*,*,#5351,.T.);
#5351 = EDGE_CURVE('',#5309,#5352,#5354,.T.);
#5352 = VERTEX_POINT('',#5353);
#5353 = CARTESIAN_POINT('',(-24.03870330795,24.746529923849,12.));
#5354 = LINE('',#5355,#5356);
#5355 = CARTESIAN_POINT('',(-12.25803829155,12.965864907441,12.));
#5356 = VECTOR('',#5357,1.);
#5357 = DIRECTION('',(-0.707106781187,0.707106781187,0.));
#5358 = ORIENTED_EDGE('',*,*,#5359,.T.);
#5359 = EDGE_CURVE('',#5352,#5335,#5360,.T.);
#5360 = LINE('',#5361,#5362);
#5361 = CARTESIAN_POINT('',(-24.03870330795,24.746529923849,10.));
#5362 = VECTOR('',#5363,1.);
#5363 = DIRECTION('',(0.,0.,-1.));
#5364 = PLANE('',#5365);
#5365 = AXIS2_PLACEMENT_3D('',#5366,#5367,#5368);
#5366 = CARTESIAN_POINT('',(-24.86998989104,25.577816506936,10.));
#5367 = DIRECTION('',(0.707106781187,0.707106781187,0.));
#5368 = DIRECTION('',(0.707106781187,-0.707106781187,0.));
#5369 = ADVANCED_FACE('',(#5370),#5390,.T.);
#5370 = FACE_BOUND('',#5371,.T.);
#5371 = EDGE_LOOP('',(#5372,#5373,#5382,#5389));
#5372 = ORIENTED_EDGE('',*,*,#3917,.F.);
#5373 = ORIENTED_EDGE('',*,*,#5374,.F.);
#5374 = EDGE_CURVE('',#5375,#3895,#5377,.T.);
#5375 = VERTEX_POINT('',#5376);
#5376 = CARTESIAN_POINT('',(-13.94970616252,32.372336924901,10.));
#5377 = HYPERBOLA('',#5378,3.554063138003,0.499491);
#5378 = AXIS2_PLACEMENT_3D('',#5379,#5380,#5381);
#5379 = CARTESIAN_POINT('',(-0.461469511574,-0.191146930315,
    260.81678271404));
#5380 = DIRECTION('',(-0.923879532511,-0.382683432365,-0.));
#5381 = DIRECTION('',(0.,0.,-1.));
#5382 = ORIENTED_EDGE('',*,*,#5383,.T.);
#5383 = EDGE_CURVE('',#5375,#5333,#5384,.T.);
#5384 = CIRCLE('',#5385,35.25);
#5385 = AXIS2_PLACEMENT_3D('',#5386,#5387,#5388);
#5386 = CARTESIAN_POINT('',(0.,0.,10.));
#5387 = DIRECTION('',(0.,0.,1.));
#5388 = DIRECTION('',(1.,0.,0.));
#5389 = ORIENTED_EDGE('',*,*,#5342,.F.);
#5390 = CONICAL_SURFACE('',#5391,35.25,0.13962634016);
#5391 = AXIS2_PLACEMENT_3D('',#5392,#5393,#5394);
#5392 = CARTESIAN_POINT('',(0.,0.,10.));
#5393 = DIRECTION('',(-0.,-0.,-1.));
#5394 = DIRECTION('',(1.,0.,0.));
#5395 = ADVANCED_FACE('',(#5396),#5430,.F.);
#5396 = FACE_BOUND('',#5397,.F.);
#5397 = EDGE_LOOP('',(#5398,#5408,#5414,#5415,#5416,#5424));
#5398 = ORIENTED_EDGE('',*,*,#5399,.T.);
#5399 = EDGE_CURVE('',#5400,#5402,#5404,.T.);
#5400 = VERTEX_POINT('',#5401);
#5401 = CARTESIAN_POINT('',(-13.66266414302,31.679356188455,12.));
#5402 = VERTEX_POINT('',#5403);
#5403 = CARTESIAN_POINT('',(-13.53852240478,31.379651520347,12.));
#5404 = LINE('',#5405,#5406);
#5405 = CARTESIAN_POINT('',(-6.999995958179,15.594252295016,12.));
#5406 = VECTOR('',#5407,1.);
#5407 = DIRECTION('',(0.382683432365,-0.923879532511,0.));
#5408 = ORIENTED_EDGE('',*,*,#5409,.T.);
#5409 = EDGE_CURVE('',#5402,#3882,#5410,.T.);
#5410 = LINE('',#5411,#5412);
#5411 = CARTESIAN_POINT('',(-13.53852240478,31.379651520347,10.));
#5412 = VECTOR('',#5413,1.);
#5413 = DIRECTION('',(0.,0.,1.));
#5414 = ORIENTED_EDGE('',*,*,#3894,.F.);
#5415 = ORIENTED_EDGE('',*,*,#5374,.F.);
#5416 = ORIENTED_EDGE('',*,*,#5417,.F.);
#5417 = EDGE_CURVE('',#5418,#5375,#5420,.T.);
#5418 = VERTEX_POINT('',#5419);
#5419 = CARTESIAN_POINT('',(-13.66266414302,31.679356188455,10.));
#5420 = LINE('',#5421,#5422);
#5421 = CARTESIAN_POINT('',(-13.53852240478,31.379651520347,10.));
#5422 = VECTOR('',#5423,1.);
#5423 = DIRECTION('',(-0.382683432365,0.923879532511,0.));
#5424 = ORIENTED_EDGE('',*,*,#5425,.F.);
#5425 = EDGE_CURVE('',#5400,#5418,#5426,.T.);
#5426 = LINE('',#5427,#5428);
#5427 = CARTESIAN_POINT('',(-13.66266414302,31.679356188455,10.));
#5428 = VECTOR('',#5429,1.);
#5429 = DIRECTION('',(0.,0.,-1.));
#5430 = PLANE('',#5431);
#5431 = AXIS2_PLACEMENT_3D('',#5432,#5433,#5434);
#5432 = CARTESIAN_POINT('',(-13.53852240478,31.379651520347,10.));
#5433 = DIRECTION('',(-0.923879532511,-0.382683432365,0.));
#5434 = DIRECTION('',(-0.382683432365,0.923879532511,0.));
#5435 = ADVANCED_FACE('',(#5436),#5454,.F.);
#5436 = FACE_BOUND('',#5437,.F.);
#5437 = EDGE_LOOP('',(#5438,#5446,#5452,#5453));
#5438 = ORIENTED_EDGE('',*,*,#5439,.T.);
#5439 = EDGE_CURVE('',#5402,#5440,#5442,.T.);
#5440 = VERTEX_POINT('',#5441);
#5441 = CARTESIAN_POINT('',(-12.61464287227,31.762334952712,12.));
#5442 = LINE('',#5443,#5444);
#5443 = CARTESIAN_POINT('',(-12.84584788274,31.666566701687,12.));
#5444 = VECTOR('',#5445,1.);
#5445 = DIRECTION('',(0.923879532511,0.382683432365,0.));
#5446 = ORIENTED_EDGE('',*,*,#5447,.T.);
#5447 = EDGE_CURVE('',#5440,#3859,#5448,.T.);
#5448 = LINE('',#5449,#5450);
#5449 = CARTESIAN_POINT('',(-12.61464287227,31.762334952712,10.));
#5450 = VECTOR('',#5451,1.);
#5451 = DIRECTION('',(0.,0.,1.));
#5452 = ORIENTED_EDGE('',*,*,#3881,.T.);
#5453 = ORIENTED_EDGE('',*,*,#5409,.F.);
#5454 = PLANE('',#5455);
#5455 = AXIS2_PLACEMENT_3D('',#5456,#5457,#5458);
#5456 = CARTESIAN_POINT('',(-12.61464287227,31.762334952712,10.));
#5457 = DIRECTION('',(0.382683432365,-0.923879532511,0.));
#5458 = DIRECTION('',(-0.923879532511,-0.382683432365,0.));
#5459 = ADVANCED_FACE('',(#5460),#5495,.F.);
#5460 = FACE_BOUND('',#5461,.F.);
#5461 = EDGE_LOOP('',(#5462,#5472,#5479,#5480,#5481,#5489));
#5462 = ORIENTED_EDGE('',*,*,#5463,.F.);
#5463 = EDGE_CURVE('',#5464,#5466,#5468,.T.);
#5464 = VERTEX_POINT('',#5465);
#5465 = CARTESIAN_POINT('',(-13.02582110361,32.755007015366,10.));
#5466 = VERTEX_POINT('',#5467);
#5467 = CARTESIAN_POINT('',(-12.73877896395,32.062025988817,10.));
#5468 = LINE('',#5469,#5470);
#5469 = CARTESIAN_POINT('',(-13.18866802082,33.148154251479,10.));
#5470 = VECTOR('',#5471,1.);
#5471 = DIRECTION('',(0.382683432365,-0.923879532511,0.));
#5472 = ORIENTED_EDGE('',*,*,#5473,.F.);
#5473 = EDGE_CURVE('',#3850,#5464,#5474,.T.);
#5474 = HYPERBOLA('',#5475,3.561306584381,0.500509);
#5475 = AXIS2_PLACEMENT_3D('',#5476,#5477,#5478);
#5476 = CARTESIAN_POINT('',(0.462410020938,0.19153650205,260.81678271404
    ));
#5477 = DIRECTION('',(0.923879532511,0.382683432365,0.));
#5478 = DIRECTION('',(0.,0.,-1.));
#5479 = ORIENTED_EDGE('',*,*,#3858,.T.);
#5480 = ORIENTED_EDGE('',*,*,#5447,.F.);
#5481 = ORIENTED_EDGE('',*,*,#5482,.T.);
#5482 = EDGE_CURVE('',#5440,#5483,#5485,.T.);
#5483 = VERTEX_POINT('',#5484);
#5484 = CARTESIAN_POINT('',(-12.73877896395,32.062025988817,12.));
#5485 = LINE('',#5486,#5487);
#5486 = CARTESIAN_POINT('',(-6.363128999942,16.669845376764,12.));
#5487 = VECTOR('',#5488,1.);
#5488 = DIRECTION('',(-0.382683432365,0.923879532511,0.));
#5489 = ORIENTED_EDGE('',*,*,#5490,.T.);
#5490 = EDGE_CURVE('',#5483,#5466,#5491,.T.);
#5491 = LINE('',#5492,#5493);
#5492 = CARTESIAN_POINT('',(-12.73877896395,32.062025988817,10.));
#5493 = VECTOR('',#5494,1.);
#5494 = DIRECTION('',(0.,0.,-1.));
#5495 = PLANE('',#5496);
#5496 = AXIS2_PLACEMENT_3D('',#5497,#5498,#5499);
#5497 = CARTESIAN_POINT('',(-13.18866802082,33.148154251479,10.));
#5498 = DIRECTION('',(0.923879532511,0.382683432365,0.));
#5499 = DIRECTION('',(0.382683432365,-0.923879532511,0.));
#5500 = ADVANCED_FACE('',(#5501),#5521,.T.);
#5501 = FACE_BOUND('',#5502,.T.);
#5502 = EDGE_LOOP('',(#5503,#5504,#5513,#5520));
#5503 = ORIENTED_EDGE('',*,*,#3849,.F.);
#5504 = ORIENTED_EDGE('',*,*,#5505,.F.);
#5505 = EDGE_CURVE('',#5506,#3827,#5508,.T.);
#5506 = VERTEX_POINT('',#5507);
#5507 = CARTESIAN_POINT('',(-0.499491000001,35.246460939234,10.));
#5508 = HYPERBOLA('',#5509,3.554063138003,0.499491);
#5509 = AXIS2_PLACEMENT_3D('',#5510,#5511,#5512);
#5510 = CARTESIAN_POINT('',(-0.499491,-6.E-17,260.81678271404));
#5511 = DIRECTION('',(-1.,-1.2E-16,-0.));
#5512 = DIRECTION('',(0.,0.,-1.));
#5513 = ORIENTED_EDGE('',*,*,#5514,.T.);
#5514 = EDGE_CURVE('',#5506,#5464,#5515,.T.);
#5515 = CIRCLE('',#5516,35.25);
#5516 = AXIS2_PLACEMENT_3D('',#5517,#5518,#5519);
#5517 = CARTESIAN_POINT('',(0.,0.,10.));
#5518 = DIRECTION('',(0.,0.,1.));
#5519 = DIRECTION('',(1.,0.,0.));
#5520 = ORIENTED_EDGE('',*,*,#5473,.F.);
#5521 = CONICAL_SURFACE('',#5522,35.25,0.13962634016);
#5522 = AXIS2_PLACEMENT_3D('',#5523,#5524,#5525);
#5523 = CARTESIAN_POINT('',(0.,0.,10.));
#5524 = DIRECTION('',(-0.,-0.,-1.));
#5525 = DIRECTION('',(1.,0.,0.));
#5526 = ADVANCED_FACE('',(#5527),#5561,.F.);
#5527 = FACE_BOUND('',#5528,.F.);
#5528 = EDGE_LOOP('',(#5529,#5539,#5545,#5546,#5547,#5555));
#5529 = ORIENTED_EDGE('',*,*,#5530,.T.);
#5530 = EDGE_CURVE('',#5531,#5533,#5535,.T.);
#5531 = VERTEX_POINT('',#5532);
#5532 = CARTESIAN_POINT('',(-0.499491,34.496383995151,12.));
#5533 = VERTEX_POINT('',#5534);
#5534 = CARTESIAN_POINT('',(-0.499491,34.171986,12.));
#5535 = LINE('',#5536,#5537);
#5536 = CARTESIAN_POINT('',(-0.499491,17.085993,12.));
#5537 = VECTOR('',#5538,1.);
#5538 = DIRECTION('',(1.2E-16,-1.,0.));
#5539 = ORIENTED_EDGE('',*,*,#5540,.T.);
#5540 = EDGE_CURVE('',#5533,#3814,#5541,.T.);
#5541 = LINE('',#5542,#5543);
#5542 = CARTESIAN_POINT('',(-0.499491,34.171986,10.));
#5543 = VECTOR('',#5544,1.);
#5544 = DIRECTION('',(0.,0.,1.));
#5545 = ORIENTED_EDGE('',*,*,#3826,.F.);
#5546 = ORIENTED_EDGE('',*,*,#5505,.F.);
#5547 = ORIENTED_EDGE('',*,*,#5548,.F.);
#5548 = EDGE_CURVE('',#5549,#5506,#5551,.T.);
#5549 = VERTEX_POINT('',#5550);
#5550 = CARTESIAN_POINT('',(-0.499490999999,34.496383995151,10.));
#5551 = LINE('',#5552,#5553);
#5552 = CARTESIAN_POINT('',(-0.499491,34.171986,10.));
#5553 = VECTOR('',#5554,1.);
#5554 = DIRECTION('',(0.,1.,0.));
#5555 = ORIENTED_EDGE('',*,*,#5556,.F.);
#5556 = EDGE_CURVE('',#5531,#5549,#5557,.T.);
#5557 = LINE('',#5558,#5559);
#5558 = CARTESIAN_POINT('',(-0.499491,34.496383995151,10.));
#5559 = VECTOR('',#5560,1.);
#5560 = DIRECTION('',(0.,0.,-1.));
#5561 = PLANE('',#5562);
#5562 = AXIS2_PLACEMENT_3D('',#5563,#5564,#5565);
#5563 = CARTESIAN_POINT('',(-0.499491,34.171986,10.));
#5564 = DIRECTION('',(-1.,0.,0.));
#5565 = DIRECTION('',(0.,1.,0.));
#5566 = ADVANCED_FACE('',(#5567),#5585,.F.);
#5567 = FACE_BOUND('',#5568,.F.);
#5568 = EDGE_LOOP('',(#5569,#5577,#5583,#5584));
#5569 = ORIENTED_EDGE('',*,*,#5570,.T.);
#5570 = EDGE_CURVE('',#5533,#5571,#5573,.T.);
#5571 = VERTEX_POINT('',#5572);
#5572 = CARTESIAN_POINT('',(0.500509,34.171986,12.));
#5573 = LINE('',#5574,#5575);
#5574 = CARTESIAN_POINT('',(0.2502545,34.171986,12.));
#5575 = VECTOR('',#5576,1.);
#5576 = DIRECTION('',(1.,1.2E-16,0.));
#5577 = ORIENTED_EDGE('',*,*,#5578,.T.);
#5578 = EDGE_CURVE('',#5571,#3791,#5579,.T.);
#5579 = LINE('',#5580,#5581);
#5580 = CARTESIAN_POINT('',(0.500509,34.171986,10.));
#5581 = VECTOR('',#5582,1.);
#5582 = DIRECTION('',(0.,0.,1.));
#5583 = ORIENTED_EDGE('',*,*,#3813,.T.);
#5584 = ORIENTED_EDGE('',*,*,#5540,.F.);
#5585 = PLANE('',#5586);
#5586 = AXIS2_PLACEMENT_3D('',#5587,#5588,#5589);
#5587 = CARTESIAN_POINT('',(0.500509,34.171986,10.));
#5588 = DIRECTION('',(0.,-1.,0.));
#5589 = DIRECTION('',(-1.,0.,0.));
#5590 = ADVANCED_FACE('',(#5591),#5626,.F.);
#5591 = FACE_BOUND('',#5592,.F.);
#5592 = EDGE_LOOP('',(#5593,#5603,#5610,#5611,#5612,#5620));
#5593 = ORIENTED_EDGE('',*,*,#5594,.F.);
#5594 = EDGE_CURVE('',#5595,#5597,#5599,.T.);
#5595 = VERTEX_POINT('',#5596);
#5596 = CARTESIAN_POINT('',(0.500509000001,35.246446498064,10.));
#5597 = VERTEX_POINT('',#5598);
#5598 = CARTESIAN_POINT('',(0.500508999999,34.496369239978,10.));
#5599 = LINE('',#5600,#5601);
#5600 = CARTESIAN_POINT('',(0.500509,35.671986,10.));
#5601 = VECTOR('',#5602,1.);
#5602 = DIRECTION('',(0.,-1.,0.));
#5603 = ORIENTED_EDGE('',*,*,#5604,.F.);
#5604 = EDGE_CURVE('',#3782,#5595,#5605,.T.);
#5605 = HYPERBOLA('',#5606,3.561306584381,0.500509);
#5606 = AXIS2_PLACEMENT_3D('',#5607,#5608,#5609);
#5607 = CARTESIAN_POINT('',(0.500509,6.E-17,260.81678271404));
#5608 = DIRECTION('',(1.,1.2E-16,0.));
#5609 = DIRECTION('',(0.,0.,-1.));
#5610 = ORIENTED_EDGE('',*,*,#3790,.T.);
#5611 = ORIENTED_EDGE('',*,*,#5578,.F.);
#5612 = ORIENTED_EDGE('',*,*,#5613,.T.);
#5613 = EDGE_CURVE('',#5571,#5614,#5616,.T.);
#5614 = VERTEX_POINT('',#5615);
#5615 = CARTESIAN_POINT('',(0.500509,34.496369239978,12.));
#5616 = LINE('',#5617,#5618);
#5617 = CARTESIAN_POINT('',(0.500509,17.835993,12.));
#5618 = VECTOR('',#5619,1.);
#5619 = DIRECTION('',(-1.2E-16,1.,0.));
#5620 = ORIENTED_EDGE('',*,*,#5621,.T.);
#5621 = EDGE_CURVE('',#5614,#5597,#5622,.T.);
#5622 = LINE('',#5623,#5624);
#5623 = CARTESIAN_POINT('',(0.500509,34.496369239978,10.));
#5624 = VECTOR('',#5625,1.);
#5625 = DIRECTION('',(0.,0.,-1.));
#5626 = PLANE('',#5627);
#5627 = AXIS2_PLACEMENT_3D('',#5628,#5629,#5630);
#5628 = CARTESIAN_POINT('',(0.500509,35.671986,10.));
#5629 = DIRECTION('',(1.,0.,0.));
#5630 = DIRECTION('',(0.,-1.,0.));
#5631 = ADVANCED_FACE('',(#5632),#5652,.T.);
#5632 = FACE_BOUND('',#5633,.T.);
#5633 = EDGE_LOOP('',(#5634,#5635,#5644,#5651));
#5634 = ORIENTED_EDGE('',*,*,#3781,.F.);
#5635 = ORIENTED_EDGE('',*,*,#5636,.F.);
#5636 = EDGE_CURVE('',#5637,#3759,#5639,.T.);
#5637 = VERTEX_POINT('',#5638);
#5638 = CARTESIAN_POINT('',(13.026767139374,32.754630785532,10.));
#5639 = HYPERBOLA('',#5640,3.554063138003,0.499491);
#5640 = AXIS2_PLACEMENT_3D('',#5641,#5642,#5643);
#5641 = CARTESIAN_POINT('',(-0.461469511574,0.191146930315,
    260.81678271404));
#5642 = DIRECTION('',(-0.923879532511,0.382683432365,0.));
#5643 = DIRECTION('',(0.,0.,-1.));
#5644 = ORIENTED_EDGE('',*,*,#5645,.T.);
#5645 = EDGE_CURVE('',#5637,#5595,#5646,.T.);
#5646 = CIRCLE('',#5647,35.25);
#5647 = AXIS2_PLACEMENT_3D('',#5648,#5649,#5650);
#5648 = CARTESIAN_POINT('',(0.,0.,10.));
#5649 = DIRECTION('',(0.,0.,1.));
#5650 = DIRECTION('',(1.,0.,0.));
#5651 = ORIENTED_EDGE('',*,*,#5604,.F.);
#5652 = CONICAL_SURFACE('',#5653,35.25,0.13962634016);
#5653 = AXIS2_PLACEMENT_3D('',#5654,#5655,#5656);
#5654 = CARTESIAN_POINT('',(0.,0.,10.));
#5655 = DIRECTION('',(-0.,-0.,-1.));
#5656 = DIRECTION('',(1.,0.,0.));
#5657 = ADVANCED_FACE('',(#5658),#5692,.F.);
#5658 = FACE_BOUND('',#5659,.F.);
#5659 = EDGE_LOOP('',(#5660,#5670,#5676,#5677,#5678,#5686));
#5660 = ORIENTED_EDGE('',*,*,#5661,.T.);
#5661 = EDGE_CURVE('',#5662,#5664,#5666,.T.);
#5662 = VERTEX_POINT('',#5663);
#5663 = CARTESIAN_POINT('',(12.739725119875,32.061650049086,12.));
#5664 = VERTEX_POINT('',#5665);
#5665 = CARTESIAN_POINT('',(12.615583381638,31.761945380978,12.));
#5666 = LINE('',#5667,#5668);
#5667 = CARTESIAN_POINT('',(6.077056935032,15.976546155647,12.));
#5668 = VECTOR('',#5669,1.);
#5669 = DIRECTION('',(-0.382683432365,-0.923879532511,0.));
#5670 = ORIENTED_EDGE('',*,*,#5671,.T.);
#5671 = EDGE_CURVE('',#5664,#3746,#5672,.T.);
#5672 = LINE('',#5673,#5674);
#5673 = CARTESIAN_POINT('',(12.615583381638,31.761945380978,10.));
#5674 = VECTOR('',#5675,1.);
#5675 = DIRECTION('',(0.,0.,1.));
#5676 = ORIENTED_EDGE('',*,*,#3758,.F.);
#5677 = ORIENTED_EDGE('',*,*,#5636,.F.);
#5678 = ORIENTED_EDGE('',*,*,#5679,.F.);
#5679 = EDGE_CURVE('',#5680,#5637,#5682,.T.);
#5680 = VERTEX_POINT('',#5681);
#5681 = CARTESIAN_POINT('',(12.739725119875,32.061650049086,10.));
#5682 = LINE('',#5683,#5684);
#5683 = CARTESIAN_POINT('',(12.615583381638,31.761945380978,10.));
#5684 = VECTOR('',#5685,1.);
#5685 = DIRECTION('',(0.382683432365,0.923879532511,0.));
#5686 = ORIENTED_EDGE('',*,*,#5687,.F.);
#5687 = EDGE_CURVE('',#5662,#5680,#5688,.T.);
#5688 = LINE('',#5689,#5690);
#5689 = CARTESIAN_POINT('',(12.739725119875,32.061650049086,10.));
#5690 = VECTOR('',#5691,1.);
#5691 = DIRECTION('',(0.,0.,-1.));
#5692 = PLANE('',#5693);
#5693 = AXIS2_PLACEMENT_3D('',#5694,#5695,#5696);
#5694 = CARTESIAN_POINT('',(12.615583381638,31.761945380978,10.));
#5695 = DIRECTION('',(-0.923879532511,0.382683432365,0.));
#5696 = DIRECTION('',(0.382683432365,0.923879532511,0.));
#5697 = ADVANCED_FACE('',(#5698),#5716,.F.);
#5698 = FACE_BOUND('',#5699,.F.);
#5699 = EDGE_LOOP('',(#5700,#5708,#5714,#5715));
#5700 = ORIENTED_EDGE('',*,*,#5701,.T.);
#5701 = EDGE_CURVE('',#5664,#5702,#5704,.T.);
#5702 = VERTEX_POINT('',#5703);
#5703 = CARTESIAN_POINT('',(13.539462914149,31.379261948613,12.));
#5704 = LINE('',#5705,#5706);
#5705 = CARTESIAN_POINT('',(13.308257903681,31.475030199637,12.));
#5706 = VECTOR('',#5707,1.);
#5707 = DIRECTION('',(0.923879532511,-0.382683432365,0.));
#5708 = ORIENTED_EDGE('',*,*,#5709,.T.);
#5709 = EDGE_CURVE('',#5702,#3723,#5710,.T.);
#5710 = LINE('',#5711,#5712);
#5711 = CARTESIAN_POINT('',(13.539462914149,31.379261948613,10.));
#5712 = VECTOR('',#5713,1.);
#5713 = DIRECTION('',(0.,0.,1.));
#5714 = ORIENTED_EDGE('',*,*,#3745,.T.);
#5715 = ORIENTED_EDGE('',*,*,#5671,.F.);
#5716 = PLANE('',#5717);
#5717 = AXIS2_PLACEMENT_3D('',#5718,#5719,#5720);
#5718 = CARTESIAN_POINT('',(13.539462914149,31.379261948613,10.));
#5719 = DIRECTION('',(-0.382683432365,-0.923879532511,0.));
#5720 = DIRECTION('',(-0.923879532511,0.382683432365,0.));
#5721 = ADVANCED_FACE('',(#5722),#5757,.F.);
#5722 = FACE_BOUND('',#5723,.F.);
#5723 = EDGE_LOOP('',(#5724,#5734,#5741,#5742,#5743,#5751));
#5724 = ORIENTED_EDGE('',*,*,#5725,.F.);
#5725 = EDGE_CURVE('',#5726,#5728,#5730,.T.);
#5726 = VERTEX_POINT('',#5727);
#5727 = CARTESIAN_POINT('',(13.95064114549,32.371934011266,10.));
#5728 = VERTEX_POINT('',#5729);
#5729 = CARTESIAN_POINT('',(13.663599005826,31.678952984718,10.));
#5730 = LINE('',#5731,#5732);
#5731 = CARTESIAN_POINT('',(14.113488062697,32.76508124738,10.));
#5732 = VECTOR('',#5733,1.);
#5733 = DIRECTION('',(-0.382683432365,-0.923879532511,0.));
#5734 = ORIENTED_EDGE('',*,*,#5735,.F.);
#5735 = EDGE_CURVE('',#3714,#5726,#5736,.T.);
#5736 = HYPERBOLA('',#5737,3.561306584381,0.500509);
#5737 = AXIS2_PLACEMENT_3D('',#5738,#5739,#5740);
#5738 = CARTESIAN_POINT('',(0.462410020938,-0.19153650205,
    260.81678271404));
#5739 = DIRECTION('',(0.923879532511,-0.382683432365,0.));
#5740 = DIRECTION('',(0.,0.,-1.));
#5741 = ORIENTED_EDGE('',*,*,#3722,.T.);
#5742 = ORIENTED_EDGE('',*,*,#5709,.F.);
#5743 = ORIENTED_EDGE('',*,*,#5744,.T.);
#5744 = EDGE_CURVE('',#5702,#5745,#5747,.T.);
#5745 = VERTEX_POINT('',#5746);
#5746 = CARTESIAN_POINT('',(13.663599005826,31.678952984718,12.));
#5747 = LINE('',#5748,#5749);
#5748 = CARTESIAN_POINT('',(7.287949041817,16.286772372665,12.));
#5749 = VECTOR('',#5750,1.);
#5750 = DIRECTION('',(0.382683432365,0.923879532511,0.));
#5751 = ORIENTED_EDGE('',*,*,#5752,.T.);
#5752 = EDGE_CURVE('',#5745,#5728,#5753,.T.);
#5753 = LINE('',#5754,#5755);
#5754 = CARTESIAN_POINT('',(13.663599005826,31.678952984718,10.));
#5755 = VECTOR('',#5756,1.);
#5756 = DIRECTION('',(0.,0.,-1.));
#5757 = PLANE('',#5758);
#5758 = AXIS2_PLACEMENT_3D('',#5759,#5760,#5761);
#5759 = CARTESIAN_POINT('',(14.113488062697,32.76508124738,10.));
#5760 = DIRECTION('',(0.923879532511,-0.382683432365,0.));
#5761 = DIRECTION('',(-0.382683432365,-0.923879532511,0.));
#5762 = ADVANCED_FACE('',(#5763),#5783,.T.);
#5763 = FACE_BOUND('',#5764,.T.);
#5764 = EDGE_LOOP('',(#5765,#5766,#5775,#5782));
#5765 = ORIENTED_EDGE('',*,*,#3713,.F.);
#5766 = ORIENTED_EDGE('',*,*,#5767,.F.);
#5767 = EDGE_CURVE('',#5768,#3691,#5770,.T.);
#5768 = VERTEX_POINT('',#5769);
#5769 = CARTESIAN_POINT('',(24.569818069717,25.276205016201,10.));
#5770 = HYPERBOLA('',#5771,3.554063138003,0.499491);
#5771 = AXIS2_PLACEMENT_3D('',#5772,#5773,#5774);
#5772 = CARTESIAN_POINT('',(-0.353193473242,0.353193473242,
    260.81678271404));
#5773 = DIRECTION('',(-0.707106781187,0.707106781187,0.));
#5774 = DIRECTION('',(0.,0.,-1.));
#5775 = ORIENTED_EDGE('',*,*,#5776,.T.);
#5776 = EDGE_CURVE('',#5768,#5726,#5777,.T.);
#5777 = CIRCLE('',#5778,35.25);
#5778 = AXIS2_PLACEMENT_3D('',#5779,#5780,#5781);
#5779 = CARTESIAN_POINT('',(0.,0.,10.));
#5780 = DIRECTION('',(0.,0.,1.));
#5781 = DIRECTION('',(1.,0.,0.));
#5782 = ORIENTED_EDGE('',*,*,#5735,.F.);
#5783 = CONICAL_SURFACE('',#5784,35.25,0.13962634016);
#5784 = AXIS2_PLACEMENT_3D('',#5785,#5786,#5787);
#5785 = CARTESIAN_POINT('',(0.,0.,10.));
#5786 = DIRECTION('',(-0.,-0.,-1.));
#5787 = DIRECTION('',(1.,0.,0.));
#5788 = ADVANCED_FACE('',(#5789),#5823,.F.);
#5789 = FACE_BOUND('',#5790,.F.);
#5790 = EDGE_LOOP('',(#5791,#5801,#5807,#5808,#5809,#5817));
#5791 = ORIENTED_EDGE('',*,*,#5792,.T.);
#5792 = EDGE_CURVE('',#5793,#5795,#5797,.T.);
#5793 = VERTEX_POINT('',#5794);
#5794 = CARTESIAN_POINT('',(24.039433576145,24.745820522628,12.));
#5795 = VERTEX_POINT('',#5796);
#5796 = CARTESIAN_POINT('',(23.81004955397,24.516436500453,12.));
#5797 = LINE('',#5798,#5799);
#5798 = CARTESIAN_POINT('',(11.728428040364,12.434814986848,12.));
#5799 = VECTOR('',#5800,1.);
#5800 = DIRECTION('',(-0.707106781187,-0.707106781187,0.));
#5801 = ORIENTED_EDGE('',*,*,#5802,.T.);
#5802 = EDGE_CURVE('',#5795,#3678,#5803,.T.);
#5803 = LINE('',#5804,#5805);
#5804 = CARTESIAN_POINT('',(23.81004955397,24.516436500453,10.));
#5805 = VECTOR('',#5806,1.);
#5806 = DIRECTION('',(0.,0.,1.));
#5807 = ORIENTED_EDGE('',*,*,#3690,.F.);
#5808 = ORIENTED_EDGE('',*,*,#5767,.F.);
#5809 = ORIENTED_EDGE('',*,*,#5810,.F.);
#5810 = EDGE_CURVE('',#5811,#5768,#5813,.T.);
#5811 = VERTEX_POINT('',#5812);
#5812 = CARTESIAN_POINT('',(24.039433576144,24.745820522629,10.));
#5813 = LINE('',#5814,#5815);
#5814 = CARTESIAN_POINT('',(23.81004955397,24.516436500453,10.));
#5815 = VECTOR('',#5816,1.);
#5816 = DIRECTION('',(0.707106781187,0.707106781187,0.));
#5817 = ORIENTED_EDGE('',*,*,#5818,.F.);
#5818 = EDGE_CURVE('',#5793,#5811,#5819,.T.);
#5819 = LINE('',#5820,#5821);
#5820 = CARTESIAN_POINT('',(24.039433576145,24.745820522628,10.));
#5821 = VECTOR('',#5822,1.);
#5822 = DIRECTION('',(0.,0.,-1.));
#5823 = PLANE('',#5824);
#5824 = AXIS2_PLACEMENT_3D('',#5825,#5826,#5827);
#5825 = CARTESIAN_POINT('',(23.81004955397,24.516436500453,10.));
#5826 = DIRECTION('',(-0.707106781187,0.707106781187,0.));
#5827 = DIRECTION('',(0.707106781187,0.707106781187,0.));
#5828 = ADVANCED_FACE('',(#5829),#5847,.F.);
#5829 = FACE_BOUND('',#5830,.F.);
#5830 = EDGE_LOOP('',(#5831,#5839,#5845,#5846));
#5831 = ORIENTED_EDGE('',*,*,#5832,.T.);
#5832 = EDGE_CURVE('',#5795,#5833,#5835,.T.);
#5833 = VERTEX_POINT('',#5834);
#5834 = CARTESIAN_POINT('',(24.517156335157,23.809329719267,12.));
#5835 = LINE('',#5836,#5837);
#5836 = CARTESIAN_POINT('',(24.340199681184,23.986286373239,12.));
#5837 = VECTOR('',#5838,1.);
#5838 = DIRECTION('',(0.707106781187,-0.707106781187,0.));
#5839 = ORIENTED_EDGE('',*,*,#5840,.T.);
#5840 = EDGE_CURVE('',#5833,#3655,#5841,.T.);
#5841 = LINE('',#5842,#5843);
#5842 = CARTESIAN_POINT('',(24.517156335157,23.809329719267,10.));
#5843 = VECTOR('',#5844,1.);
#5844 = DIRECTION('',(0.,0.,1.));
#5845 = ORIENTED_EDGE('',*,*,#3677,.T.);
#5846 = ORIENTED_EDGE('',*,*,#5802,.F.);
#5847 = PLANE('',#5848);
#5848 = AXIS2_PLACEMENT_3D('',#5849,#5850,#5851);
#5849 = CARTESIAN_POINT('',(24.517156335157,23.809329719267,10.));
#5850 = DIRECTION('',(-0.707106781187,-0.707106781187,0.));
#5851 = DIRECTION('',(-0.707106781187,0.707106781187,0.));
#5852 = ADVANCED_FACE('',(#5853),#5888,.F.);
#5853 = FACE_BOUND('',#5854,.F.);
#5854 = EDGE_LOOP('',(#5855,#5865,#5872,#5873,#5874,#5882));
#5855 = ORIENTED_EDGE('',*,*,#5856,.F.);
#5856 = EDGE_CURVE('',#5857,#5859,#5861,.T.);
#5857 = VERTEX_POINT('',#5858);
#5858 = CARTESIAN_POINT('',(25.276914639455,24.569088023565,10.));
#5859 = VERTEX_POINT('',#5860);
#5860 = CARTESIAN_POINT('',(24.746529923848,24.03870330796,10.));
#5861 = LINE('',#5862,#5863);
#5862 = CARTESIAN_POINT('',(25.577816506936,24.869989891047,10.));
#5863 = VECTOR('',#5864,1.);
#5864 = DIRECTION('',(-0.707106781187,-0.707106781187,0.));
#5865 = ORIENTED_EDGE('',*,*,#5866,.F.);
#5866 = EDGE_CURVE('',#3646,#5857,#5867,.T.);
#5867 = HYPERBOLA('',#5868,3.561306584381,0.500509);
#5868 = AXIS2_PLACEMENT_3D('',#5869,#5870,#5871);
#5869 = CARTESIAN_POINT('',(0.353913307945,-0.353913307945,
    260.81678271404));
#5870 = DIRECTION('',(0.707106781187,-0.707106781187,0.));
#5871 = DIRECTION('',(0.,0.,-1.));
#5872 = ORIENTED_EDGE('',*,*,#3654,.T.);
#5873 = ORIENTED_EDGE('',*,*,#5840,.F.);
#5874 = ORIENTED_EDGE('',*,*,#5875,.T.);
#5875 = EDGE_CURVE('',#5833,#5876,#5878,.T.);
#5876 = VERTEX_POINT('',#5877);
#5877 = CARTESIAN_POINT('',(24.746529923849,24.038703307959,12.));
#5878 = LINE('',#5879,#5880);
#5879 = CARTESIAN_POINT('',(12.965864907441,12.258038291551,12.));
#5880 = VECTOR('',#5881,1.);
#5881 = DIRECTION('',(0.707106781187,0.707106781187,0.));
#5882 = ORIENTED_EDGE('',*,*,#5883,.T.);
#5883 = EDGE_CURVE('',#5876,#5859,#5884,.T.);
#5884 = LINE('',#5885,#5886);
#5885 = CARTESIAN_POINT('',(24.746529923849,24.038703307959,10.));
#5886 = VECTOR('',#5887,1.);
#5887 = DIRECTION('',(0.,0.,-1.));
#5888 = PLANE('',#5889);
#5889 = AXIS2_PLACEMENT_3D('',#5890,#5891,#5892);
#5890 = CARTESIAN_POINT('',(25.577816506936,24.869989891047,10.));
#5891 = DIRECTION('',(0.707106781187,-0.707106781187,0.));
#5892 = DIRECTION('',(-0.707106781187,-0.707106781187,0.));
#5893 = ADVANCED_FACE('',(#5894),#5914,.T.);
#5894 = FACE_BOUND('',#5895,.T.);
#5895 = EDGE_LOOP('',(#5896,#5897,#5906,#5913));
#5896 = ORIENTED_EDGE('',*,*,#3645,.F.);
#5897 = ORIENTED_EDGE('',*,*,#5898,.F.);
#5898 = EDGE_CURVE('',#5899,#3623,#5901,.T.);
#5899 = VERTEX_POINT('',#5900);
#5900 = CARTESIAN_POINT('',(32.372336924901,13.949706162522,10.));
#5901 = HYPERBOLA('',#5902,3.554063138003,0.499491);
#5902 = AXIS2_PLACEMENT_3D('',#5903,#5904,#5905);
#5903 = CARTESIAN_POINT('',(-0.191146930315,0.461469511574,
    260.81678271404));
#5904 = DIRECTION('',(-0.382683432365,0.923879532511,0.));
#5905 = DIRECTION('',(0.,0.,-1.));
#5906 = ORIENTED_EDGE('',*,*,#5907,.T.);
#5907 = EDGE_CURVE('',#5899,#5857,#5908,.T.);
#5908 = CIRCLE('',#5909,35.25);
#5909 = AXIS2_PLACEMENT_3D('',#5910,#5911,#5912);
#5910 = CARTESIAN_POINT('',(0.,0.,10.));
#5911 = DIRECTION('',(0.,0.,1.));
#5912 = DIRECTION('',(1.,0.,0.));
#5913 = ORIENTED_EDGE('',*,*,#5866,.F.);
#5914 = CONICAL_SURFACE('',#5915,35.25,0.13962634016);
#5915 = AXIS2_PLACEMENT_3D('',#5916,#5917,#5918);
#5916 = CARTESIAN_POINT('',(0.,0.,10.));
#5917 = DIRECTION('',(-0.,-0.,-1.));
#5918 = DIRECTION('',(1.,0.,0.));
#5919 = ADVANCED_FACE('',(#5920),#5954,.F.);
#5920 = FACE_BOUND('',#5921,.F.);
#5921 = EDGE_LOOP('',(#5922,#5932,#5938,#5939,#5940,#5948));
#5922 = ORIENTED_EDGE('',*,*,#5923,.T.);
#5923 = EDGE_CURVE('',#5924,#5926,#5928,.T.);
#5924 = VERTEX_POINT('',#5925);
#5925 = CARTESIAN_POINT('',(31.679356188455,13.662664143022,12.));
#5926 = VERTEX_POINT('',#5927);
#5927 = CARTESIAN_POINT('',(31.379651520347,13.538522404785,12.));
#5928 = LINE('',#5929,#5930);
#5929 = CARTESIAN_POINT('',(15.594252295016,6.999995958179,12.));
#5930 = VECTOR('',#5931,1.);
#5931 = DIRECTION('',(-0.923879532511,-0.382683432365,0.));
#5932 = ORIENTED_EDGE('',*,*,#5933,.T.);
#5933 = EDGE_CURVE('',#5926,#3610,#5934,.T.);
#5934 = LINE('',#5935,#5936);
#5935 = CARTESIAN_POINT('',(31.379651520347,13.538522404785,10.));
#5936 = VECTOR('',#5937,1.);
#5937 = DIRECTION('',(0.,0.,1.));
#5938 = ORIENTED_EDGE('',*,*,#3622,.F.);
#5939 = ORIENTED_EDGE('',*,*,#5898,.F.);
#5940 = ORIENTED_EDGE('',*,*,#5941,.F.);
#5941 = EDGE_CURVE('',#5942,#5899,#5944,.T.);
#5942 = VERTEX_POINT('',#5943);
#5943 = CARTESIAN_POINT('',(31.679356188455,13.662664143022,10.));
#5944 = LINE('',#5945,#5946);
#5945 = CARTESIAN_POINT('',(31.379651520347,13.538522404785,10.));
#5946 = VECTOR('',#5947,1.);
#5947 = DIRECTION('',(0.923879532511,0.382683432365,0.));
#5948 = ORIENTED_EDGE('',*,*,#5949,.F.);
#5949 = EDGE_CURVE('',#5924,#5942,#5950,.T.);
#5950 = LINE('',#5951,#5952);
#5951 = CARTESIAN_POINT('',(31.679356188455,13.662664143022,10.));
#5952 = VECTOR('',#5953,1.);
#5953 = DIRECTION('',(0.,0.,-1.));
#5954 = PLANE('',#5955);
#5955 = AXIS2_PLACEMENT_3D('',#5956,#5957,#5958);
#5956 = CARTESIAN_POINT('',(31.379651520347,13.538522404785,10.));
#5957 = DIRECTION('',(-0.382683432365,0.923879532511,0.));
#5958 = DIRECTION('',(0.923879532511,0.382683432365,0.));
#5959 = ADVANCED_FACE('',(#5960),#5971,.F.);
#5960 = FACE_BOUND('',#5961,.F.);
#5961 = EDGE_LOOP('',(#5962,#5968,#5969,#5970));
#5962 = ORIENTED_EDGE('',*,*,#5963,.T.);
#5963 = EDGE_CURVE('',#5926,#4387,#5964,.T.);
#5964 = LINE('',#5965,#5966);
#5965 = CARTESIAN_POINT('',(31.666566701687,12.845847882743,12.));
#5966 = VECTOR('',#5967,1.);
#5967 = DIRECTION('',(0.382683432365,-0.923879532511,0.));
#5968 = ORIENTED_EDGE('',*,*,#4386,.T.);
#5969 = ORIENTED_EDGE('',*,*,#3609,.T.);
#5970 = ORIENTED_EDGE('',*,*,#5933,.F.);
#5971 = PLANE('',#5972);
#5972 = AXIS2_PLACEMENT_3D('',#5973,#5974,#5975);
#5973 = CARTESIAN_POINT('',(31.762334952712,12.614642872274,10.));
#5974 = DIRECTION('',(-0.923879532511,-0.382683432365,0.));
#5975 = DIRECTION('',(-0.382683432365,0.923879532511,0.));
#5976 = ADVANCED_FACE('',(#5977),#5996,.F.);
#5977 = FACE_BOUND('',#5978,.F.);
#5978 = EDGE_LOOP('',(#5979,#5987,#5993,#5994,#5995));
#5979 = ORIENTED_EDGE('',*,*,#5980,.T.);
#5980 = EDGE_CURVE('',#4444,#5981,#5983,.T.);
#5981 = VERTEX_POINT('',#5982);
#5982 = CARTESIAN_POINT('',(34.171986,-0.500509,12.));
#5983 = LINE('',#5984,#5985);
#5984 = CARTESIAN_POINT('',(34.171986,-0.2502545,12.));
#5985 = VECTOR('',#5986,1.);
#5986 = DIRECTION('',(2.2E-16,-1.,0.));
#5987 = ORIENTED_EDGE('',*,*,#5988,.T.);
#5988 = EDGE_CURVE('',#5981,#3505,#5989,.T.);
#5989 = LINE('',#5990,#5991);
#5990 = CARTESIAN_POINT('',(34.171986,-0.500509,10.));
#5991 = VECTOR('',#5992,1.);
#5992 = DIRECTION('',(0.,0.,1.));
#5993 = ORIENTED_EDGE('',*,*,#3527,.T.);
#5994 = ORIENTED_EDGE('',*,*,#3554,.F.);
#5995 = ORIENTED_EDGE('',*,*,#4451,.F.);
#5996 = PLANE('',#5997);
#5997 = AXIS2_PLACEMENT_3D('',#5998,#5999,#6000);
#5998 = CARTESIAN_POINT('',(34.171986,-0.500509,10.));
#5999 = DIRECTION('',(-1.,0.,0.));
#6000 = DIRECTION('',(0.,1.,0.));
#6001 = ADVANCED_FACE('',(#6002,#6005,#6016),#6086,.T.);
#6002 = FACE_BOUND('',#6003,.T.);
#6003 = EDGE_LOOP('',(#6004));
#6004 = ORIENTED_EDGE('',*,*,#3546,.T.);
#6005 = FACE_BOUND('',#6006,.T.);
#6006 = EDGE_LOOP('',(#6007));
#6007 = ORIENTED_EDGE('',*,*,#6008,.F.);
#6008 = EDGE_CURVE('',#6009,#6009,#6011,.T.);
#6009 = VERTEX_POINT('',#6010);
#6010 = CARTESIAN_POINT('',(22.8,0.,13.));
#6011 = CIRCLE('',#6012,22.8);
#6012 = AXIS2_PLACEMENT_3D('',#6013,#6014,#6015);
#6013 = CARTESIAN_POINT('',(0.,0.,13.));
#6014 = DIRECTION('',(0.,0.,1.));
#6015 = DIRECTION('',(1.,0.,0.));
#6016 = FACE_BOUND('',#6017,.T.);
#6017 = EDGE_LOOP('',(#6018,#6028,#6037,#6045,#6054,#6062,#6071,#6079));
#6018 = ORIENTED_EDGE('',*,*,#6019,.F.);
#6019 = EDGE_CURVE('',#6020,#6022,#6024,.T.);
#6020 = VERTEX_POINT('',#6021);
#6021 = CARTESIAN_POINT('',(24.5,4.,13.));
#6022 = VERTEX_POINT('',#6023);
#6023 = CARTESIAN_POINT('',(24.5,-4.,13.));
#6024 = LINE('',#6025,#6026);
#6025 = CARTESIAN_POINT('',(24.5,4.,13.));
#6026 = VECTOR('',#6027,1.);
#6027 = DIRECTION('',(0.,-1.,0.));
#6028 = ORIENTED_EDGE('',*,*,#6029,.F.);
#6029 = EDGE_CURVE('',#6030,#6020,#6032,.T.);
#6030 = VERTEX_POINT('',#6031);
#6031 = CARTESIAN_POINT('',(26.5,6.,13.));
#6032 = CIRCLE('',#6033,2.);
#6033 = AXIS2_PLACEMENT_3D('',#6034,#6035,#6036);
#6034 = CARTESIAN_POINT('',(26.5,4.,13.));
#6035 = DIRECTION('',(0.,0.,1.));
#6036 = DIRECTION('',(1.,0.,0.));
#6037 = ORIENTED_EDGE('',*,*,#6038,.F.);
#6038 = EDGE_CURVE('',#6039,#6030,#6041,.T.);
#6039 = VERTEX_POINT('',#6040);
#6040 = CARTESIAN_POINT('',(31.5,6.,13.));
#6041 = LINE('',#6042,#6043);
#6042 = CARTESIAN_POINT('',(31.5,6.,13.));
#6043 = VECTOR('',#6044,1.);
#6044 = DIRECTION('',(-1.,0.,0.));
#6045 = ORIENTED_EDGE('',*,*,#6046,.F.);
#6046 = EDGE_CURVE('',#6047,#6039,#6049,.T.);
#6047 = VERTEX_POINT('',#6048);
#6048 = CARTESIAN_POINT('',(33.5,4.,13.));
#6049 = CIRCLE('',#6050,2.);
#6050 = AXIS2_PLACEMENT_3D('',#6051,#6052,#6053);
#6051 = CARTESIAN_POINT('',(31.5,4.,13.));
#6052 = DIRECTION('',(0.,0.,1.));
#6053 = DIRECTION('',(1.,0.,0.));
#6054 = ORIENTED_EDGE('',*,*,#6055,.F.);
#6055 = EDGE_CURVE('',#6056,#6047,#6058,.T.);
#6056 = VERTEX_POINT('',#6057);
#6057 = CARTESIAN_POINT('',(33.5,-4.,13.));
#6058 = LINE('',#6059,#6060);
#6059 = CARTESIAN_POINT('',(33.5,-4.,13.));
#6060 = VECTOR('',#6061,1.);
#6061 = DIRECTION('',(0.,1.,0.));
#6062 = ORIENTED_EDGE('',*,*,#6063,.F.);
#6063 = EDGE_CURVE('',#6064,#6056,#6066,.T.);
#6064 = VERTEX_POINT('',#6065);
#6065 = CARTESIAN_POINT('',(31.5,-6.,13.));
#6066 = CIRCLE('',#6067,2.);
#6067 = AXIS2_PLACEMENT_3D('',#6068,#6069,#6070);
#6068 = CARTESIAN_POINT('',(31.5,-4.,13.));
#6069 = DIRECTION('',(0.,0.,1.));
#6070 = DIRECTION('',(1.,0.,0.));
#6071 = ORIENTED_EDGE('',*,*,#6072,.F.);
#6072 = EDGE_CURVE('',#6073,#6064,#6075,.T.);
#6073 = VERTEX_POINT('',#6074);
#6074 = CARTESIAN_POINT('',(26.5,-6.,13.));
#6075 = LINE('',#6076,#6077);
#6076 = CARTESIAN_POINT('',(26.5,-6.,13.));
#6077 = VECTOR('',#6078,1.);
#6078 = DIRECTION('',(1.,0.,0.));
#6079 = ORIENTED_EDGE('',*,*,#6080,.F.);
#6080 = EDGE_CURVE('',#6022,#6073,#6081,.T.);
#6081 = CIRCLE('',#6082,2.);
#6082 = AXIS2_PLACEMENT_3D('',#6083,#6084,#6085);
#6083 = CARTESIAN_POINT('',(26.5,-4.,13.));
#6084 = DIRECTION('',(0.,0.,1.));
#6085 = DIRECTION('',(1.,0.,0.));
#6086 = PLANE('',#6087);
#6087 = AXIS2_PLACEMENT_3D('',#6088,#6089,#6090);
#6088 = CARTESIAN_POINT('',(0.,0.,13.));
#6089 = DIRECTION('',(0.,0.,1.));
#6090 = DIRECTION('',(1.,0.,0.));
#6091 = ADVANCED_FACE('',(#6092),#6127,.F.);
#6092 = FACE_BOUND('',#6093,.F.);
#6093 = EDGE_LOOP('',(#6094,#6104,#6111,#6112,#6113,#6121));
#6094 = ORIENTED_EDGE('',*,*,#6095,.F.);
#6095 = EDGE_CURVE('',#6096,#6098,#6100,.T.);
#6096 = VERTEX_POINT('',#6097);
#6097 = CARTESIAN_POINT('',(35.246446498064,-0.500508999999,10.));
#6098 = VERTEX_POINT('',#6099);
#6099 = CARTESIAN_POINT('',(34.496369239978,-0.500508999999,10.));
#6100 = LINE('',#6101,#6102);
#6101 = CARTESIAN_POINT('',(35.671986,-0.500509,10.));
#6102 = VECTOR('',#6103,1.);
#6103 = DIRECTION('',(-1.,0.,0.));
#6104 = ORIENTED_EDGE('',*,*,#6105,.F.);
#6105 = EDGE_CURVE('',#3496,#6096,#6106,.T.);
#6106 = HYPERBOLA('',#6107,3.561306584381,0.500509);
#6107 = AXIS2_PLACEMENT_3D('',#6108,#6109,#6110);
#6108 = CARTESIAN_POINT('',(1.1E-16,-0.500509,260.81678271404));
#6109 = DIRECTION('',(2.2E-16,-1.,0.));
#6110 = DIRECTION('',(0.,0.,-1.));
#6111 = ORIENTED_EDGE('',*,*,#3504,.T.);
#6112 = ORIENTED_EDGE('',*,*,#5988,.F.);
#6113 = ORIENTED_EDGE('',*,*,#6114,.T.);
#6114 = EDGE_CURVE('',#5981,#6115,#6117,.T.);
#6115 = VERTEX_POINT('',#6116);
#6116 = CARTESIAN_POINT('',(34.496369239978,-0.500509,12.));
#6117 = LINE('',#6118,#6119);
#6118 = CARTESIAN_POINT('',(17.835993,-0.500509,12.));
#6119 = VECTOR('',#6120,1.);
#6120 = DIRECTION('',(1.,2.2E-16,0.));
#6121 = ORIENTED_EDGE('',*,*,#6122,.T.);
#6122 = EDGE_CURVE('',#6115,#6098,#6123,.T.);
#6123 = LINE('',#6124,#6125);
#6124 = CARTESIAN_POINT('',(34.496369239978,-0.500509,10.));
#6125 = VECTOR('',#6126,1.);
#6126 = DIRECTION('',(0.,0.,-1.));
#6127 = PLANE('',#6128);
#6128 = AXIS2_PLACEMENT_3D('',#6129,#6130,#6131);
#6129 = CARTESIAN_POINT('',(35.671986,-0.500509,10.));
#6130 = DIRECTION('',(0.,-1.,0.));
#6131 = DIRECTION('',(-1.,0.,0.));
#6132 = ADVANCED_FACE('',(#6133),#6153,.T.);
#6133 = FACE_BOUND('',#6134,.T.);
#6134 = EDGE_LOOP('',(#6135,#6144,#6145,#6146));
#6135 = ORIENTED_EDGE('',*,*,#6136,.T.);
#6136 = EDGE_CURVE('',#6137,#6096,#6139,.T.);
#6137 = VERTEX_POINT('',#6138);
#6138 = CARTESIAN_POINT('',(32.754630785532,-13.02676713937,10.));
#6139 = CIRCLE('',#6140,35.25);
#6140 = AXIS2_PLACEMENT_3D('',#6141,#6142,#6143);
#6141 = CARTESIAN_POINT('',(0.,0.,10.));
#6142 = DIRECTION('',(0.,0.,1.));
#6143 = DIRECTION('',(1.,0.,0.));
#6144 = ORIENTED_EDGE('',*,*,#6105,.F.);
#6145 = ORIENTED_EDGE('',*,*,#3495,.F.);
#6146 = ORIENTED_EDGE('',*,*,#6147,.F.);
#6147 = EDGE_CURVE('',#6137,#3473,#6148,.T.);
#6148 = HYPERBOLA('',#6149,3.554063138003,0.499491);
#6149 = AXIS2_PLACEMENT_3D('',#6150,#6151,#6152);
#6150 = CARTESIAN_POINT('',(0.191146930315,0.461469511574,
    260.81678271404));
#6151 = DIRECTION('',(0.382683432365,0.923879532511,0.));
#6152 = DIRECTION('',(0.,0.,-1.));
#6153 = CONICAL_SURFACE('',#6154,35.25,0.13962634016);
#6154 = AXIS2_PLACEMENT_3D('',#6155,#6156,#6157);
#6155 = CARTESIAN_POINT('',(0.,0.,10.));
#6156 = DIRECTION('',(-0.,-0.,-1.));
#6157 = DIRECTION('',(1.,0.,0.));
#6158 = ADVANCED_FACE('',(#6159),#6193,.F.);
#6159 = FACE_BOUND('',#6160,.F.);
#6160 = EDGE_LOOP('',(#6161,#6171,#6177,#6178,#6179,#6187));
#6161 = ORIENTED_EDGE('',*,*,#6162,.T.);
#6162 = EDGE_CURVE('',#6163,#6165,#6167,.T.);
#6163 = VERTEX_POINT('',#6164);
#6164 = CARTESIAN_POINT('',(32.061650049086,-12.73972511987,12.));
#6165 = VERTEX_POINT('',#6166);
#6166 = CARTESIAN_POINT('',(31.761945380978,-12.61558338163,12.));
#6167 = LINE('',#6168,#6169);
#6168 = CARTESIAN_POINT('',(15.976546155647,-6.077056935032,12.));
#6169 = VECTOR('',#6170,1.);
#6170 = DIRECTION('',(-0.923879532511,0.382683432365,0.));
#6171 = ORIENTED_EDGE('',*,*,#6172,.T.);
#6172 = EDGE_CURVE('',#6165,#3460,#6173,.T.);
#6173 = LINE('',#6174,#6175);
#6174 = CARTESIAN_POINT('',(31.761945380978,-12.61558338163,10.));
#6175 = VECTOR('',#6176,1.);
#6176 = DIRECTION('',(0.,0.,1.));
#6177 = ORIENTED_EDGE('',*,*,#3472,.F.);
#6178 = ORIENTED_EDGE('',*,*,#6147,.F.);
#6179 = ORIENTED_EDGE('',*,*,#6180,.F.);
#6180 = EDGE_CURVE('',#6181,#6137,#6183,.T.);
#6181 = VERTEX_POINT('',#6182);
#6182 = CARTESIAN_POINT('',(32.061650049086,-12.73972511987,10.));
#6183 = LINE('',#6184,#6185);
#6184 = CARTESIAN_POINT('',(31.761945380978,-12.61558338163,10.));
#6185 = VECTOR('',#6186,1.);
#6186 = DIRECTION('',(0.923879532511,-0.382683432365,0.));
#6187 = ORIENTED_EDGE('',*,*,#6188,.F.);
#6188 = EDGE_CURVE('',#6163,#6181,#6189,.T.);
#6189 = LINE('',#6190,#6191);
#6190 = CARTESIAN_POINT('',(32.061650049086,-12.73972511987,10.));
#6191 = VECTOR('',#6192,1.);
#6192 = DIRECTION('',(0.,0.,-1.));
#6193 = PLANE('',#6194);
#6194 = AXIS2_PLACEMENT_3D('',#6195,#6196,#6197);
#6195 = CARTESIAN_POINT('',(31.761945380978,-12.61558338163,10.));
#6196 = DIRECTION('',(0.382683432365,0.923879532511,0.));
#6197 = DIRECTION('',(0.923879532511,-0.382683432365,0.));
#6198 = ADVANCED_FACE('',(#6199),#6217,.F.);
#6199 = FACE_BOUND('',#6200,.F.);
#6200 = EDGE_LOOP('',(#6201,#6209,#6215,#6216));
#6201 = ORIENTED_EDGE('',*,*,#6202,.T.);
#6202 = EDGE_CURVE('',#6165,#6203,#6205,.T.);
#6203 = VERTEX_POINT('',#6204);
#6204 = CARTESIAN_POINT('',(31.379261948613,-13.53946291414,12.));
#6205 = LINE('',#6206,#6207);
#6206 = CARTESIAN_POINT('',(31.475030199637,-13.30825790368,12.));
#6207 = VECTOR('',#6208,1.);
#6208 = DIRECTION('',(-0.382683432365,-0.923879532511,0.));
#6209 = ORIENTED_EDGE('',*,*,#6210,.T.);
#6210 = EDGE_CURVE('',#6203,#3437,#6211,.T.);
#6211 = LINE('',#6212,#6213);
#6212 = CARTESIAN_POINT('',(31.379261948613,-13.53946291414,10.));
#6213 = VECTOR('',#6214,1.);
#6214 = DIRECTION('',(0.,0.,1.));
#6215 = ORIENTED_EDGE('',*,*,#3459,.T.);
#6216 = ORIENTED_EDGE('',*,*,#6172,.F.);
#6217 = PLANE('',#6218);
#6218 = AXIS2_PLACEMENT_3D('',#6219,#6220,#6221);
#6219 = CARTESIAN_POINT('',(31.379261948613,-13.53946291414,10.));
#6220 = DIRECTION('',(-0.923879532511,0.382683432365,0.));
#6221 = DIRECTION('',(0.382683432365,0.923879532511,0.));
#6222 = ADVANCED_FACE('',(#6223),#6258,.F.);
#6223 = FACE_BOUND('',#6224,.F.);
#6224 = EDGE_LOOP('',(#6225,#6235,#6242,#6243,#6244,#6252));
#6225 = ORIENTED_EDGE('',*,*,#6226,.F.);
#6226 = EDGE_CURVE('',#6227,#6229,#6231,.T.);
#6227 = VERTEX_POINT('',#6228);
#6228 = CARTESIAN_POINT('',(32.371934011266,-13.95064114549,10.));
#6229 = VERTEX_POINT('',#6230);
#6230 = CARTESIAN_POINT('',(31.678952984718,-13.66359900582,10.));
#6231 = LINE('',#6232,#6233);
#6232 = CARTESIAN_POINT('',(32.76508124738,-14.11348806269,10.));
#6233 = VECTOR('',#6234,1.);
#6234 = DIRECTION('',(-0.923879532511,0.382683432365,0.));
#6235 = ORIENTED_EDGE('',*,*,#6236,.F.);
#6236 = EDGE_CURVE('',#3428,#6227,#6237,.T.);
#6237 = HYPERBOLA('',#6238,3.561306584381,0.500509);
#6238 = AXIS2_PLACEMENT_3D('',#6239,#6240,#6241);
#6239 = CARTESIAN_POINT('',(-0.19153650205,-0.462410020938,
    260.81678271404));
#6240 = DIRECTION('',(-0.382683432365,-0.923879532511,-0.));
#6241 = DIRECTION('',(0.,0.,-1.));
#6242 = ORIENTED_EDGE('',*,*,#3436,.T.);
#6243 = ORIENTED_EDGE('',*,*,#6210,.F.);
#6244 = ORIENTED_EDGE('',*,*,#6245,.T.);
#6245 = EDGE_CURVE('',#6203,#6246,#6248,.T.);
#6246 = VERTEX_POINT('',#6247);
#6247 = CARTESIAN_POINT('',(31.678952984718,-13.66359900582,12.));
#6248 = LINE('',#6249,#6250);
#6249 = CARTESIAN_POINT('',(16.286772372665,-7.287949041817,12.));
#6250 = VECTOR('',#6251,1.);
#6251 = DIRECTION('',(0.923879532511,-0.382683432365,0.));
#6252 = ORIENTED_EDGE('',*,*,#6253,.T.);
#6253 = EDGE_CURVE('',#6246,#6229,#6254,.T.);
#6254 = LINE('',#6255,#6256);
#6255 = CARTESIAN_POINT('',(31.678952984718,-13.66359900582,10.));
#6256 = VECTOR('',#6257,1.);
#6257 = DIRECTION('',(0.,0.,-1.));
#6258 = PLANE('',#6259);
#6259 = AXIS2_PLACEMENT_3D('',#6260,#6261,#6262);
#6260 = CARTESIAN_POINT('',(32.76508124738,-14.11348806269,10.));
#6261 = DIRECTION('',(-0.382683432365,-0.923879532511,0.));
#6262 = DIRECTION('',(-0.923879532511,0.382683432365,0.));
#6263 = ADVANCED_FACE('',(#6264),#6284,.T.);
#6264 = FACE_BOUND('',#6265,.T.);
#6265 = EDGE_LOOP('',(#6266,#6275,#6276,#6277));
#6266 = ORIENTED_EDGE('',*,*,#6267,.T.);
#6267 = EDGE_CURVE('',#6268,#6227,#6270,.T.);
#6268 = VERTEX_POINT('',#6269);
#6269 = CARTESIAN_POINT('',(25.276205016201,-24.56981806971,10.));
#6270 = CIRCLE('',#6271,35.25);
#6271 = AXIS2_PLACEMENT_3D('',#6272,#6273,#6274);
#6272 = CARTESIAN_POINT('',(0.,0.,10.));
#6273 = DIRECTION('',(0.,0.,1.));
#6274 = DIRECTION('',(1.,0.,0.));
#6275 = ORIENTED_EDGE('',*,*,#6236,.F.);
#6276 = ORIENTED_EDGE('',*,*,#3427,.F.);
#6277 = ORIENTED_EDGE('',*,*,#6278,.F.);
#6278 = EDGE_CURVE('',#6268,#3405,#6279,.T.);
#6279 = HYPERBOLA('',#6280,3.554063138003,0.499491);
#6280 = AXIS2_PLACEMENT_3D('',#6281,#6282,#6283);
#6281 = CARTESIAN_POINT('',(0.353193473242,0.353193473242,
    260.81678271404));
#6282 = DIRECTION('',(0.707106781187,0.707106781187,0.));
#6283 = DIRECTION('',(0.,0.,-1.));
#6284 = CONICAL_SURFACE('',#6285,35.25,0.13962634016);
#6285 = AXIS2_PLACEMENT_3D('',#6286,#6287,#6288);
#6286 = CARTESIAN_POINT('',(0.,0.,10.));
#6287 = DIRECTION('',(-0.,-0.,-1.));
#6288 = DIRECTION('',(1.,0.,0.));
#6289 = ADVANCED_FACE('',(#6290),#6324,.F.);
#6290 = FACE_BOUND('',#6291,.F.);
#6291 = EDGE_LOOP('',(#6292,#6302,#6308,#6309,#6310,#6318));
#6292 = ORIENTED_EDGE('',*,*,#6293,.T.);
#6293 = EDGE_CURVE('',#6294,#6296,#6298,.T.);
#6294 = VERTEX_POINT('',#6295);
#6295 = CARTESIAN_POINT('',(24.745820522628,-24.03943357614,12.));
#6296 = VERTEX_POINT('',#6297);
#6297 = CARTESIAN_POINT('',(24.516436500453,-23.81004955397,12.));
#6298 = LINE('',#6299,#6300);
#6299 = CARTESIAN_POINT('',(12.434814986848,-11.72842804036,12.));
#6300 = VECTOR('',#6301,1.);
#6301 = DIRECTION('',(-0.707106781187,0.707106781187,0.));
#6302 = ORIENTED_EDGE('',*,*,#6303,.T.);
#6303 = EDGE_CURVE('',#6296,#3392,#6304,.T.);
#6304 = LINE('',#6305,#6306);
#6305 = CARTESIAN_POINT('',(24.516436500453,-23.81004955397,10.));
#6306 = VECTOR('',#6307,1.);
#6307 = DIRECTION('',(0.,0.,1.));
#6308 = ORIENTED_EDGE('',*,*,#3404,.F.);
#6309 = ORIENTED_EDGE('',*,*,#6278,.F.);
#6310 = ORIENTED_EDGE('',*,*,#6311,.F.);
#6311 = EDGE_CURVE('',#6312,#6268,#6314,.T.);
#6312 = VERTEX_POINT('',#6313);
#6313 = CARTESIAN_POINT('',(24.745820522628,-24.03943357614,10.));
#6314 = LINE('',#6315,#6316);
#6315 = CARTESIAN_POINT('',(24.516436500453,-23.81004955397,10.));
#6316 = VECTOR('',#6317,1.);
#6317 = DIRECTION('',(0.707106781187,-0.707106781187,0.));
#6318 = ORIENTED_EDGE('',*,*,#6319,.F.);
#6319 = EDGE_CURVE('',#6294,#6312,#6320,.T.);
#6320 = LINE('',#6321,#6322);
#6321 = CARTESIAN_POINT('',(24.745820522628,-24.03943357614,10.));
#6322 = VECTOR('',#6323,1.);
#6323 = DIRECTION('',(0.,0.,-1.));
#6324 = PLANE('',#6325);
#6325 = AXIS2_PLACEMENT_3D('',#6326,#6327,#6328);
#6326 = CARTESIAN_POINT('',(24.516436500453,-23.81004955397,10.));
#6327 = DIRECTION('',(0.707106781187,0.707106781187,0.));
#6328 = DIRECTION('',(0.707106781187,-0.707106781187,0.));
#6329 = ADVANCED_FACE('',(#6330),#6348,.F.);
#6330 = FACE_BOUND('',#6331,.F.);
#6331 = EDGE_LOOP('',(#6332,#6340,#6346,#6347));
#6332 = ORIENTED_EDGE('',*,*,#6333,.T.);
#6333 = EDGE_CURVE('',#6296,#6334,#6336,.T.);
#6334 = VERTEX_POINT('',#6335);
#6335 = CARTESIAN_POINT('',(23.809329719267,-24.51715633515,12.));
#6336 = LINE('',#6337,#6338);
#6337 = CARTESIAN_POINT('',(23.986286373239,-24.34019968118,12.));
#6338 = VECTOR('',#6339,1.);
#6339 = DIRECTION('',(-0.707106781187,-0.707106781187,0.));
#6340 = ORIENTED_EDGE('',*,*,#6341,.T.);
#6341 = EDGE_CURVE('',#6334,#3369,#6342,.T.);
#6342 = LINE('',#6343,#6344);
#6343 = CARTESIAN_POINT('',(23.809329719267,-24.51715633515,10.));
#6344 = VECTOR('',#6345,1.);
#6345 = DIRECTION('',(0.,0.,1.));
#6346 = ORIENTED_EDGE('',*,*,#3391,.T.);
#6347 = ORIENTED_EDGE('',*,*,#6303,.F.);
#6348 = PLANE('',#6349);
#6349 = AXIS2_PLACEMENT_3D('',#6350,#6351,#6352);
#6350 = CARTESIAN_POINT('',(23.809329719267,-24.51715633515,10.));
#6351 = DIRECTION('',(-0.707106781187,0.707106781187,0.));
#6352 = DIRECTION('',(0.707106781187,0.707106781187,0.));
#6353 = ADVANCED_FACE('',(#6354),#6389,.F.);
#6354 = FACE_BOUND('',#6355,.F.);
#6355 = EDGE_LOOP('',(#6356,#6366,#6373,#6374,#6375,#6383));
#6356 = ORIENTED_EDGE('',*,*,#6357,.F.);
#6357 = EDGE_CURVE('',#6358,#6360,#6362,.T.);
#6358 = VERTEX_POINT('',#6359);
#6359 = CARTESIAN_POINT('',(24.569088023565,-25.27691463945,10.));
#6360 = VERTEX_POINT('',#6361);
#6361 = CARTESIAN_POINT('',(24.03870330796,-24.74652992384,10.));
#6362 = LINE('',#6363,#6364);
#6363 = CARTESIAN_POINT('',(24.869989891047,-25.57781650693,10.));
#6364 = VECTOR('',#6365,1.);
#6365 = DIRECTION('',(-0.707106781187,0.707106781187,0.));
#6366 = ORIENTED_EDGE('',*,*,#6367,.F.);
#6367 = EDGE_CURVE('',#3360,#6358,#6368,.T.);
#6368 = HYPERBOLA('',#6369,3.561306584381,0.500509);
#6369 = AXIS2_PLACEMENT_3D('',#6370,#6371,#6372);
#6370 = CARTESIAN_POINT('',(-0.353913307945,-0.353913307945,
    260.81678271404));
#6371 = DIRECTION('',(-0.707106781187,-0.707106781187,-0.));
#6372 = DIRECTION('',(0.,0.,-1.));
#6373 = ORIENTED_EDGE('',*,*,#3368,.T.);
#6374 = ORIENTED_EDGE('',*,*,#6341,.F.);
#6375 = ORIENTED_EDGE('',*,*,#6376,.T.);
#6376 = EDGE_CURVE('',#6334,#6377,#6379,.T.);
#6377 = VERTEX_POINT('',#6378);
#6378 = CARTESIAN_POINT('',(24.038703307959,-24.74652992384,12.));
#6379 = LINE('',#6380,#6381);
#6380 = CARTESIAN_POINT('',(12.258038291551,-12.96586490744,12.));
#6381 = VECTOR('',#6382,1.);
#6382 = DIRECTION('',(0.707106781187,-0.707106781187,0.));
#6383 = ORIENTED_EDGE('',*,*,#6384,.T.);
#6384 = EDGE_CURVE('',#6377,#6360,#6385,.T.);
#6385 = LINE('',#6386,#6387);
#6386 = CARTESIAN_POINT('',(24.038703307959,-24.74652992384,10.));
#6387 = VECTOR('',#6388,1.);
#6388 = DIRECTION('',(0.,0.,-1.));
#6389 = PLANE('',#6390);
#6390 = AXIS2_PLACEMENT_3D('',#6391,#6392,#6393);
#6391 = CARTESIAN_POINT('',(24.869989891047,-25.57781650693,10.));
#6392 = DIRECTION('',(-0.707106781187,-0.707106781187,0.));
#6393 = DIRECTION('',(-0.707106781187,0.707106781187,0.));
#6394 = ADVANCED_FACE('',(#6395),#6415,.T.);
#6395 = FACE_BOUND('',#6396,.T.);
#6396 = EDGE_LOOP('',(#6397,#6406,#6407,#6408));
#6397 = ORIENTED_EDGE('',*,*,#6398,.T.);
#6398 = EDGE_CURVE('',#6399,#6358,#6401,.T.);
#6399 = VERTEX_POINT('',#6400);
#6400 = CARTESIAN_POINT('',(13.949706162522,-32.3723369249,10.));
#6401 = CIRCLE('',#6402,35.25);
#6402 = AXIS2_PLACEMENT_3D('',#6403,#6404,#6405);
#6403 = CARTESIAN_POINT('',(0.,0.,10.));
#6404 = DIRECTION('',(0.,0.,1.));
#6405 = DIRECTION('',(1.,0.,0.));
#6406 = ORIENTED_EDGE('',*,*,#6367,.F.);
#6407 = ORIENTED_EDGE('',*,*,#3359,.F.);
#6408 = ORIENTED_EDGE('',*,*,#6409,.F.);
#6409 = EDGE_CURVE('',#6399,#3337,#6410,.T.);
#6410 = HYPERBOLA('',#6411,3.554063138003,0.499491);
#6411 = AXIS2_PLACEMENT_3D('',#6412,#6413,#6414);
#6412 = CARTESIAN_POINT('',(0.461469511574,0.191146930315,
    260.81678271404));
#6413 = DIRECTION('',(0.923879532511,0.382683432365,0.));
#6414 = DIRECTION('',(0.,0.,-1.));
#6415 = CONICAL_SURFACE('',#6416,35.25,0.13962634016);
#6416 = AXIS2_PLACEMENT_3D('',#6417,#6418,#6419);
#6417 = CARTESIAN_POINT('',(0.,0.,10.));
#6418 = DIRECTION('',(-0.,-0.,-1.));
#6419 = DIRECTION('',(1.,0.,0.));
#6420 = ADVANCED_FACE('',(#6421),#6455,.F.);
#6421 = FACE_BOUND('',#6422,.F.);
#6422 = EDGE_LOOP('',(#6423,#6433,#6439,#6440,#6441,#6449));
#6423 = ORIENTED_EDGE('',*,*,#6424,.T.);
#6424 = EDGE_CURVE('',#6425,#6427,#6429,.T.);
#6425 = VERTEX_POINT('',#6426);
#6426 = CARTESIAN_POINT('',(13.662664143022,-31.67935618845,12.));
#6427 = VERTEX_POINT('',#6428);
#6428 = CARTESIAN_POINT('',(13.538522404785,-31.37965152034,12.));
#6429 = LINE('',#6430,#6431);
#6430 = CARTESIAN_POINT('',(6.99999595818,-15.59425229501,12.));
#6431 = VECTOR('',#6432,1.);
#6432 = DIRECTION('',(-0.382683432365,0.923879532511,0.));
#6433 = ORIENTED_EDGE('',*,*,#6434,.T.);
#6434 = EDGE_CURVE('',#6427,#3324,#6435,.T.);
#6435 = LINE('',#6436,#6437);
#6436 = CARTESIAN_POINT('',(13.538522404785,-31.37965152034,10.));
#6437 = VECTOR('',#6438,1.);
#6438 = DIRECTION('',(0.,0.,1.));
#6439 = ORIENTED_EDGE('',*,*,#3336,.F.);
#6440 = ORIENTED_EDGE('',*,*,#6409,.F.);
#6441 = ORIENTED_EDGE('',*,*,#6442,.F.);
#6442 = EDGE_CURVE('',#6443,#6399,#6445,.T.);
#6443 = VERTEX_POINT('',#6444);
#6444 = CARTESIAN_POINT('',(13.662664143022,-31.67935618845,10.));
#6445 = LINE('',#6446,#6447);
#6446 = CARTESIAN_POINT('',(13.538522404785,-31.37965152034,10.));
#6447 = VECTOR('',#6448,1.);
#6448 = DIRECTION('',(0.382683432365,-0.923879532511,0.));
#6449 = ORIENTED_EDGE('',*,*,#6450,.F.);
#6450 = EDGE_CURVE('',#6425,#6443,#6451,.T.);
#6451 = LINE('',#6452,#6453);
#6452 = CARTESIAN_POINT('',(13.662664143022,-31.67935618845,10.));
#6453 = VECTOR('',#6454,1.);
#6454 = DIRECTION('',(0.,0.,-1.));
#6455 = PLANE('',#6456);
#6456 = AXIS2_PLACEMENT_3D('',#6457,#6458,#6459);
#6457 = CARTESIAN_POINT('',(13.538522404785,-31.37965152034,10.));
#6458 = DIRECTION('',(0.923879532511,0.382683432365,0.));
#6459 = DIRECTION('',(0.382683432365,-0.923879532511,0.));
#6460 = ADVANCED_FACE('',(#6461),#6479,.F.);
#6461 = FACE_BOUND('',#6462,.F.);
#6462 = EDGE_LOOP('',(#6463,#6471,#6477,#6478));
#6463 = ORIENTED_EDGE('',*,*,#6464,.T.);
#6464 = EDGE_CURVE('',#6427,#6465,#6467,.T.);
#6465 = VERTEX_POINT('',#6466);
#6466 = CARTESIAN_POINT('',(12.614642872274,-31.76233495271,12.));
#6467 = LINE('',#6468,#6469);
#6468 = CARTESIAN_POINT('',(12.845847882743,-31.66656670168,12.));
#6469 = VECTOR('',#6470,1.);
#6470 = DIRECTION('',(-0.923879532511,-0.382683432365,0.));
#6471 = ORIENTED_EDGE('',*,*,#6472,.T.);
#6472 = EDGE_CURVE('',#6465,#3301,#6473,.T.);
#6473 = LINE('',#6474,#6475);
#6474 = CARTESIAN_POINT('',(12.614642872274,-31.76233495271,10.));
#6475 = VECTOR('',#6476,1.);
#6476 = DIRECTION('',(0.,0.,1.));
#6477 = ORIENTED_EDGE('',*,*,#3323,.T.);
#6478 = ORIENTED_EDGE('',*,*,#6434,.F.);
#6479 = PLANE('',#6480);
#6480 = AXIS2_PLACEMENT_3D('',#6481,#6482,#6483);
#6481 = CARTESIAN_POINT('',(12.614642872274,-31.76233495271,10.));
#6482 = DIRECTION('',(-0.382683432365,0.923879532511,0.));
#6483 = DIRECTION('',(0.923879532511,0.382683432365,0.));
#6484 = ADVANCED_FACE('',(#6485),#6520,.F.);
#6485 = FACE_BOUND('',#6486,.F.);
#6486 = EDGE_LOOP('',(#6487,#6497,#6504,#6505,#6506,#6514));
#6487 = ORIENTED_EDGE('',*,*,#6488,.F.);
#6488 = EDGE_CURVE('',#6489,#6491,#6493,.T.);
#6489 = VERTEX_POINT('',#6490);
#6490 = CARTESIAN_POINT('',(13.025821103613,-32.75500701536,10.));
#6491 = VERTEX_POINT('',#6492);
#6492 = CARTESIAN_POINT('',(12.738778963951,-32.06202598881,10.));
#6493 = LINE('',#6494,#6495);
#6494 = CARTESIAN_POINT('',(13.188668020822,-33.14815425147,10.));
#6495 = VECTOR('',#6496,1.);
#6496 = DIRECTION('',(-0.382683432365,0.923879532511,0.));
#6497 = ORIENTED_EDGE('',*,*,#6498,.F.);
#6498 = EDGE_CURVE('',#3292,#6489,#6499,.T.);
#6499 = HYPERBOLA('',#6500,3.561306584381,0.500509);
#6500 = AXIS2_PLACEMENT_3D('',#6501,#6502,#6503);
#6501 = CARTESIAN_POINT('',(-0.462410020938,-0.19153650205,
    260.81678271404));
#6502 = DIRECTION('',(-0.923879532511,-0.382683432365,-0.));
#6503 = DIRECTION('',(0.,0.,-1.));
#6504 = ORIENTED_EDGE('',*,*,#3300,.T.);
#6505 = ORIENTED_EDGE('',*,*,#6472,.F.);
#6506 = ORIENTED_EDGE('',*,*,#6507,.T.);
#6507 = EDGE_CURVE('',#6465,#6508,#6510,.T.);
#6508 = VERTEX_POINT('',#6509);
#6509 = CARTESIAN_POINT('',(12.738778963951,-32.06202598881,12.));
#6510 = LINE('',#6511,#6512);
#6511 = CARTESIAN_POINT('',(6.363128999942,-16.66984537676,12.));
#6512 = VECTOR('',#6513,1.);
#6513 = DIRECTION('',(0.382683432365,-0.923879532511,0.));
#6514 = ORIENTED_EDGE('',*,*,#6515,.T.);
#6515 = EDGE_CURVE('',#6508,#6491,#6516,.T.);
#6516 = LINE('',#6517,#6518);
#6517 = CARTESIAN_POINT('',(12.738778963951,-32.06202598881,10.));
#6518 = VECTOR('',#6519,1.);
#6519 = DIRECTION('',(0.,0.,-1.));
#6520 = PLANE('',#6521);
#6521 = AXIS2_PLACEMENT_3D('',#6522,#6523,#6524);
#6522 = CARTESIAN_POINT('',(13.188668020822,-33.14815425147,10.));
#6523 = DIRECTION('',(-0.923879532511,-0.382683432365,0.));
#6524 = DIRECTION('',(-0.382683432365,0.923879532511,0.));
#6525 = ADVANCED_FACE('',(#6526),#6538,.T.);
#6526 = FACE_BOUND('',#6527,.T.);
#6527 = EDGE_LOOP('',(#6528,#6535,#6536,#6537));
#6528 = ORIENTED_EDGE('',*,*,#6529,.T.);
#6529 = EDGE_CURVE('',#4492,#6489,#6530,.T.);
#6530 = CIRCLE('',#6531,35.25);
#6531 = AXIS2_PLACEMENT_3D('',#6532,#6533,#6534);
#6532 = CARTESIAN_POINT('',(0.,0.,10.));
#6533 = DIRECTION('',(0.,0.,1.));
#6534 = DIRECTION('',(1.,0.,0.));
#6535 = ORIENTED_EDGE('',*,*,#6498,.F.);
#6536 = ORIENTED_EDGE('',*,*,#3291,.F.);
#6537 = ORIENTED_EDGE('',*,*,#4491,.F.);
#6538 = CONICAL_SURFACE('',#6539,35.25,0.13962634016);
#6539 = AXIS2_PLACEMENT_3D('',#6540,#6541,#6542);
#6540 = CARTESIAN_POINT('',(0.,0.,10.));
#6541 = DIRECTION('',(-0.,-0.,-1.));
#6542 = DIRECTION('',(1.,0.,0.));
#6543 = ADVANCED_FACE('',(#6544),#6556,.F.);
#6544 = FACE_BOUND('',#6545,.F.);
#6545 = EDGE_LOOP('',(#6546,#6553,#6554,#6555));
#6546 = ORIENTED_EDGE('',*,*,#6547,.T.);
#6547 = EDGE_CURVE('',#4395,#4442,#6548,.T.);
#6548 = CIRCLE('',#6549,34.5);
#6549 = AXIS2_PLACEMENT_3D('',#6550,#6551,#6552);
#6550 = CARTESIAN_POINT('',(0.,0.,12.));
#6551 = DIRECTION('',(0.,0.,-1.));
#6552 = DIRECTION('',(1.,0.,0.));
#6553 = ORIENTED_EDGE('',*,*,#4460,.T.);
#6554 = ORIENTED_EDGE('',*,*,#4426,.F.);
#6555 = ORIENTED_EDGE('',*,*,#4402,.F.);
#6556 = CYLINDRICAL_SURFACE('',#6557,34.5);
#6557 = AXIS2_PLACEMENT_3D('',#6558,#6559,#6560);
#6558 = CARTESIAN_POINT('',(0.,0.,10.));
#6559 = DIRECTION('',(0.,0.,-1.));
#6560 = DIRECTION('',(1.,0.,0.));
#6561 = ADVANCED_FACE('',(#6562,#6718),#6729,.F.);
#6562 = FACE_BOUND('',#6563,.F.);
#6563 = EDGE_LOOP('',(#6564,#6571,#6572,#6573,#6574,#6575,#6576,#6577,
    #6578,#6585,#6586,#6587,#6588,#6595,#6596,#6597,#6598,#6605,#6606,
    #6607,#6608,#6615,#6616,#6617,#6618,#6625,#6626,#6627,#6628,#6635,
    #6636,#6637,#6638,#6645,#6646,#6647,#6648,#6655,#6656,#6657,#6658,
    #6665,#6666,#6667,#6668,#6675,#6676,#6677,#6678,#6685,#6686,#6687,
    #6688,#6695,#6696,#6697,#6698,#6705,#6706,#6707,#6708,#6715,#6716,
    #6717));
#6564 = ORIENTED_EDGE('',*,*,#6565,.F.);
#6565 = EDGE_CURVE('',#6115,#6163,#6566,.T.);
#6566 = CIRCLE('',#6567,34.5);
#6567 = AXIS2_PLACEMENT_3D('',#6568,#6569,#6570);
#6568 = CARTESIAN_POINT('',(0.,0.,12.));
#6569 = DIRECTION('',(0.,0.,-1.));
#6570 = DIRECTION('',(1.,0.,0.));
#6571 = ORIENTED_EDGE('',*,*,#6114,.F.);
#6572 = ORIENTED_EDGE('',*,*,#5980,.F.);
#6573 = ORIENTED_EDGE('',*,*,#4441,.F.);
#6574 = ORIENTED_EDGE('',*,*,#6547,.F.);
#6575 = ORIENTED_EDGE('',*,*,#4394,.F.);
#6576 = ORIENTED_EDGE('',*,*,#5963,.F.);
#6577 = ORIENTED_EDGE('',*,*,#5923,.F.);
#6578 = ORIENTED_EDGE('',*,*,#6579,.F.);
#6579 = EDGE_CURVE('',#5876,#5924,#6580,.T.);
#6580 = CIRCLE('',#6581,34.5);
#6581 = AXIS2_PLACEMENT_3D('',#6582,#6583,#6584);
#6582 = CARTESIAN_POINT('',(0.,0.,12.));
#6583 = DIRECTION('',(0.,0.,-1.));
#6584 = DIRECTION('',(1.,0.,0.));
#6585 = ORIENTED_EDGE('',*,*,#5875,.F.);
#6586 = ORIENTED_EDGE('',*,*,#5832,.F.);
#6587 = ORIENTED_EDGE('',*,*,#5792,.F.);
#6588 = ORIENTED_EDGE('',*,*,#6589,.F.);
#6589 = EDGE_CURVE('',#5745,#5793,#6590,.T.);
#6590 = CIRCLE('',#6591,34.5);
#6591 = AXIS2_PLACEMENT_3D('',#6592,#6593,#6594);
#6592 = CARTESIAN_POINT('',(0.,0.,12.));
#6593 = DIRECTION('',(0.,0.,-1.));
#6594 = DIRECTION('',(1.,0.,0.));
#6595 = ORIENTED_EDGE('',*,*,#5744,.F.);
#6596 = ORIENTED_EDGE('',*,*,#5701,.F.);
#6597 = ORIENTED_EDGE('',*,*,#5661,.F.);
#6598 = ORIENTED_EDGE('',*,*,#6599,.F.);
#6599 = EDGE_CURVE('',#5614,#5662,#6600,.T.);
#6600 = CIRCLE('',#6601,34.5);
#6601 = AXIS2_PLACEMENT_3D('',#6602,#6603,#6604);
#6602 = CARTESIAN_POINT('',(0.,0.,12.));
#6603 = DIRECTION('',(0.,0.,-1.));
#6604 = DIRECTION('',(1.,0.,0.));
#6605 = ORIENTED_EDGE('',*,*,#5613,.F.);
#6606 = ORIENTED_EDGE('',*,*,#5570,.F.);
#6607 = ORIENTED_EDGE('',*,*,#5530,.F.);
#6608 = ORIENTED_EDGE('',*,*,#6609,.F.);
#6609 = EDGE_CURVE('',#5483,#5531,#6610,.T.);
#6610 = CIRCLE('',#6611,34.5);
#6611 = AXIS2_PLACEMENT_3D('',#6612,#6613,#6614);
#6612 = CARTESIAN_POINT('',(0.,0.,12.));
#6613 = DIRECTION('',(0.,0.,-1.));
#6614 = DIRECTION('',(1.,0.,0.));
#6615 = ORIENTED_EDGE('',*,*,#5482,.F.);
#6616 = ORIENTED_EDGE('',*,*,#5439,.F.);
#6617 = ORIENTED_EDGE('',*,*,#5399,.F.);
#6618 = ORIENTED_EDGE('',*,*,#6619,.F.);
#6619 = EDGE_CURVE('',#5352,#5400,#6620,.T.);
#6620 = CIRCLE('',#6621,34.5);
#6621 = AXIS2_PLACEMENT_3D('',#6622,#6623,#6624);
#6622 = CARTESIAN_POINT('',(0.,0.,12.));
#6623 = DIRECTION('',(0.,0.,-1.));
#6624 = DIRECTION('',(1.,0.,0.));
#6625 = ORIENTED_EDGE('',*,*,#5351,.F.);
#6626 = ORIENTED_EDGE('',*,*,#5308,.F.);
#6627 = ORIENTED_EDGE('',*,*,#5268,.F.);
#6628 = ORIENTED_EDGE('',*,*,#6629,.F.);
#6629 = EDGE_CURVE('',#5221,#5269,#6630,.T.);
#6630 = CIRCLE('',#6631,34.5);
#6631 = AXIS2_PLACEMENT_3D('',#6632,#6633,#6634);
#6632 = CARTESIAN_POINT('',(0.,0.,12.));
#6633 = DIRECTION('',(0.,0.,-1.));
#6634 = DIRECTION('',(1.,0.,0.));
#6635 = ORIENTED_EDGE('',*,*,#5220,.F.);
#6636 = ORIENTED_EDGE('',*,*,#5177,.F.);
#6637 = ORIENTED_EDGE('',*,*,#5137,.F.);
#6638 = ORIENTED_EDGE('',*,*,#6639,.F.);
#6639 = EDGE_CURVE('',#5090,#5138,#6640,.T.);
#6640 = CIRCLE('',#6641,34.5);
#6641 = AXIS2_PLACEMENT_3D('',#6642,#6643,#6644);
#6642 = CARTESIAN_POINT('',(0.,0.,12.));
#6643 = DIRECTION('',(0.,0.,-1.));
#6644 = DIRECTION('',(1.,0.,0.));
#6645 = ORIENTED_EDGE('',*,*,#5089,.F.);
#6646 = ORIENTED_EDGE('',*,*,#5046,.F.);
#6647 = ORIENTED_EDGE('',*,*,#5006,.F.);
#6648 = ORIENTED_EDGE('',*,*,#6649,.F.);
#6649 = EDGE_CURVE('',#4959,#5007,#6650,.T.);
#6650 = CIRCLE('',#6651,34.5);
#6651 = AXIS2_PLACEMENT_3D('',#6652,#6653,#6654);
#6652 = CARTESIAN_POINT('',(0.,0.,12.));
#6653 = DIRECTION('',(0.,0.,-1.));
#6654 = DIRECTION('',(1.,0.,0.));
#6655 = ORIENTED_EDGE('',*,*,#4958,.F.);
#6656 = ORIENTED_EDGE('',*,*,#4915,.F.);
#6657 = ORIENTED_EDGE('',*,*,#4875,.F.);
#6658 = ORIENTED_EDGE('',*,*,#6659,.F.);
#6659 = EDGE_CURVE('',#4828,#4876,#6660,.T.);
#6660 = CIRCLE('',#6661,34.5);
#6661 = AXIS2_PLACEMENT_3D('',#6662,#6663,#6664);
#6662 = CARTESIAN_POINT('',(0.,0.,12.));
#6663 = DIRECTION('',(0.,0.,-1.));
#6664 = DIRECTION('',(1.,0.,0.));
#6665 = ORIENTED_EDGE('',*,*,#4827,.F.);
#6666 = ORIENTED_EDGE('',*,*,#4784,.F.);
#6667 = ORIENTED_EDGE('',*,*,#4744,.F.);
#6668 = ORIENTED_EDGE('',*,*,#6669,.F.);
#6669 = EDGE_CURVE('',#4697,#4745,#6670,.T.);
#6670 = CIRCLE('',#6671,34.5);
#6671 = AXIS2_PLACEMENT_3D('',#6672,#6673,#6674);
#6672 = CARTESIAN_POINT('',(0.,0.,12.));
#6673 = DIRECTION('',(0.,0.,-1.));
#6674 = DIRECTION('',(1.,0.,0.));
#6675 = ORIENTED_EDGE('',*,*,#4696,.F.);
#6676 = ORIENTED_EDGE('',*,*,#4653,.F.);
#6677 = ORIENTED_EDGE('',*,*,#4613,.F.);
#6678 = ORIENTED_EDGE('',*,*,#6679,.F.);
#6679 = EDGE_CURVE('',#4566,#4614,#6680,.T.);
#6680 = CIRCLE('',#6681,34.5);
#6681 = AXIS2_PLACEMENT_3D('',#6682,#6683,#6684);
#6682 = CARTESIAN_POINT('',(0.,0.,12.));
#6683 = DIRECTION('',(0.,0.,-1.));
#6684 = DIRECTION('',(1.,0.,0.));
#6685 = ORIENTED_EDGE('',*,*,#4565,.F.);
#6686 = ORIENTED_EDGE('',*,*,#4522,.F.);
#6687 = ORIENTED_EDGE('',*,*,#4474,.F.);
#6688 = ORIENTED_EDGE('',*,*,#6689,.F.);
#6689 = EDGE_CURVE('',#6508,#4475,#6690,.T.);
#6690 = CIRCLE('',#6691,34.5);
#6691 = AXIS2_PLACEMENT_3D('',#6692,#6693,#6694);
#6692 = CARTESIAN_POINT('',(0.,0.,12.));
#6693 = DIRECTION('',(0.,0.,-1.));
#6694 = DIRECTION('',(1.,0.,0.));
#6695 = ORIENTED_EDGE('',*,*,#6507,.F.);
#6696 = ORIENTED_EDGE('',*,*,#6464,.F.);
#6697 = ORIENTED_EDGE('',*,*,#6424,.F.);
#6698 = ORIENTED_EDGE('',*,*,#6699,.F.);
#6699 = EDGE_CURVE('',#6377,#6425,#6700,.T.);
#6700 = CIRCLE('',#6701,34.5);
#6701 = AXIS2_PLACEMENT_3D('',#6702,#6703,#6704);
#6702 = CARTESIAN_POINT('',(0.,0.,12.));
#6703 = DIRECTION('',(0.,0.,-1.));
#6704 = DIRECTION('',(1.,0.,0.));
#6705 = ORIENTED_EDGE('',*,*,#6376,.F.);
#6706 = ORIENTED_EDGE('',*,*,#6333,.F.);
#6707 = ORIENTED_EDGE('',*,*,#6293,.F.);
#6708 = ORIENTED_EDGE('',*,*,#6709,.F.);
#6709 = EDGE_CURVE('',#6246,#6294,#6710,.T.);
#6710 = CIRCLE('',#6711,34.5);
#6711 = AXIS2_PLACEMENT_3D('',#6712,#6713,#6714);
#6712 = CARTESIAN_POINT('',(0.,0.,12.));
#6713 = DIRECTION('',(0.,0.,-1.));
#6714 = DIRECTION('',(1.,0.,0.));
#6715 = ORIENTED_EDGE('',*,*,#6245,.F.);
#6716 = ORIENTED_EDGE('',*,*,#6202,.F.);
#6717 = ORIENTED_EDGE('',*,*,#6162,.F.);
#6718 = FACE_BOUND('',#6719,.F.);
#6719 = EDGE_LOOP('',(#6720));
#6720 = ORIENTED_EDGE('',*,*,#6721,.T.);
#6721 = EDGE_CURVE('',#6722,#6722,#6724,.T.);
#6722 = VERTEX_POINT('',#6723);
#6723 = CARTESIAN_POINT('',(34.,0.,12.));
#6724 = CIRCLE('',#6725,34.);
#6725 = AXIS2_PLACEMENT_3D('',#6726,#6727,#6728);
#6726 = CARTESIAN_POINT('',(0.,0.,12.));
#6727 = DIRECTION('',(0.,0.,-1.));
#6728 = DIRECTION('',(1.,0.,0.));
#6729 = PLANE('',#6730);
#6730 = AXIS2_PLACEMENT_3D('',#6731,#6732,#6733);
#6731 = CARTESIAN_POINT('',(-2.24E-15,1.33E-15,12.));
#6732 = DIRECTION('',(0.,0.,1.));
#6733 = DIRECTION('',(1.,0.,0.));
#6734 = ADVANCED_FACE('',(#6735),#6747,.F.);
#6735 = FACE_BOUND('',#6736,.F.);
#6736 = EDGE_LOOP('',(#6737,#6738,#6739,#6746));
#6737 = ORIENTED_EDGE('',*,*,#6689,.T.);
#6738 = ORIENTED_EDGE('',*,*,#4508,.T.);
#6739 = ORIENTED_EDGE('',*,*,#6740,.F.);
#6740 = EDGE_CURVE('',#6491,#4501,#6741,.T.);
#6741 = CIRCLE('',#6742,34.5);
#6742 = AXIS2_PLACEMENT_3D('',#6743,#6744,#6745);
#6743 = CARTESIAN_POINT('',(0.,0.,10.));
#6744 = DIRECTION('',(0.,0.,-1.));
#6745 = DIRECTION('',(1.,0.,0.));
#6746 = ORIENTED_EDGE('',*,*,#6515,.F.);
#6747 = CYLINDRICAL_SURFACE('',#6748,34.5);
#6748 = AXIS2_PLACEMENT_3D('',#6749,#6750,#6751);
#6749 = CARTESIAN_POINT('',(0.,0.,10.));
#6750 = DIRECTION('',(0.,0.,-1.));
#6751 = DIRECTION('',(1.,0.,0.));
#6752 = ADVANCED_FACE('',(#6753),#6759,.F.);
#6753 = FACE_BOUND('',#6754,.F.);
#6754 = EDGE_LOOP('',(#6755,#6756,#6757,#6758));
#6755 = ORIENTED_EDGE('',*,*,#4500,.T.);
#6756 = ORIENTED_EDGE('',*,*,#6529,.T.);
#6757 = ORIENTED_EDGE('',*,*,#6488,.T.);
#6758 = ORIENTED_EDGE('',*,*,#6740,.T.);
#6759 = PLANE('',#6760);
#6760 = AXIS2_PLACEMENT_3D('',#6761,#6762,#6763);
#6761 = CARTESIAN_POINT('',(0.,0.,10.));
#6762 = DIRECTION('',(0.,0.,1.));
#6763 = DIRECTION('',(1.,0.,0.));
#6764 = ADVANCED_FACE('',(#6765),#6777,.F.);
#6765 = FACE_BOUND('',#6766,.F.);
#6766 = EDGE_LOOP('',(#6767,#6768,#6769,#6770));
#6767 = ORIENTED_EDGE('',*,*,#4631,.T.);
#6768 = ORIENTED_EDGE('',*,*,#4597,.T.);
#6769 = ORIENTED_EDGE('',*,*,#4546,.T.);
#6770 = ORIENTED_EDGE('',*,*,#6771,.T.);
#6771 = EDGE_CURVE('',#4549,#4632,#6772,.T.);
#6772 = CIRCLE('',#6773,34.5);
#6773 = AXIS2_PLACEMENT_3D('',#6774,#6775,#6776);
#6774 = CARTESIAN_POINT('',(0.,0.,10.));
#6775 = DIRECTION('',(0.,0.,-1.));
#6776 = DIRECTION('',(1.,0.,0.));
#6777 = PLANE('',#6778);
#6778 = AXIS2_PLACEMENT_3D('',#6779,#6780,#6781);
#6779 = CARTESIAN_POINT('',(0.,0.,10.));
#6780 = DIRECTION('',(0.,0.,1.));
#6781 = DIRECTION('',(1.,0.,0.));
#6782 = ADVANCED_FACE('',(#6783),#6789,.F.);
#6783 = FACE_BOUND('',#6784,.F.);
#6784 = EDGE_LOOP('',(#6785,#6786,#6787,#6788));
#6785 = ORIENTED_EDGE('',*,*,#6679,.T.);
#6786 = ORIENTED_EDGE('',*,*,#4639,.T.);
#6787 = ORIENTED_EDGE('',*,*,#6771,.F.);
#6788 = ORIENTED_EDGE('',*,*,#4573,.F.);
#6789 = CYLINDRICAL_SURFACE('',#6790,34.5);
#6790 = AXIS2_PLACEMENT_3D('',#6791,#6792,#6793);
#6791 = CARTESIAN_POINT('',(0.,0.,10.));
#6792 = DIRECTION('',(0.,0.,-1.));
#6793 = DIRECTION('',(1.,0.,0.));
#6794 = ADVANCED_FACE('',(#6795),#6807,.F.);
#6795 = FACE_BOUND('',#6796,.F.);
#6796 = EDGE_LOOP('',(#6797,#6798,#6799,#6800));
#6797 = ORIENTED_EDGE('',*,*,#4762,.T.);
#6798 = ORIENTED_EDGE('',*,*,#4728,.T.);
#6799 = ORIENTED_EDGE('',*,*,#4677,.T.);
#6800 = ORIENTED_EDGE('',*,*,#6801,.T.);
#6801 = EDGE_CURVE('',#4680,#4763,#6802,.T.);
#6802 = CIRCLE('',#6803,34.5);
#6803 = AXIS2_PLACEMENT_3D('',#6804,#6805,#6806);
#6804 = CARTESIAN_POINT('',(0.,0.,10.));
#6805 = DIRECTION('',(0.,0.,-1.));
#6806 = DIRECTION('',(1.,0.,0.));
#6807 = PLANE('',#6808);
#6808 = AXIS2_PLACEMENT_3D('',#6809,#6810,#6811);
#6809 = CARTESIAN_POINT('',(0.,0.,10.));
#6810 = DIRECTION('',(0.,0.,1.));
#6811 = DIRECTION('',(1.,0.,0.));
#6812 = ADVANCED_FACE('',(#6813),#6819,.F.);
#6813 = FACE_BOUND('',#6814,.F.);
#6814 = EDGE_LOOP('',(#6815,#6816,#6817,#6818));
#6815 = ORIENTED_EDGE('',*,*,#6669,.T.);
#6816 = ORIENTED_EDGE('',*,*,#4770,.T.);
#6817 = ORIENTED_EDGE('',*,*,#6801,.F.);
#6818 = ORIENTED_EDGE('',*,*,#4704,.F.);
#6819 = CYLINDRICAL_SURFACE('',#6820,34.5);
#6820 = AXIS2_PLACEMENT_3D('',#6821,#6822,#6823);
#6821 = CARTESIAN_POINT('',(0.,0.,10.));
#6822 = DIRECTION('',(0.,0.,-1.));
#6823 = DIRECTION('',(1.,0.,0.));
#6824 = ADVANCED_FACE('',(#6825),#6837,.F.);
#6825 = FACE_BOUND('',#6826,.F.);
#6826 = EDGE_LOOP('',(#6827,#6828,#6829,#6830));
#6827 = ORIENTED_EDGE('',*,*,#4893,.T.);
#6828 = ORIENTED_EDGE('',*,*,#4859,.T.);
#6829 = ORIENTED_EDGE('',*,*,#4808,.T.);
#6830 = ORIENTED_EDGE('',*,*,#6831,.T.);
#6831 = EDGE_CURVE('',#4811,#4894,#6832,.T.);
#6832 = CIRCLE('',#6833,34.5);
#6833 = AXIS2_PLACEMENT_3D('',#6834,#6835,#6836);
#6834 = CARTESIAN_POINT('',(0.,0.,10.));
#6835 = DIRECTION('',(0.,0.,-1.));
#6836 = DIRECTION('',(1.,0.,0.));
#6837 = PLANE('',#6838);
#6838 = AXIS2_PLACEMENT_3D('',#6839,#6840,#6841);
#6839 = CARTESIAN_POINT('',(0.,0.,10.));
#6840 = DIRECTION('',(0.,0.,1.));
#6841 = DIRECTION('',(1.,0.,0.));
#6842 = ADVANCED_FACE('',(#6843),#6849,.F.);
#6843 = FACE_BOUND('',#6844,.F.);
#6844 = EDGE_LOOP('',(#6845,#6846,#6847,#6848));
#6845 = ORIENTED_EDGE('',*,*,#6659,.T.);
#6846 = ORIENTED_EDGE('',*,*,#4901,.T.);
#6847 = ORIENTED_EDGE('',*,*,#6831,.F.);
#6848 = ORIENTED_EDGE('',*,*,#4835,.F.);
#6849 = CYLINDRICAL_SURFACE('',#6850,34.5);
#6850 = AXIS2_PLACEMENT_3D('',#6851,#6852,#6853);
#6851 = CARTESIAN_POINT('',(0.,0.,10.));
#6852 = DIRECTION('',(0.,0.,-1.));
#6853 = DIRECTION('',(1.,0.,0.));
#6854 = ADVANCED_FACE('',(#6855),#6867,.F.);
#6855 = FACE_BOUND('',#6856,.F.);
#6856 = EDGE_LOOP('',(#6857,#6858,#6859,#6860));
#6857 = ORIENTED_EDGE('',*,*,#5024,.T.);
#6858 = ORIENTED_EDGE('',*,*,#4990,.T.);
#6859 = ORIENTED_EDGE('',*,*,#4939,.T.);
#6860 = ORIENTED_EDGE('',*,*,#6861,.T.);
#6861 = EDGE_CURVE('',#4942,#5025,#6862,.T.);
#6862 = CIRCLE('',#6863,34.5);
#6863 = AXIS2_PLACEMENT_3D('',#6864,#6865,#6866);
#6864 = CARTESIAN_POINT('',(0.,0.,10.));
#6865 = DIRECTION('',(0.,0.,-1.));
#6866 = DIRECTION('',(1.,0.,0.));
#6867 = PLANE('',#6868);
#6868 = AXIS2_PLACEMENT_3D('',#6869,#6870,#6871);
#6869 = CARTESIAN_POINT('',(0.,0.,10.));
#6870 = DIRECTION('',(0.,0.,1.));
#6871 = DIRECTION('',(1.,0.,0.));
#6872 = ADVANCED_FACE('',(#6873),#6879,.F.);
#6873 = FACE_BOUND('',#6874,.F.);
#6874 = EDGE_LOOP('',(#6875,#6876,#6877,#6878));
#6875 = ORIENTED_EDGE('',*,*,#6649,.T.);
#6876 = ORIENTED_EDGE('',*,*,#5032,.T.);
#6877 = ORIENTED_EDGE('',*,*,#6861,.F.);
#6878 = ORIENTED_EDGE('',*,*,#4966,.F.);
#6879 = CYLINDRICAL_SURFACE('',#6880,34.5);
#6880 = AXIS2_PLACEMENT_3D('',#6881,#6882,#6883);
#6881 = CARTESIAN_POINT('',(0.,0.,10.));
#6882 = DIRECTION('',(0.,0.,-1.));
#6883 = DIRECTION('',(1.,0.,0.));
#6884 = ADVANCED_FACE('',(#6885),#6897,.F.);
#6885 = FACE_BOUND('',#6886,.F.);
#6886 = EDGE_LOOP('',(#6887,#6888,#6889,#6890));
#6887 = ORIENTED_EDGE('',*,*,#5155,.T.);
#6888 = ORIENTED_EDGE('',*,*,#5121,.T.);
#6889 = ORIENTED_EDGE('',*,*,#5070,.T.);
#6890 = ORIENTED_EDGE('',*,*,#6891,.T.);
#6891 = EDGE_CURVE('',#5073,#5156,#6892,.T.);
#6892 = CIRCLE('',#6893,34.5);
#6893 = AXIS2_PLACEMENT_3D('',#6894,#6895,#6896);
#6894 = CARTESIAN_POINT('',(0.,0.,10.));
#6895 = DIRECTION('',(0.,0.,-1.));
#6896 = DIRECTION('',(1.,0.,0.));
#6897 = PLANE('',#6898);
#6898 = AXIS2_PLACEMENT_3D('',#6899,#6900,#6901);
#6899 = CARTESIAN_POINT('',(0.,0.,10.));
#6900 = DIRECTION('',(0.,0.,1.));
#6901 = DIRECTION('',(1.,0.,0.));
#6902 = ADVANCED_FACE('',(#6903),#6909,.F.);
#6903 = FACE_BOUND('',#6904,.F.);
#6904 = EDGE_LOOP('',(#6905,#6906,#6907,#6908));
#6905 = ORIENTED_EDGE('',*,*,#6639,.T.);
#6906 = ORIENTED_EDGE('',*,*,#5163,.T.);
#6907 = ORIENTED_EDGE('',*,*,#6891,.F.);
#6908 = ORIENTED_EDGE('',*,*,#5097,.F.);
#6909 = CYLINDRICAL_SURFACE('',#6910,34.5);
#6910 = AXIS2_PLACEMENT_3D('',#6911,#6912,#6913);
#6911 = CARTESIAN_POINT('',(0.,0.,10.));
#6912 = DIRECTION('',(0.,0.,-1.));
#6913 = DIRECTION('',(1.,0.,0.));
#6914 = ADVANCED_FACE('',(#6915),#6927,.F.);
#6915 = FACE_BOUND('',#6916,.F.);
#6916 = EDGE_LOOP('',(#6917,#6918,#6919,#6920));
#6917 = ORIENTED_EDGE('',*,*,#5286,.T.);
#6918 = ORIENTED_EDGE('',*,*,#5252,.T.);
#6919 = ORIENTED_EDGE('',*,*,#5201,.T.);
#6920 = ORIENTED_EDGE('',*,*,#6921,.T.);
#6921 = EDGE_CURVE('',#5204,#5287,#6922,.T.);
#6922 = CIRCLE('',#6923,34.5);
#6923 = AXIS2_PLACEMENT_3D('',#6924,#6925,#6926);
#6924 = CARTESIAN_POINT('',(0.,0.,10.));
#6925 = DIRECTION('',(0.,0.,-1.));
#6926 = DIRECTION('',(1.,0.,0.));
#6927 = PLANE('',#6928);
#6928 = AXIS2_PLACEMENT_3D('',#6929,#6930,#6931);
#6929 = CARTESIAN_POINT('',(0.,0.,10.));
#6930 = DIRECTION('',(0.,0.,1.));
#6931 = DIRECTION('',(1.,0.,0.));
#6932 = ADVANCED_FACE('',(#6933),#6939,.F.);
#6933 = FACE_BOUND('',#6934,.F.);
#6934 = EDGE_LOOP('',(#6935,#6936,#6937,#6938));
#6935 = ORIENTED_EDGE('',*,*,#6629,.T.);
#6936 = ORIENTED_EDGE('',*,*,#5294,.T.);
#6937 = ORIENTED_EDGE('',*,*,#6921,.F.);
#6938 = ORIENTED_EDGE('',*,*,#5228,.F.);
#6939 = CYLINDRICAL_SURFACE('',#6940,34.5);
#6940 = AXIS2_PLACEMENT_3D('',#6941,#6942,#6943);
#6941 = CARTESIAN_POINT('',(0.,0.,10.));
#6942 = DIRECTION('',(0.,0.,-1.));
#6943 = DIRECTION('',(1.,0.,0.));
#6944 = ADVANCED_FACE('',(#6945),#6957,.F.);
#6945 = FACE_BOUND('',#6946,.F.);
#6946 = EDGE_LOOP('',(#6947,#6948,#6949,#6950));
#6947 = ORIENTED_EDGE('',*,*,#5417,.T.);
#6948 = ORIENTED_EDGE('',*,*,#5383,.T.);
#6949 = ORIENTED_EDGE('',*,*,#5332,.T.);
#6950 = ORIENTED_EDGE('',*,*,#6951,.T.);
#6951 = EDGE_CURVE('',#5335,#5418,#6952,.T.);
#6952 = CIRCLE('',#6953,34.5);
#6953 = AXIS2_PLACEMENT_3D('',#6954,#6955,#6956);
#6954 = CARTESIAN_POINT('',(0.,0.,10.));
#6955 = DIRECTION('',(0.,0.,-1.));
#6956 = DIRECTION('',(1.,0.,0.));
#6957 = PLANE('',#6958);
#6958 = AXIS2_PLACEMENT_3D('',#6959,#6960,#6961);
#6959 = CARTESIAN_POINT('',(0.,0.,10.));
#6960 = DIRECTION('',(0.,0.,1.));
#6961 = DIRECTION('',(1.,0.,0.));
#6962 = ADVANCED_FACE('',(#6963),#6969,.F.);
#6963 = FACE_BOUND('',#6964,.F.);
#6964 = EDGE_LOOP('',(#6965,#6966,#6967,#6968));
#6965 = ORIENTED_EDGE('',*,*,#6619,.T.);
#6966 = ORIENTED_EDGE('',*,*,#5425,.T.);
#6967 = ORIENTED_EDGE('',*,*,#6951,.F.);
#6968 = ORIENTED_EDGE('',*,*,#5359,.F.);
#6969 = CYLINDRICAL_SURFACE('',#6970,34.5);
#6970 = AXIS2_PLACEMENT_3D('',#6971,#6972,#6973);
#6971 = CARTESIAN_POINT('',(0.,0.,10.));
#6972 = DIRECTION('',(0.,0.,-1.));
#6973 = DIRECTION('',(1.,0.,0.));
#6974 = ADVANCED_FACE('',(#6975),#6987,.F.);
#6975 = FACE_BOUND('',#6976,.F.);
#6976 = EDGE_LOOP('',(#6977,#6978,#6979,#6980));
#6977 = ORIENTED_EDGE('',*,*,#5548,.T.);
#6978 = ORIENTED_EDGE('',*,*,#5514,.T.);
#6979 = ORIENTED_EDGE('',*,*,#5463,.T.);
#6980 = ORIENTED_EDGE('',*,*,#6981,.T.);
#6981 = EDGE_CURVE('',#5466,#5549,#6982,.T.);
#6982 = CIRCLE('',#6983,34.5);
#6983 = AXIS2_PLACEMENT_3D('',#6984,#6985,#6986);
#6984 = CARTESIAN_POINT('',(0.,0.,10.));
#6985 = DIRECTION('',(0.,0.,-1.));
#6986 = DIRECTION('',(1.,0.,0.));
#6987 = PLANE('',#6988);
#6988 = AXIS2_PLACEMENT_3D('',#6989,#6990,#6991);
#6989 = CARTESIAN_POINT('',(0.,0.,10.));
#6990 = DIRECTION('',(0.,0.,1.));
#6991 = DIRECTION('',(1.,0.,0.));
#6992 = ADVANCED_FACE('',(#6993),#6999,.F.);
#6993 = FACE_BOUND('',#6994,.F.);
#6994 = EDGE_LOOP('',(#6995,#6996,#6997,#6998));
#6995 = ORIENTED_EDGE('',*,*,#6609,.T.);
#6996 = ORIENTED_EDGE('',*,*,#5556,.T.);
#6997 = ORIENTED_EDGE('',*,*,#6981,.F.);
#6998 = ORIENTED_EDGE('',*,*,#5490,.F.);
#6999 = CYLINDRICAL_SURFACE('',#7000,34.5);
#7000 = AXIS2_PLACEMENT_3D('',#7001,#7002,#7003);
#7001 = CARTESIAN_POINT('',(0.,0.,10.));
#7002 = DIRECTION('',(0.,0.,-1.));
#7003 = DIRECTION('',(1.,0.,0.));
#7004 = ADVANCED_FACE('',(#7005),#7017,.F.);
#7005 = FACE_BOUND('',#7006,.F.);
#7006 = EDGE_LOOP('',(#7007,#7008,#7009,#7010));
#7007 = ORIENTED_EDGE('',*,*,#5679,.T.);
#7008 = ORIENTED_EDGE('',*,*,#5645,.T.);
#7009 = ORIENTED_EDGE('',*,*,#5594,.T.);
#7010 = ORIENTED_EDGE('',*,*,#7011,.T.);
#7011 = EDGE_CURVE('',#5597,#5680,#7012,.T.);
#7012 = CIRCLE('',#7013,34.5);
#7013 = AXIS2_PLACEMENT_3D('',#7014,#7015,#7016);
#7014 = CARTESIAN_POINT('',(0.,0.,10.));
#7015 = DIRECTION('',(0.,0.,-1.));
#7016 = DIRECTION('',(1.,0.,0.));
#7017 = PLANE('',#7018);
#7018 = AXIS2_PLACEMENT_3D('',#7019,#7020,#7021);
#7019 = CARTESIAN_POINT('',(0.,0.,10.));
#7020 = DIRECTION('',(0.,0.,1.));
#7021 = DIRECTION('',(1.,0.,0.));
#7022 = ADVANCED_FACE('',(#7023),#7029,.F.);
#7023 = FACE_BOUND('',#7024,.F.);
#7024 = EDGE_LOOP('',(#7025,#7026,#7027,#7028));
#7025 = ORIENTED_EDGE('',*,*,#6599,.T.);
#7026 = ORIENTED_EDGE('',*,*,#5687,.T.);
#7027 = ORIENTED_EDGE('',*,*,#7011,.F.);
#7028 = ORIENTED_EDGE('',*,*,#5621,.F.);
#7029 = CYLINDRICAL_SURFACE('',#7030,34.5);
#7030 = AXIS2_PLACEMENT_3D('',#7031,#7032,#7033);
#7031 = CARTESIAN_POINT('',(0.,0.,10.));
#7032 = DIRECTION('',(0.,0.,-1.));
#7033 = DIRECTION('',(1.,0.,0.));
#7034 = ADVANCED_FACE('',(#7035),#7047,.F.);
#7035 = FACE_BOUND('',#7036,.F.);
#7036 = EDGE_LOOP('',(#7037,#7038,#7039,#7040));
#7037 = ORIENTED_EDGE('',*,*,#5810,.T.);
#7038 = ORIENTED_EDGE('',*,*,#5776,.T.);
#7039 = ORIENTED_EDGE('',*,*,#5725,.T.);
#7040 = ORIENTED_EDGE('',*,*,#7041,.T.);
#7041 = EDGE_CURVE('',#5728,#5811,#7042,.T.);
#7042 = CIRCLE('',#7043,34.5);
#7043 = AXIS2_PLACEMENT_3D('',#7044,#7045,#7046);
#7044 = CARTESIAN_POINT('',(0.,0.,10.));
#7045 = DIRECTION('',(0.,0.,-1.));
#7046 = DIRECTION('',(1.,0.,0.));
#7047 = PLANE('',#7048);
#7048 = AXIS2_PLACEMENT_3D('',#7049,#7050,#7051);
#7049 = CARTESIAN_POINT('',(0.,0.,10.));
#7050 = DIRECTION('',(0.,0.,1.));
#7051 = DIRECTION('',(1.,0.,0.));
#7052 = ADVANCED_FACE('',(#7053),#7059,.F.);
#7053 = FACE_BOUND('',#7054,.F.);
#7054 = EDGE_LOOP('',(#7055,#7056,#7057,#7058));
#7055 = ORIENTED_EDGE('',*,*,#6589,.T.);
#7056 = ORIENTED_EDGE('',*,*,#5818,.T.);
#7057 = ORIENTED_EDGE('',*,*,#7041,.F.);
#7058 = ORIENTED_EDGE('',*,*,#5752,.F.);
#7059 = CYLINDRICAL_SURFACE('',#7060,34.5);
#7060 = AXIS2_PLACEMENT_3D('',#7061,#7062,#7063);
#7061 = CARTESIAN_POINT('',(0.,0.,10.));
#7062 = DIRECTION('',(0.,0.,-1.));
#7063 = DIRECTION('',(1.,0.,0.));
#7064 = ADVANCED_FACE('',(#7065),#7077,.F.);
#7065 = FACE_BOUND('',#7066,.F.);
#7066 = EDGE_LOOP('',(#7067,#7068,#7069,#7070));
#7067 = ORIENTED_EDGE('',*,*,#5941,.T.);
#7068 = ORIENTED_EDGE('',*,*,#5907,.T.);
#7069 = ORIENTED_EDGE('',*,*,#5856,.T.);
#7070 = ORIENTED_EDGE('',*,*,#7071,.T.);
#7071 = EDGE_CURVE('',#5859,#5942,#7072,.T.);
#7072 = CIRCLE('',#7073,34.5);
#7073 = AXIS2_PLACEMENT_3D('',#7074,#7075,#7076);
#7074 = CARTESIAN_POINT('',(0.,0.,10.));
#7075 = DIRECTION('',(0.,0.,-1.));
#7076 = DIRECTION('',(1.,0.,0.));
#7077 = PLANE('',#7078);
#7078 = AXIS2_PLACEMENT_3D('',#7079,#7080,#7081);
#7079 = CARTESIAN_POINT('',(0.,0.,10.));
#7080 = DIRECTION('',(0.,0.,1.));
#7081 = DIRECTION('',(1.,0.,0.));
#7082 = ADVANCED_FACE('',(#7083),#7089,.F.);
#7083 = FACE_BOUND('',#7084,.F.);
#7084 = EDGE_LOOP('',(#7085,#7086,#7087,#7088));
#7085 = ORIENTED_EDGE('',*,*,#6579,.T.);
#7086 = ORIENTED_EDGE('',*,*,#5949,.T.);
#7087 = ORIENTED_EDGE('',*,*,#7071,.F.);
#7088 = ORIENTED_EDGE('',*,*,#5883,.F.);
#7089 = CYLINDRICAL_SURFACE('',#7090,34.5);
#7090 = AXIS2_PLACEMENT_3D('',#7091,#7092,#7093);
#7091 = CARTESIAN_POINT('',(0.,0.,10.));
#7092 = DIRECTION('',(0.,0.,-1.));
#7093 = DIRECTION('',(1.,0.,0.));
#7094 = ADVANCED_FACE('',(#7095),#7115,.T.);
#7095 = FACE_BOUND('',#7096,.T.);
#7096 = EDGE_LOOP('',(#7097,#7106,#7107,#7108));
#7097 = ORIENTED_EDGE('',*,*,#7098,.F.);
#7098 = EDGE_CURVE('',#6009,#7099,#7101,.T.);
#7099 = VERTEX_POINT('',#7100);
#7100 = CARTESIAN_POINT('',(22.,0.,12.2));
#7101 = CIRCLE('',#7102,0.8);
#7102 = AXIS2_PLACEMENT_3D('',#7103,#7104,#7105);
#7103 = CARTESIAN_POINT('',(22.8,0.,12.2));
#7104 = DIRECTION('',(0.,-1.,0.));
#7105 = DIRECTION('',(1.,0.,0.));
#7106 = ORIENTED_EDGE('',*,*,#6008,.T.);
#7107 = ORIENTED_EDGE('',*,*,#7098,.T.);
#7108 = ORIENTED_EDGE('',*,*,#7109,.F.);
#7109 = EDGE_CURVE('',#7099,#7099,#7110,.T.);
#7110 = CIRCLE('',#7111,22.);
#7111 = AXIS2_PLACEMENT_3D('',#7112,#7113,#7114);
#7112 = CARTESIAN_POINT('',(0.,0.,12.2));
#7113 = DIRECTION('',(0.,0.,1.));
#7114 = DIRECTION('',(1.,0.,0.));
#7115 = TOROIDAL_SURFACE('',#7116,22.8,0.8);
#7116 = AXIS2_PLACEMENT_3D('',#7117,#7118,#7119);
#7117 = CARTESIAN_POINT('',(0.,0.,12.2));
#7118 = DIRECTION('',(0.,0.,1.));
#7119 = DIRECTION('',(1.,0.,0.));
#7120 = ADVANCED_FACE('',(#7121),#7146,.F.);
#7121 = FACE_BOUND('',#7122,.F.);
#7122 = EDGE_LOOP('',(#7123,#7124,#7132,#7140));
#7123 = ORIENTED_EDGE('',*,*,#6019,.F.);
#7124 = ORIENTED_EDGE('',*,*,#7125,.T.);
#7125 = EDGE_CURVE('',#6020,#7126,#7128,.T.);
#7126 = VERTEX_POINT('',#7127);
#7127 = CARTESIAN_POINT('',(24.5,4.,10.));
#7128 = LINE('',#7129,#7130);
#7129 = CARTESIAN_POINT('',(24.5,4.,13.));
#7130 = VECTOR('',#7131,1.);
#7131 = DIRECTION('',(-0.,-0.,-1.));
#7132 = ORIENTED_EDGE('',*,*,#7133,.F.);
#7133 = EDGE_CURVE('',#7134,#7126,#7136,.T.);
#7134 = VERTEX_POINT('',#7135);
#7135 = CARTESIAN_POINT('',(24.5,-4.,10.));
#7136 = LINE('',#7137,#7138);
#7137 = CARTESIAN_POINT('',(24.5,2.,10.));
#7138 = VECTOR('',#7139,1.);
#7139 = DIRECTION('',(0.,1.,0.));
#7140 = ORIENTED_EDGE('',*,*,#7141,.F.);
#7141 = EDGE_CURVE('',#6022,#7134,#7142,.T.);
#7142 = LINE('',#7143,#7144);
#7143 = CARTESIAN_POINT('',(24.5,-4.,13.));
#7144 = VECTOR('',#7145,1.);
#7145 = DIRECTION('',(-0.,-0.,-1.));
#7146 = PLANE('',#7147);
#7147 = AXIS2_PLACEMENT_3D('',#7148,#7149,#7150);
#7148 = CARTESIAN_POINT('',(24.5,4.,13.));
#7149 = DIRECTION('',(-1.,0.,0.));
#7150 = DIRECTION('',(0.,-1.,0.));
#7151 = ADVANCED_FACE('',(#7152),#7180,.F.);
#7152 = FACE_BOUND('',#7153,.F.);
#7153 = EDGE_LOOP('',(#7154,#7155,#7156,#7165,#7174));
#7154 = ORIENTED_EDGE('',*,*,#6080,.F.);
#7155 = ORIENTED_EDGE('',*,*,#7141,.T.);
#7156 = ORIENTED_EDGE('',*,*,#7157,.T.);
#7157 = EDGE_CURVE('',#7134,#7158,#7160,.T.);
#7158 = VERTEX_POINT('',#7159);
#7159 = CARTESIAN_POINT('',(24.580373159154,-4.561277820604,10.));
#7160 = CIRCLE('',#7161,2.);
#7161 = AXIS2_PLACEMENT_3D('',#7162,#7163,#7164);
#7162 = CARTESIAN_POINT('',(26.5,-4.,10.));
#7163 = DIRECTION('',(0.,0.,1.));
#7164 = DIRECTION('',(1.,0.,0.));
#7165 = ORIENTED_EDGE('',*,*,#7166,.T.);
#7166 = EDGE_CURVE('',#7158,#7167,#7169,.T.);
#7167 = VERTEX_POINT('',#7168);
#7168 = CARTESIAN_POINT('',(26.5,-6.,10.));
#7169 = CIRCLE('',#7170,2.);
#7170 = AXIS2_PLACEMENT_3D('',#7171,#7172,#7173);
#7171 = CARTESIAN_POINT('',(26.5,-4.,10.));
#7172 = DIRECTION('',(0.,0.,1.));
#7173 = DIRECTION('',(1.,0.,0.));
#7174 = ORIENTED_EDGE('',*,*,#7175,.F.);
#7175 = EDGE_CURVE('',#6073,#7167,#7176,.T.);
#7176 = LINE('',#7177,#7178);
#7177 = CARTESIAN_POINT('',(26.5,-6.,13.));
#7178 = VECTOR('',#7179,1.);
#7179 = DIRECTION('',(-0.,-0.,-1.));
#7180 = CYLINDRICAL_SURFACE('',#7181,2.);
#7181 = AXIS2_PLACEMENT_3D('',#7182,#7183,#7184);
#7182 = CARTESIAN_POINT('',(26.5,-4.,13.));
#7183 = DIRECTION('',(0.,0.,1.));
#7184 = DIRECTION('',(1.,0.,0.));
#7185 = ADVANCED_FACE('',(#7186),#7204,.F.);
#7186 = FACE_BOUND('',#7187,.F.);
#7187 = EDGE_LOOP('',(#7188,#7189,#7190,#7198));
#7188 = ORIENTED_EDGE('',*,*,#6072,.F.);
#7189 = ORIENTED_EDGE('',*,*,#7175,.T.);
#7190 = ORIENTED_EDGE('',*,*,#7191,.F.);
#7191 = EDGE_CURVE('',#7192,#7167,#7194,.T.);
#7192 = VERTEX_POINT('',#7193);
#7193 = CARTESIAN_POINT('',(31.5,-6.,10.));
#7194 = LINE('',#7195,#7196);
#7195 = CARTESIAN_POINT('',(13.25,-6.,10.));
#7196 = VECTOR('',#7197,1.);
#7197 = DIRECTION('',(-1.,0.,0.));
#7198 = ORIENTED_EDGE('',*,*,#7199,.F.);
#7199 = EDGE_CURVE('',#6064,#7192,#7200,.T.);
#7200 = LINE('',#7201,#7202);
#7201 = CARTESIAN_POINT('',(31.5,-6.,13.));
#7202 = VECTOR('',#7203,1.);
#7203 = DIRECTION('',(-0.,-0.,-1.));
#7204 = PLANE('',#7205);
#7205 = AXIS2_PLACEMENT_3D('',#7206,#7207,#7208);
#7206 = CARTESIAN_POINT('',(26.5,-6.,13.));
#7207 = DIRECTION('',(0.,-1.,0.));
#7208 = DIRECTION('',(1.,0.,0.));
#7209 = ADVANCED_FACE('',(#7210),#7229,.F.);
#7210 = FACE_BOUND('',#7211,.F.);
#7211 = EDGE_LOOP('',(#7212,#7213,#7214,#7223));
#7212 = ORIENTED_EDGE('',*,*,#6063,.F.);
#7213 = ORIENTED_EDGE('',*,*,#7199,.T.);
#7214 = ORIENTED_EDGE('',*,*,#7215,.T.);
#7215 = EDGE_CURVE('',#7192,#7216,#7218,.T.);
#7216 = VERTEX_POINT('',#7217);
#7217 = CARTESIAN_POINT('',(33.5,-4.,10.));
#7218 = CIRCLE('',#7219,2.);
#7219 = AXIS2_PLACEMENT_3D('',#7220,#7221,#7222);
#7220 = CARTESIAN_POINT('',(31.5,-4.,10.));
#7221 = DIRECTION('',(0.,0.,1.));
#7222 = DIRECTION('',(1.,0.,0.));
#7223 = ORIENTED_EDGE('',*,*,#7224,.F.);
#7224 = EDGE_CURVE('',#6056,#7216,#7225,.T.);
#7225 = LINE('',#7226,#7227);
#7226 = CARTESIAN_POINT('',(33.5,-4.,13.));
#7227 = VECTOR('',#7228,1.);
#7228 = DIRECTION('',(-0.,-0.,-1.));
#7229 = CYLINDRICAL_SURFACE('',#7230,2.);
#7230 = AXIS2_PLACEMENT_3D('',#7231,#7232,#7233);
#7231 = CARTESIAN_POINT('',(31.5,-4.,13.));
#7232 = DIRECTION('',(0.,0.,1.));
#7233 = DIRECTION('',(1.,0.,0.));
#7234 = ADVANCED_FACE('',(#7235),#7253,.F.);
#7235 = FACE_BOUND('',#7236,.F.);
#7236 = EDGE_LOOP('',(#7237,#7238,#7239,#7247));
#7237 = ORIENTED_EDGE('',*,*,#6055,.F.);
#7238 = ORIENTED_EDGE('',*,*,#7224,.T.);
#7239 = ORIENTED_EDGE('',*,*,#7240,.F.);
#7240 = EDGE_CURVE('',#7241,#7216,#7243,.T.);
#7241 = VERTEX_POINT('',#7242);
#7242 = CARTESIAN_POINT('',(33.5,4.,10.));
#7243 = LINE('',#7244,#7245);
#7244 = CARTESIAN_POINT('',(33.5,-2.,10.));
#7245 = VECTOR('',#7246,1.);
#7246 = DIRECTION('',(0.,-1.,0.));
#7247 = ORIENTED_EDGE('',*,*,#7248,.F.);
#7248 = EDGE_CURVE('',#6047,#7241,#7249,.T.);
#7249 = LINE('',#7250,#7251);
#7250 = CARTESIAN_POINT('',(33.5,4.,13.));
#7251 = VECTOR('',#7252,1.);
#7252 = DIRECTION('',(-0.,-0.,-1.));
#7253 = PLANE('',#7254);
#7254 = AXIS2_PLACEMENT_3D('',#7255,#7256,#7257);
#7255 = CARTESIAN_POINT('',(33.5,-4.,13.));
#7256 = DIRECTION('',(1.,0.,0.));
#7257 = DIRECTION('',(0.,1.,0.));
#7258 = ADVANCED_FACE('',(#7259),#7278,.F.);
#7259 = FACE_BOUND('',#7260,.F.);
#7260 = EDGE_LOOP('',(#7261,#7262,#7263,#7272));
#7261 = ORIENTED_EDGE('',*,*,#6046,.F.);
#7262 = ORIENTED_EDGE('',*,*,#7248,.T.);
#7263 = ORIENTED_EDGE('',*,*,#7264,.T.);
#7264 = EDGE_CURVE('',#7241,#7265,#7267,.T.);
#7265 = VERTEX_POINT('',#7266);
#7266 = CARTESIAN_POINT('',(31.5,6.,10.));
#7267 = CIRCLE('',#7268,2.);
#7268 = AXIS2_PLACEMENT_3D('',#7269,#7270,#7271);
#7269 = CARTESIAN_POINT('',(31.5,4.,10.));
#7270 = DIRECTION('',(0.,0.,1.));
#7271 = DIRECTION('',(1.,0.,0.));
#7272 = ORIENTED_EDGE('',*,*,#7273,.F.);
#7273 = EDGE_CURVE('',#6039,#7265,#7274,.T.);
#7274 = LINE('',#7275,#7276);
#7275 = CARTESIAN_POINT('',(31.5,6.,13.));
#7276 = VECTOR('',#7277,1.);
#7277 = DIRECTION('',(-0.,-0.,-1.));
#7278 = CYLINDRICAL_SURFACE('',#7279,2.);
#7279 = AXIS2_PLACEMENT_3D('',#7280,#7281,#7282);
#7280 = CARTESIAN_POINT('',(31.5,4.,13.));
#7281 = DIRECTION('',(0.,0.,1.));
#7282 = DIRECTION('',(1.,0.,0.));
#7283 = ADVANCED_FACE('',(#7284),#7302,.F.);
#7284 = FACE_BOUND('',#7285,.F.);
#7285 = EDGE_LOOP('',(#7286,#7287,#7288,#7296));
#7286 = ORIENTED_EDGE('',*,*,#6038,.F.);
#7287 = ORIENTED_EDGE('',*,*,#7273,.T.);
#7288 = ORIENTED_EDGE('',*,*,#7289,.F.);
#7289 = EDGE_CURVE('',#7290,#7265,#7292,.T.);
#7290 = VERTEX_POINT('',#7291);
#7291 = CARTESIAN_POINT('',(26.5,6.,10.));
#7292 = LINE('',#7293,#7294);
#7293 = CARTESIAN_POINT('',(15.75,6.,10.));
#7294 = VECTOR('',#7295,1.);
#7295 = DIRECTION('',(1.,0.,0.));
#7296 = ORIENTED_EDGE('',*,*,#7297,.F.);
#7297 = EDGE_CURVE('',#6030,#7290,#7298,.T.);
#7298 = LINE('',#7299,#7300);
#7299 = CARTESIAN_POINT('',(26.5,6.,13.));
#7300 = VECTOR('',#7301,1.);
#7301 = DIRECTION('',(-0.,-0.,-1.));
#7302 = PLANE('',#7303);
#7303 = AXIS2_PLACEMENT_3D('',#7304,#7305,#7306);
#7304 = CARTESIAN_POINT('',(31.5,6.,13.));
#7305 = DIRECTION('',(0.,1.,0.));
#7306 = DIRECTION('',(-1.,0.,0.));
#7307 = ADVANCED_FACE('',(#7308),#7329,.F.);
#7308 = FACE_BOUND('',#7309,.F.);
#7309 = EDGE_LOOP('',(#7310,#7311,#7312,#7321,#7328));
#7310 = ORIENTED_EDGE('',*,*,#6029,.F.);
#7311 = ORIENTED_EDGE('',*,*,#7297,.T.);
#7312 = ORIENTED_EDGE('',*,*,#7313,.T.);
#7313 = EDGE_CURVE('',#7290,#7314,#7316,.T.);
#7314 = VERTEX_POINT('',#7315);
#7315 = CARTESIAN_POINT('',(24.580373159154,4.561277820604,10.));
#7316 = CIRCLE('',#7317,2.);
#7317 = AXIS2_PLACEMENT_3D('',#7318,#7319,#7320);
#7318 = CARTESIAN_POINT('',(26.5,4.,10.));
#7319 = DIRECTION('',(0.,0.,1.));
#7320 = DIRECTION('',(1.,0.,0.));
#7321 = ORIENTED_EDGE('',*,*,#7322,.T.);
#7322 = EDGE_CURVE('',#7314,#7126,#7323,.T.);
#7323 = CIRCLE('',#7324,2.);
#7324 = AXIS2_PLACEMENT_3D('',#7325,#7326,#7327);
#7325 = CARTESIAN_POINT('',(26.5,4.,10.));
#7326 = DIRECTION('',(0.,0.,1.));
#7327 = DIRECTION('',(1.,0.,0.));
#7328 = ORIENTED_EDGE('',*,*,#7125,.F.);
#7329 = CYLINDRICAL_SURFACE('',#7330,2.);
#7330 = AXIS2_PLACEMENT_3D('',#7331,#7332,#7333);
#7331 = CARTESIAN_POINT('',(26.5,4.,13.));
#7332 = DIRECTION('',(0.,0.,1.));
#7333 = DIRECTION('',(1.,0.,0.));
#7334 = ADVANCED_FACE('',(#7335),#7347,.F.);
#7335 = FACE_BOUND('',#7336,.F.);
#7336 = EDGE_LOOP('',(#7337,#7338,#7339,#7340));
#7337 = ORIENTED_EDGE('',*,*,#6180,.T.);
#7338 = ORIENTED_EDGE('',*,*,#6136,.T.);
#7339 = ORIENTED_EDGE('',*,*,#6095,.T.);
#7340 = ORIENTED_EDGE('',*,*,#7341,.T.);
#7341 = EDGE_CURVE('',#6098,#6181,#7342,.T.);
#7342 = CIRCLE('',#7343,34.5);
#7343 = AXIS2_PLACEMENT_3D('',#7344,#7345,#7346);
#7344 = CARTESIAN_POINT('',(0.,0.,10.));
#7345 = DIRECTION('',(0.,0.,-1.));
#7346 = DIRECTION('',(1.,0.,0.));
#7347 = PLANE('',#7348);
#7348 = AXIS2_PLACEMENT_3D('',#7349,#7350,#7351);
#7349 = CARTESIAN_POINT('',(0.,0.,10.));
#7350 = DIRECTION('',(0.,0.,1.));
#7351 = DIRECTION('',(1.,0.,0.));
#7352 = ADVANCED_FACE('',(#7353),#7359,.F.);
#7353 = FACE_BOUND('',#7354,.F.);
#7354 = EDGE_LOOP('',(#7355,#7356,#7357,#7358));
#7355 = ORIENTED_EDGE('',*,*,#6565,.T.);
#7356 = ORIENTED_EDGE('',*,*,#6188,.T.);
#7357 = ORIENTED_EDGE('',*,*,#7341,.F.);
#7358 = ORIENTED_EDGE('',*,*,#6122,.F.);
#7359 = CYLINDRICAL_SURFACE('',#7360,34.5);
#7360 = AXIS2_PLACEMENT_3D('',#7361,#7362,#7363);
#7361 = CARTESIAN_POINT('',(0.,0.,10.));
#7362 = DIRECTION('',(0.,0.,-1.));
#7363 = DIRECTION('',(1.,0.,0.));
#7364 = ADVANCED_FACE('',(#7365),#7377,.F.);
#7365 = FACE_BOUND('',#7366,.F.);
#7366 = EDGE_LOOP('',(#7367,#7368,#7369,#7370));
#7367 = ORIENTED_EDGE('',*,*,#6311,.T.);
#7368 = ORIENTED_EDGE('',*,*,#6267,.T.);
#7369 = ORIENTED_EDGE('',*,*,#6226,.T.);
#7370 = ORIENTED_EDGE('',*,*,#7371,.T.);
#7371 = EDGE_CURVE('',#6229,#6312,#7372,.T.);
#7372 = CIRCLE('',#7373,34.5);
#7373 = AXIS2_PLACEMENT_3D('',#7374,#7375,#7376);
#7374 = CARTESIAN_POINT('',(0.,0.,10.));
#7375 = DIRECTION('',(0.,0.,-1.));
#7376 = DIRECTION('',(1.,0.,0.));
#7377 = PLANE('',#7378);
#7378 = AXIS2_PLACEMENT_3D('',#7379,#7380,#7381);
#7379 = CARTESIAN_POINT('',(0.,0.,10.));
#7380 = DIRECTION('',(0.,0.,1.));
#7381 = DIRECTION('',(1.,0.,0.));
#7382 = ADVANCED_FACE('',(#7383),#7389,.F.);
#7383 = FACE_BOUND('',#7384,.F.);
#7384 = EDGE_LOOP('',(#7385,#7386,#7387,#7388));
#7385 = ORIENTED_EDGE('',*,*,#6709,.T.);
#7386 = ORIENTED_EDGE('',*,*,#6319,.T.);
#7387 = ORIENTED_EDGE('',*,*,#7371,.F.);
#7388 = ORIENTED_EDGE('',*,*,#6253,.F.);
#7389 = CYLINDRICAL_SURFACE('',#7390,34.5);
#7390 = AXIS2_PLACEMENT_3D('',#7391,#7392,#7393);
#7391 = CARTESIAN_POINT('',(0.,0.,10.));
#7392 = DIRECTION('',(0.,0.,-1.));
#7393 = DIRECTION('',(1.,0.,0.));
#7394 = ADVANCED_FACE('',(#7395),#7407,.F.);
#7395 = FACE_BOUND('',#7396,.F.);
#7396 = EDGE_LOOP('',(#7397,#7398,#7399,#7400));
#7397 = ORIENTED_EDGE('',*,*,#6442,.T.);
#7398 = ORIENTED_EDGE('',*,*,#6398,.T.);
#7399 = ORIENTED_EDGE('',*,*,#6357,.T.);
#7400 = ORIENTED_EDGE('',*,*,#7401,.T.);
#7401 = EDGE_CURVE('',#6360,#6443,#7402,.T.);
#7402 = CIRCLE('',#7403,34.5);
#7403 = AXIS2_PLACEMENT_3D('',#7404,#7405,#7406);
#7404 = CARTESIAN_POINT('',(0.,0.,10.));
#7405 = DIRECTION('',(0.,0.,-1.));
#7406 = DIRECTION('',(1.,0.,0.));
#7407 = PLANE('',#7408);
#7408 = AXIS2_PLACEMENT_3D('',#7409,#7410,#7411);
#7409 = CARTESIAN_POINT('',(0.,0.,10.));
#7410 = DIRECTION('',(0.,0.,1.));
#7411 = DIRECTION('',(1.,0.,0.));
#7412 = ADVANCED_FACE('',(#7413),#7419,.F.);
#7413 = FACE_BOUND('',#7414,.F.);
#7414 = EDGE_LOOP('',(#7415,#7416,#7417,#7418));
#7415 = ORIENTED_EDGE('',*,*,#6699,.T.);
#7416 = ORIENTED_EDGE('',*,*,#6450,.T.);
#7417 = ORIENTED_EDGE('',*,*,#7401,.F.);
#7418 = ORIENTED_EDGE('',*,*,#6384,.F.);
#7419 = CYLINDRICAL_SURFACE('',#7420,34.5);
#7420 = AXIS2_PLACEMENT_3D('',#7421,#7422,#7423);
#7421 = CARTESIAN_POINT('',(0.,0.,10.));
#7422 = DIRECTION('',(0.,0.,-1.));
#7423 = DIRECTION('',(1.,0.,0.));
#7424 = ADVANCED_FACE('',(#7425),#7444,.T.);
#7425 = FACE_BOUND('',#7426,.T.);
#7426 = EDGE_LOOP('',(#7427,#7435,#7436,#7437));
#7427 = ORIENTED_EDGE('',*,*,#7428,.T.);
#7428 = EDGE_CURVE('',#7429,#6722,#7431,.T.);
#7429 = VERTEX_POINT('',#7430);
#7430 = CARTESIAN_POINT('',(34.,0.,10.));
#7431 = LINE('',#7432,#7433);
#7432 = CARTESIAN_POINT('',(34.,0.,10.));
#7433 = VECTOR('',#7434,1.);
#7434 = DIRECTION('',(0.,0.,1.));
#7435 = ORIENTED_EDGE('',*,*,#6721,.T.);
#7436 = ORIENTED_EDGE('',*,*,#7428,.F.);
#7437 = ORIENTED_EDGE('',*,*,#7438,.F.);
#7438 = EDGE_CURVE('',#7429,#7429,#7439,.T.);
#7439 = CIRCLE('',#7440,34.);
#7440 = AXIS2_PLACEMENT_3D('',#7441,#7442,#7443);
#7441 = CARTESIAN_POINT('',(0.,0.,10.));
#7442 = DIRECTION('',(0.,0.,-1.));
#7443 = DIRECTION('',(1.,0.,0.));
#7444 = CYLINDRICAL_SURFACE('',#7445,34.);
#7445 = AXIS2_PLACEMENT_3D('',#7446,#7447,#7448);
#7446 = CARTESIAN_POINT('',(0.,0.,10.));
#7447 = DIRECTION('',(0.,0.,-1.));
#7448 = DIRECTION('',(1.,0.,0.));
#7449 = ADVANCED_FACE('',(#7450),#7554,.F.);
#7450 = FACE_BOUND('',#7451,.F.);
#7451 = EDGE_LOOP('',(#7452,#7453,#7461,#7470,#7478,#7497,#7506,#7538,
    #7546,#7553));
#7452 = ORIENTED_EDGE('',*,*,#7109,.F.);
#7453 = ORIENTED_EDGE('',*,*,#7454,.T.);
#7454 = EDGE_CURVE('',#7099,#7455,#7457,.T.);
#7455 = VERTEX_POINT('',#7456);
#7456 = CARTESIAN_POINT('',(22.,0.,6.));
#7457 = LINE('',#7458,#7459);
#7458 = CARTESIAN_POINT('',(22.,0.,13.));
#7459 = VECTOR('',#7460,1.);
#7460 = DIRECTION('',(-0.,-0.,-1.));
#7461 = ORIENTED_EDGE('',*,*,#7462,.T.);
#7462 = EDGE_CURVE('',#7455,#7463,#7465,.T.);
#7463 = VERTEX_POINT('',#7464);
#7464 = CARTESIAN_POINT('',(-2.5,21.857492994394,6.));
#7465 = CIRCLE('',#7466,22.);
#7466 = AXIS2_PLACEMENT_3D('',#7467,#7468,#7469);
#7467 = CARTESIAN_POINT('',(0.,0.,6.));
#7468 = DIRECTION('',(0.,0.,1.));
#7469 = DIRECTION('',(1.,0.,0.));
#7470 = ORIENTED_EDGE('',*,*,#7471,.T.);
#7471 = EDGE_CURVE('',#7463,#7472,#7474,.T.);
#7472 = VERTEX_POINT('',#7473);
#7473 = CARTESIAN_POINT('',(-2.5,21.857492994394,7.5));
#7474 = LINE('',#7475,#7476);
#7475 = CARTESIAN_POINT('',(-2.5,21.857492994394,13.));
#7476 = VECTOR('',#7477,1.);
#7477 = DIRECTION('',(0.,0.,1.));
#7478 = ORIENTED_EDGE('',*,*,#7479,.T.);
#7479 = EDGE_CURVE('',#7472,#7480,#7482,.T.);
#7480 = VERTEX_POINT('',#7481);
#7481 = CARTESIAN_POINT('',(-4.5,21.534855467358,9.5));
#7482 = B_SPLINE_CURVE_WITH_KNOTS('',7,(#7483,#7484,#7485,#7486,#7487,
    #7488,#7489,#7490,#7491,#7492,#7493,#7494,#7495,#7496),
  .UNSPECIFIED.,.F.,.F.,(8,6,8),(0.,0.622608898371,1.),.UNSPECIFIED.);
#7483 = CARTESIAN_POINT('',(-2.5,21.857492994394,7.5));
#7484 = CARTESIAN_POINT('',(-2.5,21.857492994394,7.746569296686));
#7485 = CARTESIAN_POINT('',(-2.535464939595,21.853436374234,
    7.993165133296));
#7486 = CARTESIAN_POINT('',(-2.606405506368,21.845323583777,
    8.236548240153));
#7487 = CARTESIAN_POINT('',(-2.714015132169,21.832645295893,
    8.473091654654));
#7488 = CARTESIAN_POINT('',(-2.860047318244,21.814477473404,
    8.697755297896));
#7489 = CARTESIAN_POINT('',(-3.046467141907,21.789264980098,
    8.903673255484));
#7490 = CARTESIAN_POINT('',(-3.412216413051,21.734218714573,
    9.187377471292));
#7491 = CARTESIAN_POINT('',(-3.566743518187,21.709917058791,9.2847127032
    ));
#7492 = CARTESIAN_POINT('',(-3.736111735202,21.681883304751,
    9.367748314082));
#7493 = CARTESIAN_POINT('',(-3.917680451845,21.650050252045,
    9.432873790445));
#7494 = CARTESIAN_POINT('',(-4.108081865948,21.614569051168,
    9.477478245841));
#7495 = CARTESIAN_POINT('',(-4.303508965636,21.575914932836,9.5));
#7496 = CARTESIAN_POINT('',(-4.5,21.534855467358,9.5));
#7497 = ORIENTED_EDGE('',*,*,#7498,.T.);
#7498 = EDGE_CURVE('',#7480,#7499,#7501,.T.);
#7499 = VERTEX_POINT('',#7500);
#7500 = CARTESIAN_POINT('',(-14.5,16.545392107774,9.5));
#7501 = CIRCLE('',#7502,22.);
#7502 = AXIS2_PLACEMENT_3D('',#7503,#7504,#7505);
#7503 = CARTESIAN_POINT('',(0.,0.,9.5));
#7504 = DIRECTION('',(0.,0.,1.));
#7505 = DIRECTION('',(1.,0.,0.));
#7506 = ORIENTED_EDGE('',*,*,#7507,.T.);
#7507 = EDGE_CURVE('',#7499,#7508,#7510,.T.);
#7508 = VERTEX_POINT('',#7509);
#7509 = CARTESIAN_POINT('',(-16.5,14.551632210855,7.5));
#7510 = B_SPLINE_CURVE_WITH_KNOTS('',6,(#7511,#7512,#7513,#7514,#7515,
    #7516,#7517,#7518,#7519,#7520,#7521,#7522,#7523,#7524,#7525,#7526,
    #7527,#7528,#7529,#7530,#7531,#7532,#7533,#7534,#7535,#7536,#7537),
  .UNSPECIFIED.,.F.,.F.,(7,5,5,5,5,7),(0.,0.275151158912,0.502634830696,
    0.589458841126,0.713482454209,1.),.UNSPECIFIED.);
#7511 = CARTESIAN_POINT('',(-14.5,16.545392107774,9.5));
#7512 = CARTESIAN_POINT('',(-14.64181217586,16.421111187952,9.5));
#7513 = CARTESIAN_POINT('',(-14.78187709584,16.295782513596,
    9.487933629253));
#7514 = CARTESIAN_POINT('',(-14.91933119375,16.170195745944,
    9.464358058761));
#7515 = CARTESIAN_POINT('',(-15.0534175627,16.045149238998,
    9.429764583962));
#7516 = CARTESIAN_POINT('',(-15.18343502316,15.921485997535,
    9.384587723765));
#7517 = CARTESIAN_POINT('',(-15.41224053666,15.699797181389,
    9.283433864413));
#7518 = CARTESIAN_POINT('',(-15.51257987177,15.600999797901,
    9.230664697786));
#7519 = CARTESIAN_POINT('',(-15.60938157114,15.504189755666,
    9.171081587289));
#7520 = CARTESIAN_POINT('',(-15.7022974331,15.409876762635,
    9.104809038044));
#7521 = CARTESIAN_POINT('',(-15.79093017801,15.318655376209,
    9.031939171907));
#7522 = CARTESIAN_POINT('',(-15.90682307351,15.19786557246,
    8.922248880524));
#7523 = CARTESIAN_POINT('',(-15.93814441584,15.165052324934,
    8.890998747271));
#7524 = CARTESIAN_POINT('',(-15.96874651965,15.132832247385,
    8.858803539902));
#7525 = CARTESIAN_POINT('',(-15.99860061675,15.101248098242,
    8.825668547275));
#7526 = CARTESIAN_POINT('',(-16.02767562489,15.07034582017,
    8.791600014109));
#7527 = CARTESIAN_POINT('',(-16.09630970146,14.997076425238,
    8.706616772766));
#7528 = CARTESIAN_POINT('',(-16.1350320591,14.955460388716,
    8.654727547336));
#7529 = CARTESIAN_POINT('',(-16.17199592756,14.915482893732,
    8.600971458051));
#7530 = CARTESIAN_POINT('',(-16.20708861822,14.877306320912,
    8.545387125644));
#7531 = CARTESIAN_POINT('',(-16.24019404695,14.841098968276,
    8.488017798224));
#7532 = CARTESIAN_POINT('',(-16.34280545008,14.728341085881,
    8.29236449783));
#7533 = CARTESIAN_POINT('',(-16.40365972283,14.660552300054,
    8.145619408758));
#7534 = CARTESIAN_POINT('',(-16.45115693677,14.607016360153,
    7.990620391467));
#7535 = CARTESIAN_POINT('',(-16.48360551077,14.570221460949,
    7.82968376631));
#7536 = CARTESIAN_POINT('',(-16.5,14.551632210855,7.665301043143));
#7537 = CARTESIAN_POINT('',(-16.5,14.551632210855,7.5));
#7538 = ORIENTED_EDGE('',*,*,#7539,.F.);
#7539 = EDGE_CURVE('',#7540,#7508,#7542,.T.);
#7540 = VERTEX_POINT('',#7541);
#7541 = CARTESIAN_POINT('',(-16.5,14.551632210855,6.));
#7542 = LINE('',#7543,#7544);
#7543 = CARTESIAN_POINT('',(-16.5,14.551632210855,13.));
#7544 = VECTOR('',#7545,1.);
#7545 = DIRECTION('',(0.,0.,1.));
#7546 = ORIENTED_EDGE('',*,*,#7547,.T.);
#7547 = EDGE_CURVE('',#7540,#7455,#7548,.T.);
#7548 = CIRCLE('',#7549,22.);
#7549 = AXIS2_PLACEMENT_3D('',#7550,#7551,#7552);
#7550 = CARTESIAN_POINT('',(0.,0.,6.));
#7551 = DIRECTION('',(0.,0.,1.));
#7552 = DIRECTION('',(1.,0.,0.));
#7553 = ORIENTED_EDGE('',*,*,#7454,.F.);
#7554 = CYLINDRICAL_SURFACE('',#7555,22.);
#7555 = AXIS2_PLACEMENT_3D('',#7556,#7557,#7558);
#7556 = CARTESIAN_POINT('',(0.,0.,13.));
#7557 = DIRECTION('',(0.,0.,1.));
#7558 = DIRECTION('',(1.,0.,0.));
#7559 = ADVANCED_FACE('',(#7560),#7581,.T.);
#7560 = FACE_BOUND('',#7561,.T.);
#7561 = EDGE_LOOP('',(#7562,#7563,#7564,#7573,#7580));
#7562 = ORIENTED_EDGE('',*,*,#7133,.F.);
#7563 = ORIENTED_EDGE('',*,*,#7157,.T.);
#7564 = ORIENTED_EDGE('',*,*,#7565,.T.);
#7565 = EDGE_CURVE('',#7158,#7566,#7568,.T.);
#7566 = VERTEX_POINT('',#7567);
#7567 = CARTESIAN_POINT('',(25.,0.,10.));
#7568 = CIRCLE('',#7569,25.);
#7569 = AXIS2_PLACEMENT_3D('',#7570,#7571,#7572);
#7570 = CARTESIAN_POINT('',(0.,0.,10.));
#7571 = DIRECTION('',(0.,0.,1.));
#7572 = DIRECTION('',(1.,0.,0.));
#7573 = ORIENTED_EDGE('',*,*,#7574,.T.);
#7574 = EDGE_CURVE('',#7566,#7314,#7575,.T.);
#7575 = CIRCLE('',#7576,25.);
#7576 = AXIS2_PLACEMENT_3D('',#7577,#7578,#7579);
#7577 = CARTESIAN_POINT('',(0.,0.,10.));
#7578 = DIRECTION('',(0.,0.,1.));
#7579 = DIRECTION('',(1.,0.,0.));
#7580 = ORIENTED_EDGE('',*,*,#7322,.T.);
#7581 = PLANE('',#7582);
#7582 = AXIS2_PLACEMENT_3D('',#7583,#7584,#7585);
#7583 = CARTESIAN_POINT('',(0.,0.,10.));
#7584 = DIRECTION('',(0.,0.,1.));
#7585 = DIRECTION('',(1.,0.,0.));
#7586 = ADVANCED_FACE('',(#7587,#7590),#7606,.F.);
#7587 = FACE_BOUND('',#7588,.F.);
#7588 = EDGE_LOOP('',(#7589));
#7589 = ORIENTED_EDGE('',*,*,#7438,.F.);
#7590 = FACE_BOUND('',#7591,.F.);
#7591 = EDGE_LOOP('',(#7592,#7599,#7600,#7601,#7602,#7603,#7604,#7605));
#7592 = ORIENTED_EDGE('',*,*,#7593,.F.);
#7593 = EDGE_CURVE('',#7314,#7158,#7594,.T.);
#7594 = CIRCLE('',#7595,25.);
#7595 = AXIS2_PLACEMENT_3D('',#7596,#7597,#7598);
#7596 = CARTESIAN_POINT('',(0.,0.,10.));
#7597 = DIRECTION('',(0.,0.,1.));
#7598 = DIRECTION('',(1.,0.,0.));
#7599 = ORIENTED_EDGE('',*,*,#7313,.F.);
#7600 = ORIENTED_EDGE('',*,*,#7289,.T.);
#7601 = ORIENTED_EDGE('',*,*,#7264,.F.);
#7602 = ORIENTED_EDGE('',*,*,#7240,.T.);
#7603 = ORIENTED_EDGE('',*,*,#7215,.F.);
#7604 = ORIENTED_EDGE('',*,*,#7191,.T.);
#7605 = ORIENTED_EDGE('',*,*,#7166,.F.);
#7606 = PLANE('',#7607);
#7607 = AXIS2_PLACEMENT_3D('',#7608,#7609,#7610);
#7608 = CARTESIAN_POINT('',(0.,0.,10.));
#7609 = DIRECTION('',(0.,0.,1.));
#7610 = DIRECTION('',(1.,0.,0.));
#7611 = ADVANCED_FACE('',(#7612),#7638,.T.);
#7612 = FACE_BOUND('',#7613,.T.);
#7613 = EDGE_LOOP('',(#7614,#7615,#7616,#7624,#7632));
#7614 = ORIENTED_EDGE('',*,*,#7547,.T.);
#7615 = ORIENTED_EDGE('',*,*,#7462,.T.);
#7616 = ORIENTED_EDGE('',*,*,#7617,.T.);
#7617 = EDGE_CURVE('',#7463,#7618,#7620,.T.);
#7618 = VERTEX_POINT('',#7619);
#7619 = CARTESIAN_POINT('',(-2.5,-5.,6.));
#7620 = LINE('',#7621,#7622);
#7621 = CARTESIAN_POINT('',(-2.5,12.5,6.));
#7622 = VECTOR('',#7623,1.);
#7623 = DIRECTION('',(0.,-1.,0.));
#7624 = ORIENTED_EDGE('',*,*,#7625,.T.);
#7625 = EDGE_CURVE('',#7618,#7626,#7628,.T.);
#7626 = VERTEX_POINT('',#7627);
#7627 = CARTESIAN_POINT('',(-16.5,-5.,6.));
#7628 = LINE('',#7629,#7630);
#7629 = CARTESIAN_POINT('',(-4.75,-5.,6.));
#7630 = VECTOR('',#7631,1.);
#7631 = DIRECTION('',(-1.,0.,0.));
#7632 = ORIENTED_EDGE('',*,*,#7633,.T.);
#7633 = EDGE_CURVE('',#7626,#7540,#7634,.T.);
#7634 = LINE('',#7635,#7636);
#7635 = CARTESIAN_POINT('',(-16.5,12.5,6.));
#7636 = VECTOR('',#7637,1.);
#7637 = DIRECTION('',(0.,1.,0.));
#7638 = PLANE('',#7639);
#7639 = AXIS2_PLACEMENT_3D('',#7640,#7641,#7642);
#7640 = CARTESIAN_POINT('',(-1.49E-15,-9.E-16,6.));
#7641 = DIRECTION('',(0.,0.,1.));
#7642 = DIRECTION('',(1.,0.,0.));
#7643 = ADVANCED_FACE('',(#7644),#7678,.T.);
#7644 = FACE_BOUND('',#7645,.T.);
#7645 = EDGE_LOOP('',(#7646,#7656,#7662,#7663,#7664,#7672));
#7646 = ORIENTED_EDGE('',*,*,#7647,.F.);
#7647 = EDGE_CURVE('',#7648,#7650,#7652,.T.);
#7648 = VERTEX_POINT('',#7649);
#7649 = CARTESIAN_POINT('',(-16.5,18.781639970993,7.5));
#7650 = VERTEX_POINT('',#7651);
#7651 = CARTESIAN_POINT('',(-16.5,18.781639970993,3.5));
#7652 = LINE('',#7653,#7654);
#7653 = CARTESIAN_POINT('',(-16.5,18.781639970993,0.));
#7654 = VECTOR('',#7655,1.);
#7655 = DIRECTION('',(-0.,-0.,-1.));
#7656 = ORIENTED_EDGE('',*,*,#7657,.T.);
#7657 = EDGE_CURVE('',#7648,#7508,#7658,.T.);
#7658 = LINE('',#7659,#7660);
#7659 = CARTESIAN_POINT('',(-16.5,25.,7.5));
#7660 = VECTOR('',#7661,1.);
#7661 = DIRECTION('',(0.,-1.,3.3E-16));
#7662 = ORIENTED_EDGE('',*,*,#7539,.F.);
#7663 = ORIENTED_EDGE('',*,*,#7633,.F.);
#7664 = ORIENTED_EDGE('',*,*,#7665,.T.);
#7665 = EDGE_CURVE('',#7626,#7666,#7668,.T.);
#7666 = VERTEX_POINT('',#7667);
#7667 = CARTESIAN_POINT('',(-16.5,-5.,3.5));
#7668 = LINE('',#7669,#7670);
#7669 = CARTESIAN_POINT('',(-16.5,-5.,7.5));
#7670 = VECTOR('',#7671,1.);
#7671 = DIRECTION('',(0.,-2.2E-16,-1.));
#7672 = ORIENTED_EDGE('',*,*,#7673,.F.);
#7673 = EDGE_CURVE('',#7650,#7666,#7674,.T.);
#7674 = LINE('',#7675,#7676);
#7675 = CARTESIAN_POINT('',(-16.5,25.,3.5));
#7676 = VECTOR('',#7677,1.);
#7677 = DIRECTION('',(0.,-1.,3.3E-16));
#7678 = PLANE('',#7679);
#7679 = AXIS2_PLACEMENT_3D('',#7680,#7681,#7682);
#7680 = CARTESIAN_POINT('',(-16.5,25.,7.5));
#7681 = DIRECTION('',(1.,0.,0.));
#7682 = DIRECTION('',(0.,-3.3E-16,-1.));
#7683 = ADVANCED_FACE('',(#7684),#7731,.F.);
#7684 = FACE_BOUND('',#7685,.T.);
#7685 = EDGE_LOOP('',(#7686,#7723,#7729,#7730));
#7686 = ORIENTED_EDGE('',*,*,#7687,.F.);
#7687 = EDGE_CURVE('',#7688,#7648,#7690,.T.);
#7688 = VERTEX_POINT('',#7689);
#7689 = CARTESIAN_POINT('',(-14.5,20.365411854416,9.5));
#7690 = B_SPLINE_CURVE_WITH_KNOTS('',6,(#7691,#7692,#7693,#7694,#7695,
    #7696,#7697,#7698,#7699,#7700,#7701,#7702,#7703,#7704,#7705,#7706,
    #7707,#7708,#7709,#7710,#7711,#7712,#7713,#7714,#7715,#7716,#7717,
    #7718,#7719,#7720,#7721,#7722),.UNSPECIFIED.,.F.,.F.,(7,5,5,5,5,5,7)
  ,(0.,0.11614380996,0.348234171491,0.516127408314,0.58700776896,
    0.697493827682,1.),.UNSPECIFIED.);
#7691 = CARTESIAN_POINT('',(-14.5,20.365411854416,9.5));
#7692 = CARTESIAN_POINT('',(-14.56205158134,20.321231656344,9.5));
#7693 = CARTESIAN_POINT('',(-14.62388207973,20.276866944742,
    9.497689758292));
#7694 = CARTESIAN_POINT('',(-14.68539194599,20.232389920082,
    9.493100154541));
#7695 = CARTESIAN_POINT('',(-14.74648447315,20.187874266922,
    9.486266539835));
#7696 = CARTESIAN_POINT('',(-14.80706579645,20.143395153907,
    9.477228736678));
#7697 = CARTESIAN_POINT('',(-14.98690121869,20.010372744476,
    9.44365466177));
#7698 = CARTESIAN_POINT('',(-15.10432516514,19.922188559665,
    9.412658615051));
#7699 = CARTESIAN_POINT('',(-15.21871957548,19.834992752398,
    9.373379792287));
#7700 = CARTESIAN_POINT('',(-15.32952603939,19.749317993817,
    9.326165086131));
#7701 = CARTESIAN_POINT('',(-15.43621776804,19.665710229027,
    9.271372267314));
#7702 = CARTESIAN_POINT('',(-15.61213289812,19.526141218403,
    9.164519296658));
#7703 = CARTESIAN_POINT('',(-15.68357501342,19.468915514551,
    9.115884645405));
#7704 = CARTESIAN_POINT('',(-15.75243399928,19.413253799355,
    9.063598577039));
#7705 = CARTESIAN_POINT('',(-15.81852860054,19.359366533727,
    9.007794396069));
#7706 = CARTESIAN_POINT('',(-15.88167941623,19.307468282661,
    8.948607315002));
#7707 = CARTESIAN_POINT('',(-15.96704943217,19.236798453888,
    8.859817234029));
#7708 = CARTESIAN_POINT('',(-15.99183400505,19.216214181629,
    8.832882398688));
#7709 = CARTESIAN_POINT('',(-16.01604684377,19.19604100003,
    8.805381232141));
#7710 = CARTESIAN_POINT('',(-16.0396737011,19.176296038939,
    8.777325342962));
#7711 = CARTESIAN_POINT('',(-16.06270015086,19.156996657588,
    8.748726935228));
#7712 = CARTESIAN_POINT('',(-16.12004582547,19.108799153035,
    8.674194808183));
#7713 = CARTESIAN_POINT('',(-16.15348890022,19.080560456814,
    8.627499581557));
#7714 = CARTESIAN_POINT('',(-16.18538125513,19.053514743834,
    8.579566744672));
#7715 = CARTESIAN_POINT('',(-16.21566562006,19.027730294469,
    8.530452088127));
#7716 = CARTESIAN_POINT('',(-16.2442870118,19.003273281561,
    8.480213577086));
#7717 = CARTESIAN_POINT('',(-16.34485946793,18.917055373034,
    8.288448019155));
#7718 = CARTESIAN_POINT('',(-16.40582717499,18.864194332409,
    8.13969966134));
#7719 = CARTESIAN_POINT('',(-16.45258990901,18.823290874569,
    7.984435048903));
#7720 = CARTESIAN_POINT('',(-16.48416333071,18.795552680323,
    7.824652957765));
#7721 = CARTESIAN_POINT('',(-16.5,18.781639970993,7.662464420009));
#7722 = CARTESIAN_POINT('',(-16.5,18.781639970993,7.5));
#7723 = ORIENTED_EDGE('',*,*,#7724,.T.);
#7724 = EDGE_CURVE('',#7688,#7499,#7725,.T.);
#7725 = LINE('',#7726,#7727);
#7726 = CARTESIAN_POINT('',(-14.5,25.,9.5));
#7727 = VECTOR('',#7728,1.);
#7728 = DIRECTION('',(0.,-1.,3.3E-16));
#7729 = ORIENTED_EDGE('',*,*,#7507,.T.);
#7730 = ORIENTED_EDGE('',*,*,#7657,.F.);
#7731 = CYLINDRICAL_SURFACE('',#7732,2.);
#7732 = AXIS2_PLACEMENT_3D('',#7733,#7734,#7735);
#7733 = CARTESIAN_POINT('',(-14.5,25.,7.5));
#7734 = DIRECTION('',(0.,1.,-3.3E-16));
#7735 = DIRECTION('',(1.,0.,0.));
#7736 = ADVANCED_FACE('',(#7737),#7756,.T.);
#7737 = FACE_BOUND('',#7738,.T.);
#7738 = EDGE_LOOP('',(#7739,#7748,#7754,#7755));
#7739 = ORIENTED_EDGE('',*,*,#7740,.T.);
#7740 = EDGE_CURVE('',#7688,#7741,#7743,.T.);
#7741 = VERTEX_POINT('',#7742);
#7742 = CARTESIAN_POINT('',(-4.5,24.591665254716,9.5));
#7743 = CIRCLE('',#7744,25.);
#7744 = AXIS2_PLACEMENT_3D('',#7745,#7746,#7747);
#7745 = CARTESIAN_POINT('',(0.,0.,9.5));
#7746 = DIRECTION('',(0.,0.,-1.));
#7747 = DIRECTION('',(1.,0.,0.));
#7748 = ORIENTED_EDGE('',*,*,#7749,.T.);
#7749 = EDGE_CURVE('',#7741,#7480,#7750,.T.);
#7750 = LINE('',#7751,#7752);
#7751 = CARTESIAN_POINT('',(-4.5,25.,9.5));
#7752 = VECTOR('',#7753,1.);
#7753 = DIRECTION('',(0.,-1.,3.3E-16));
#7754 = ORIENTED_EDGE('',*,*,#7498,.T.);
#7755 = ORIENTED_EDGE('',*,*,#7724,.F.);
#7756 = PLANE('',#7757);
#7757 = AXIS2_PLACEMENT_3D('',#7758,#7759,#7760);
#7758 = CARTESIAN_POINT('',(-4.5,25.,9.5));
#7759 = DIRECTION('',(0.,-3.3E-16,-1.));
#7760 = DIRECTION('',(-1.,0.,0.));
#7761 = ADVANCED_FACE('',(#7762),#7791,.F.);
#7762 = FACE_BOUND('',#7763,.T.);
#7763 = EDGE_LOOP('',(#7764,#7783,#7789,#7790));
#7764 = ORIENTED_EDGE('',*,*,#7765,.F.);
#7765 = EDGE_CURVE('',#7766,#7741,#7768,.T.);
#7766 = VERTEX_POINT('',#7767);
#7767 = CARTESIAN_POINT('',(-2.5,24.874685927665,7.5));
#7768 = B_SPLINE_CURVE_WITH_KNOTS('',7,(#7769,#7770,#7771,#7772,#7773,
    #7774,#7775,#7776,#7777,#7778,#7779,#7780,#7781,#7782),
  .UNSPECIFIED.,.F.,.F.,(8,6,8),(0.,0.485512410596,1.),.UNSPECIFIED.);
#7769 = CARTESIAN_POINT('',(-2.5,24.874685927665,7.5));
#7770 = CARTESIAN_POINT('',(-2.5,24.874685927665,7.69111563336));
#7771 = CARTESIAN_POINT('',(-2.521306060793,24.872544577975,
    7.882187458929));
#7772 = CARTESIAN_POINT('',(-2.56390274665,24.868263502084,8.07170198916
    ));
#7773 = CARTESIAN_POINT('',(-2.628182509928,24.861686875748,
    8.258032015762));
#7774 = CARTESIAN_POINT('',(-2.714849726659,24.852512668949,
    8.439210216487));
#7775 = CARTESIAN_POINT('',(-2.824807015065,24.840264123559,
    8.612668541361));
#7776 = CARTESIAN_POINT('',(-3.101147014735,24.807325282772,
    8.946706219074));
#7777 = CARTESIAN_POINT('',(-3.274313450045,24.785720912144,
    9.110502478333));
#7778 = CARTESIAN_POINT('',(-3.478056202183,24.758749727488,
    9.25577275955));
#7779 = CARTESIAN_POINT('',(-3.708949720717,24.725825068724,
    9.373591722146));
#7780 = CARTESIAN_POINT('',(-3.961281406284,24.686610983545,
    9.456768534548));
#7781 = CARTESIAN_POINT('',(-4.227766067815,24.641481022869,9.5));
#7782 = CARTESIAN_POINT('',(-4.5,24.591665254716,9.5));
#7783 = ORIENTED_EDGE('',*,*,#7784,.T.);
#7784 = EDGE_CURVE('',#7766,#7472,#7785,.T.);
#7785 = LINE('',#7786,#7787);
#7786 = CARTESIAN_POINT('',(-2.5,25.,7.5));
#7787 = VECTOR('',#7788,1.);
#7788 = DIRECTION('',(0.,-1.,3.3E-16));
#7789 = ORIENTED_EDGE('',*,*,#7479,.T.);
#7790 = ORIENTED_EDGE('',*,*,#7749,.F.);
#7791 = CYLINDRICAL_SURFACE('',#7792,2.);
#7792 = AXIS2_PLACEMENT_3D('',#7793,#7794,#7795);
#7793 = CARTESIAN_POINT('',(-4.5,25.,7.5));
#7794 = DIRECTION('',(0.,1.,-3.3E-16));
#7795 = DIRECTION('',(1.,0.,0.));
#7796 = ADVANCED_FACE('',(#7797),#7824,.T.);
#7797 = FACE_BOUND('',#7798,.T.);
#7798 = EDGE_LOOP('',(#7799,#7807,#7815,#7821,#7822,#7823));
#7799 = ORIENTED_EDGE('',*,*,#7800,.T.);
#7800 = EDGE_CURVE('',#7766,#7801,#7803,.T.);
#7801 = VERTEX_POINT('',#7802);
#7802 = CARTESIAN_POINT('',(-2.5,24.874685927665,3.5));
#7803 = LINE('',#7804,#7805);
#7804 = CARTESIAN_POINT('',(-2.5,24.874685927665,0.));
#7805 = VECTOR('',#7806,1.);
#7806 = DIRECTION('',(-0.,-0.,-1.));
#7807 = ORIENTED_EDGE('',*,*,#7808,.T.);
#7808 = EDGE_CURVE('',#7801,#7809,#7811,.T.);
#7809 = VERTEX_POINT('',#7810);
#7810 = CARTESIAN_POINT('',(-2.5,-5.,3.5));
#7811 = LINE('',#7812,#7813);
#7812 = CARTESIAN_POINT('',(-2.5,25.,3.5));
#7813 = VECTOR('',#7814,1.);
#7814 = DIRECTION('',(0.,-1.,3.3E-16));
#7815 = ORIENTED_EDGE('',*,*,#7816,.T.);
#7816 = EDGE_CURVE('',#7809,#7618,#7817,.T.);
#7817 = LINE('',#7818,#7819);
#7818 = CARTESIAN_POINT('',(-2.5,-5.,3.5));
#7819 = VECTOR('',#7820,1.);
#7820 = DIRECTION('',(0.,2.2E-16,1.));
#7821 = ORIENTED_EDGE('',*,*,#7617,.F.);
#7822 = ORIENTED_EDGE('',*,*,#7471,.T.);
#7823 = ORIENTED_EDGE('',*,*,#7784,.F.);
#7824 = PLANE('',#7825);
#7825 = AXIS2_PLACEMENT_3D('',#7826,#7827,#7828);
#7826 = CARTESIAN_POINT('',(-2.5,25.,3.5));
#7827 = DIRECTION('',(-1.,0.,0.));
#7828 = DIRECTION('',(0.,3.3E-16,1.));
#7829 = ADVANCED_FACE('',(#7830,#7851),#7916,.T.);
#7830 = FACE_BOUND('',#7831,.F.);
#7831 = EDGE_LOOP('',(#7832,#7840,#7847,#7848,#7849,#7850));
#7832 = ORIENTED_EDGE('',*,*,#7833,.F.);
#7833 = EDGE_CURVE('',#7834,#7566,#7836,.T.);
#7834 = VERTEX_POINT('',#7835);
#7835 = CARTESIAN_POINT('',(25.,0.,0.));
#7836 = LINE('',#7837,#7838);
#7837 = CARTESIAN_POINT('',(25.,0.,0.));
#7838 = VECTOR('',#7839,1.);
#7839 = DIRECTION('',(0.,0.,1.));
#7840 = ORIENTED_EDGE('',*,*,#7841,.F.);
#7841 = EDGE_CURVE('',#7834,#7834,#7842,.T.);
#7842 = CIRCLE('',#7843,25.);
#7843 = AXIS2_PLACEMENT_3D('',#7844,#7845,#7846);
#7844 = CARTESIAN_POINT('',(0.,0.,0.));
#7845 = DIRECTION('',(0.,0.,1.));
#7846 = DIRECTION('',(1.,0.,0.));
#7847 = ORIENTED_EDGE('',*,*,#7833,.T.);
#7848 = ORIENTED_EDGE('',*,*,#7574,.T.);
#7849 = ORIENTED_EDGE('',*,*,#7593,.T.);
#7850 = ORIENTED_EDGE('',*,*,#7565,.T.);
#7851 = FACE_BOUND('',#7852,.F.);
#7852 = EDGE_LOOP('',(#7853,#7854,#7855,#7856,#7857,#7876,#7885,#7915));
#7853 = ORIENTED_EDGE('',*,*,#7687,.F.);
#7854 = ORIENTED_EDGE('',*,*,#7740,.T.);
#7855 = ORIENTED_EDGE('',*,*,#7765,.F.);
#7856 = ORIENTED_EDGE('',*,*,#7800,.T.);
#7857 = ORIENTED_EDGE('',*,*,#7858,.F.);
#7858 = EDGE_CURVE('',#7859,#7801,#7861,.T.);
#7859 = VERTEX_POINT('',#7860);
#7860 = CARTESIAN_POINT('',(-4.5,24.591665254716,1.5));
#7861 = B_SPLINE_CURVE_WITH_KNOTS('',7,(#7862,#7863,#7864,#7865,#7866,
    #7867,#7868,#7869,#7870,#7871,#7872,#7873,#7874,#7875),
  .UNSPECIFIED.,.F.,.F.,(8,6,8),(0.,0.454363148558,1.),.UNSPECIFIED.);
#7862 = CARTESIAN_POINT('',(-4.5,24.591665254716,1.5));
#7863 = CARTESIAN_POINT('',(-4.260740227224,24.635447120089,1.5));
#7864 = CARTESIAN_POINT('',(-4.024838702424,24.675807667857,
    1.533393020741));
#7865 = CARTESIAN_POINT('',(-3.798544479809,24.71176662763,
    1.598491788628));
#7866 = CARTESIAN_POINT('',(-3.587564663368,24.742872697993,
    1.691925112517));
#7867 = CARTESIAN_POINT('',(-3.396622743041,24.769186145523,
    1.808764139327));
#7868 = CARTESIAN_POINT('',(-3.228945972731,24.791020947736,
    1.942626902523));
#7869 = CARTESIAN_POINT('',(-2.913868626432,24.830211086887,
    2.257704248822));
#7870 = CARTESIAN_POINT('',(-2.773246365227,24.846290598063,
    2.447089590826));
#7871 = CARTESIAN_POINT('',(-2.662763834705,24.858140245316,
    2.648049034051));
#7872 = CARTESIAN_POINT('',(-2.581068078264,24.866538440979,
    2.85652207517));
#7873 = CARTESIAN_POINT('',(-2.527032237175,24.871969047188,
    3.069530331394));
#7874 = CARTESIAN_POINT('',(-2.5,24.874685927665,3.284727380038));
#7875 = CARTESIAN_POINT('',(-2.5,24.874685927665,3.5));
#7876 = ORIENTED_EDGE('',*,*,#7877,.F.);
#7877 = EDGE_CURVE('',#7878,#7859,#7880,.T.);
#7878 = VERTEX_POINT('',#7879);
#7879 = CARTESIAN_POINT('',(-14.5,20.365411854416,1.5));
#7880 = CIRCLE('',#7881,25.);
#7881 = AXIS2_PLACEMENT_3D('',#7882,#7883,#7884);
#7882 = CARTESIAN_POINT('',(0.,0.,1.5));
#7883 = DIRECTION('',(0.,0.,-1.));
#7884 = DIRECTION('',(1.,0.,0.));
#7885 = ORIENTED_EDGE('',*,*,#7886,.F.);
#7886 = EDGE_CURVE('',#7650,#7878,#7887,.T.);
#7887 = B_SPLINE_CURVE_WITH_KNOTS('',6,(#7888,#7889,#7890,#7891,#7892,
    #7893,#7894,#7895,#7896,#7897,#7898,#7899,#7900,#7901,#7902,#7903,
    #7904,#7905,#7906,#7907,#7908,#7909,#7910,#7911,#7912,#7913,#7914),
  .UNSPECIFIED.,.F.,.F.,(7,5,5,5,5,7),(0.,0.299980911357,0.410424475306,
    0.651730222547,0.883844307734,1.),.UNSPECIFIED.);
#7888 = CARTESIAN_POINT('',(-16.5,18.781639970993,3.5));
#7889 = CARTESIAN_POINT('',(-16.5,18.781639970993,3.3388787129));
#7890 = CARTESIAN_POINT('',(-16.48442409363,18.795323600302,
    3.178022948074));
#7891 = CARTESIAN_POINT('',(-16.45336766188,18.822607587152,
    3.019514590026));
#7892 = CARTESIAN_POINT('',(-16.40736131148,18.862852401245,
    2.865416778493));
#7893 = CARTESIAN_POINT('',(-16.34736052856,18.914886580538,
    2.717684441254));
#7894 = CARTESIAN_POINT('',(-16.24812228462,18.999993680544,
    2.526642689246));
#7895 = CARTESIAN_POINT('',(-16.2196978539,19.024292433588,2.47629130231
    ));
#7896 = CARTESIAN_POINT('',(-16.18960618829,19.049924051201,
    2.427057626243));
#7897 = CARTESIAN_POINT('',(-16.15790221152,19.07682244886,
    2.379000002068));
#7898 = CARTESIAN_POINT('',(-16.1246431848,19.104919370099,2.33217457571
    ));
#7899 = CARTESIAN_POINT('',(-16.01395440158,19.197997490928,
    2.187137517911));
#7900 = CARTESIAN_POINT('',(-15.93090115764,19.267219691291,
    2.093804704421));
#7901 = CARTESIAN_POINT('',(-15.84126746279,19.341149917287,
    2.007073647359));
#7902 = CARTESIAN_POINT('',(-15.745588863,19.419134610275,1.927365182645
    ));
#7903 = CARTESIAN_POINT('',(-15.64440930335,19.500533495279,
    1.855085780969));
#7904 = CARTESIAN_POINT('',(-15.43621776804,19.665710229027,
    1.728627732685));
#7905 = CARTESIAN_POINT('',(-15.32952603939,19.749317993817,
    1.673834913869));
#7906 = CARTESIAN_POINT('',(-15.21871957548,19.834992752398,
    1.626620207713));
#7907 = CARTESIAN_POINT('',(-15.10432516514,19.922188559665,
    1.587341384949));
#7908 = CARTESIAN_POINT('',(-14.98690121869,20.010372744476,
    1.556345338229));
#7909 = CARTESIAN_POINT('',(-14.80706579108,20.143395157878,
    1.52277126232));
#7910 = CARTESIAN_POINT('',(-14.74648447548,20.187874265072,
    1.513733461447));
#7911 = CARTESIAN_POINT('',(-14.68539196453,20.232389906461,
    1.506899848284));
#7912 = CARTESIAN_POINT('',(-14.62388211359,20.276866920323,
    1.502310243793));
#7913 = CARTESIAN_POINT('',(-14.56205161539,20.321231632103,1.5));
#7914 = CARTESIAN_POINT('',(-14.5,20.365411854416,1.5));
#7915 = ORIENTED_EDGE('',*,*,#7647,.F.);
#7916 = CYLINDRICAL_SURFACE('',#7917,25.);
#7917 = AXIS2_PLACEMENT_3D('',#7918,#7919,#7920);
#7918 = CARTESIAN_POINT('',(0.,0.,0.));
#7919 = DIRECTION('',(-0.,-0.,-1.));
#7920 = DIRECTION('',(1.,0.,0.));
#7921 = ADVANCED_FACE('',(#7922),#7951,.T.);
#7922 = FACE_BOUND('',#7923,.T.);
#7923 = EDGE_LOOP('',(#7924,#7925,#7926,#7935,#7943,#7950));
#7924 = ORIENTED_EDGE('',*,*,#7625,.F.);
#7925 = ORIENTED_EDGE('',*,*,#7816,.F.);
#7926 = ORIENTED_EDGE('',*,*,#7927,.F.);
#7927 = EDGE_CURVE('',#7928,#7809,#7930,.T.);
#7928 = VERTEX_POINT('',#7929);
#7929 = CARTESIAN_POINT('',(-4.5,-5.,1.5));
#7930 = CIRCLE('',#7931,2.);
#7931 = AXIS2_PLACEMENT_3D('',#7932,#7933,#7934);
#7932 = CARTESIAN_POINT('',(-4.5,-5.,3.5));
#7933 = DIRECTION('',(0.,-1.,2.2E-16));
#7934 = DIRECTION('',(1.,0.,0.));
#7935 = ORIENTED_EDGE('',*,*,#7936,.F.);
#7936 = EDGE_CURVE('',#7937,#7928,#7939,.T.);
#7937 = VERTEX_POINT('',#7938);
#7938 = CARTESIAN_POINT('',(-14.5,-5.,1.5));
#7939 = LINE('',#7940,#7941);
#7940 = CARTESIAN_POINT('',(-14.5,-5.,1.5));
#7941 = VECTOR('',#7942,1.);
#7942 = DIRECTION('',(1.,0.,0.));
#7943 = ORIENTED_EDGE('',*,*,#7944,.F.);
#7944 = EDGE_CURVE('',#7666,#7937,#7945,.T.);
#7945 = CIRCLE('',#7946,2.);
#7946 = AXIS2_PLACEMENT_3D('',#7947,#7948,#7949);
#7947 = CARTESIAN_POINT('',(-14.5,-5.,3.5));
#7948 = DIRECTION('',(0.,-1.,2.2E-16));
#7949 = DIRECTION('',(1.,0.,0.));
#7950 = ORIENTED_EDGE('',*,*,#7665,.F.);
#7951 = PLANE('',#7952);
#7952 = AXIS2_PLACEMENT_3D('',#7953,#7954,#7955);
#7953 = CARTESIAN_POINT('',(-9.5,-5.,5.5));
#7954 = DIRECTION('',(0.,1.,-6.4E-16));
#7955 = DIRECTION('',(0.,6.4E-16,1.));
#7956 = ADVANCED_FACE('',(#7957),#7968,.F.);
#7957 = FACE_BOUND('',#7958,.T.);
#7958 = EDGE_LOOP('',(#7959,#7960,#7961,#7962));
#7959 = ORIENTED_EDGE('',*,*,#7886,.F.);
#7960 = ORIENTED_EDGE('',*,*,#7673,.T.);
#7961 = ORIENTED_EDGE('',*,*,#7944,.T.);
#7962 = ORIENTED_EDGE('',*,*,#7963,.F.);
#7963 = EDGE_CURVE('',#7878,#7937,#7964,.T.);
#7964 = LINE('',#7965,#7966);
#7965 = CARTESIAN_POINT('',(-14.5,25.,1.5));
#7966 = VECTOR('',#7967,1.);
#7967 = DIRECTION('',(0.,-1.,3.3E-16));
#7968 = CYLINDRICAL_SURFACE('',#7969,2.);
#7969 = AXIS2_PLACEMENT_3D('',#7970,#7971,#7972);
#7970 = CARTESIAN_POINT('',(-14.5,25.,3.5));
#7971 = DIRECTION('',(0.,1.,-3.3E-16));
#7972 = DIRECTION('',(1.,0.,0.));
#7973 = ADVANCED_FACE('',(#7974),#7985,.F.);
#7974 = FACE_BOUND('',#7975,.T.);
#7975 = EDGE_LOOP('',(#7976,#7977,#7983,#7984));
#7976 = ORIENTED_EDGE('',*,*,#7858,.F.);
#7977 = ORIENTED_EDGE('',*,*,#7978,.T.);
#7978 = EDGE_CURVE('',#7859,#7928,#7979,.T.);
#7979 = LINE('',#7980,#7981);
#7980 = CARTESIAN_POINT('',(-4.5,25.,1.5));
#7981 = VECTOR('',#7982,1.);
#7982 = DIRECTION('',(0.,-1.,3.3E-16));
#7983 = ORIENTED_EDGE('',*,*,#7927,.T.);
#7984 = ORIENTED_EDGE('',*,*,#7808,.F.);
#7985 = CYLINDRICAL_SURFACE('',#7986,2.);
#7986 = AXIS2_PLACEMENT_3D('',#7987,#7988,#7989);
#7987 = CARTESIAN_POINT('',(-4.5,25.,3.5));
#7988 = DIRECTION('',(0.,1.,-3.3E-16));
#7989 = DIRECTION('',(1.,0.,0.));
#7990 = ADVANCED_FACE('',(#7991),#7994,.F.);
#7991 = FACE_BOUND('',#7992,.F.);
#7992 = EDGE_LOOP('',(#7993));
#7993 = ORIENTED_EDGE('',*,*,#7841,.T.);
#7994 = PLANE('',#7995);
#7995 = AXIS2_PLACEMENT_3D('',#7996,#7997,#7998);
#7996 = CARTESIAN_POINT('',(-1.75E-15,-1.02E-15,0.));
#7997 = DIRECTION('',(0.,0.,1.));
#7998 = DIRECTION('',(1.,0.,0.));
#7999 = ADVANCED_FACE('',(#8000),#8006,.T.);
#8000 = FACE_BOUND('',#8001,.T.);
#8001 = EDGE_LOOP('',(#8002,#8003,#8004,#8005));
#8002 = ORIENTED_EDGE('',*,*,#7877,.F.);
#8003 = ORIENTED_EDGE('',*,*,#7963,.T.);
#8004 = ORIENTED_EDGE('',*,*,#7936,.T.);
#8005 = ORIENTED_EDGE('',*,*,#7978,.F.);
#8006 = PLANE('',#8007);
#8007 = AXIS2_PLACEMENT_3D('',#8008,#8009,#8010);
#8008 = CARTESIAN_POINT('',(-14.5,25.,1.5));
#8009 = DIRECTION('',(0.,3.3E-16,1.));
#8010 = DIRECTION('',(1.,0.,0.));
#8011 = ( GEOMETRIC_REPRESENTATION_CONTEXT(3) 
GLOBAL_UNCERTAINTY_ASSIGNED_CONTEXT((#8015)) 
GLOBAL_UNIT_ASSIGNED_CONTEXT((#8012,#8013,#8014)) REPRESENTATION_CONTEXT
('Context #1','3D Context with UNIT and UNCERTAINTY') );
#8012 = ( LENGTH_UNIT() NAMED_UNIT(*) SI_UNIT(.MILLI.,.METRE.) );
#8013 = ( NAMED_UNIT(*) PLANE_ANGLE_UNIT() SI_UNIT($,.RADIAN.) );
#8014 = ( NAMED_UNIT(*) SI_UNIT($,.STERADIAN.) SOLID_ANGLE_UNIT() );
#8015 = UNCERTAINTY_MEASURE_WITH_UNIT(LENGTH_MEASURE(2.E-05),#8012,
  'distance_accuracy_value','confusion accuracy');
#8016 = CONTEXT_DEPENDENT_SHAPE_REPRESENTATION(#8017,#8019);
#8017 = ( REPRESENTATION_RELATIONSHIP('','',#3215,#10) 
REPRESENTATION_RELATIONSHIP_WITH_TRANSFORMATION(#8018) 
SHAPE_REPRESENTATION_RELATIONSHIP() );
#8018 = ITEM_DEFINED_TRANSFORMATION('','',#11,#23);
#8019 = PRODUCT_DEFINITION_SHAPE('Placement','Placement of an item',
  #8020);
#8020 = NEXT_ASSEMBLY_USAGE_OCCURRENCE('3','Body','',#5,#3210,$);
#8021 = CC_DESIGN_SECURITY_CLASSIFICATION(#8022,(#8020));
#8022 = SECURITY_CLASSIFICATION('','',#47);
#8023 = CC_DESIGN_PERSON_AND_ORGANIZATION_ASSIGNMENT(#36,#45,(#8022));
#8024 = CC_DESIGN_DATE_AND_TIME_ASSIGNMENT(#50,#56,(#8022));
#8025 = CC_DESIGN_APPROVAL(#58,(#8022));
#8026 = PRODUCT_RELATED_PRODUCT_CATEGORY('detail',$,(#3212));
#8027 = PRODUCT_CATEGORY_RELATIONSHIP('','',#8028,#8026);
#8028 = PRODUCT_CATEGORY('part',$);
#8029 = CC_DESIGN_PERSON_AND_ORGANIZATION_ASSIGNMENT(#36,#39,(#3211,
    #3210));
#8030 = CC_DESIGN_PERSON_AND_ORGANIZATION_ASSIGNMENT(#36,#41,(#3212));
#8031 = CC_DESIGN_PERSON_AND_ORGANIZATION_ASSIGNMENT(#36,#43,(#3211));
#8032 = CC_DESIGN_PERSON_AND_ORGANIZATION_ASSIGNMENT(#36,#45,(#8033));
#8033 = SECURITY_CLASSIFICATION('','',#47);
#8034 = CC_DESIGN_SECURITY_CLASSIFICATION(#8033,(#3211));
#8035 = CC_DESIGN_DATE_AND_TIME_ASSIGNMENT(#50,#54,(#3210));
#8036 = CC_DESIGN_DATE_AND_TIME_ASSIGNMENT(#50,#56,(#8033));
#8037 = CC_DESIGN_APPROVAL(#58,(#3211,#3210,#8033));
#8038 = MECHANICAL_DESIGN_GEOMETRIC_PRESENTATION_REPRESENTATION('',(
    #8039),#3010);
#8039 = STYLED_ITEM('color',(#8040),#71);
#8040 = PRESENTATION_STYLE_ASSIGNMENT((#8041,#8047));
#8041 = SURFACE_STYLE_USAGE(.BOTH.,#8042);
#8042 = SURFACE_SIDE_STYLE('',(#8043));
#8043 = SURFACE_STYLE_FILL_AREA(#8044);
#8044 = FILL_AREA_STYLE('',(#8045));
#8045 = FILL_AREA_STYLE_COLOUR('',#8046);
#8046 = COLOUR_RGB('',0.447058818107,0.474509808674,0.501960817233);
#8047 = CURVE_STYLE('',#8048,POSITIVE_LENGTH_MEASURE(0.1),#8049);
#8048 = DRAUGHTING_PRE_DEFINED_CURVE_FONT('continuous');
#8049 = COLOUR_RGB('',9.803921802644E-02,9.803921802644E-02,
  9.803921802644E-02);
#8050 = MECHANICAL_DESIGN_GEOMETRIC_PRESENTATION_REPRESENTATION('',(
    #8051),#8011);
#8051 = STYLED_ITEM('color',(#8052),#3216);
#8052 = PRESENTATION_STYLE_ASSIGNMENT((#8053,#8058));
#8053 = SURFACE_STYLE_USAGE(.BOTH.,#8054);
#8054 = SURFACE_SIDE_STYLE('',(#8055));
#8055 = SURFACE_STYLE_FILL_AREA(#8056);
#8056 = FILL_AREA_STYLE('',(#8057));
#8057 = FILL_AREA_STYLE_COLOUR('',#8046);
#8058 = CURVE_STYLE('',#8059,POSITIVE_LENGTH_MEASURE(0.1),#8049);
#8059 = DRAUGHTING_PRE_DEFINED_CURVE_FONT('continuous');
#8060 = MECHANICAL_DESIGN_GEOMETRIC_PRESENTATION_REPRESENTATION('',(
    #8061),#3181);
#8061 = STYLED_ITEM('color',(#8062),#3045);
#8062 = PRESENTATION_STYLE_ASSIGNMENT((#8063,#8070));
#8063 = SURFACE_STYLE_USAGE(.BOTH.,#8064);
#8064 = SURFACE_SIDE_STYLE('',(#8065,#8068));
#8065 = SURFACE_STYLE_FILL_AREA(#8066);
#8066 = FILL_AREA_STYLE('',(#8067));
#8067 = FILL_AREA_STYLE_COLOUR('',#8046);
#8068 = SURFACE_STYLE_RENDERING_WITH_PROPERTIES(.NORMAL_SHADING.,#8046,(
    #8069));
#8069 = SURFACE_STYLE_TRANSPARENT(0.759999990463);
#8070 = CURVE_STYLE('',#8071,POSITIVE_LENGTH_MEASURE(0.1),#8049);
#8071 = DRAUGHTING_PRE_DEFINED_CURVE_FONT('continuous');
ENDSEC;
END-ISO-10303-21;
