ISO-10303-21;
HEADER;
FILE_DESCRIPTION(('FreeCAD Model'),'2;1');
FILE_NAME('Open CASCADE Shape Model','2026-08-17T20:29:16',(''),(''),
  'Open CASCADE STEP processor 7.8','FreeCAD','Unknown');
FILE_SCHEMA(('CONFIG_CONTROL_DESIGN','SHAPE_APPEARANCE_LAYER_MIM'));
ENDSEC;
DATA;
#1 = APPLICATION_PROTOCOL_DEFINITION('international standard',
  'config_control_design',1994,#2);
#2 = APPLICATION_CONTEXT(
'configuration controlled 3D designs of mechanical parts and assemblies'
  );
#3 = SHAPE_DEFINITION_REPRESENTATION(#4,#10);
#4 = PRODUCT_DEFINITION_SHAPE('','',#5);
#5 = PRODUCT_DEFINITION('design','',#6,#9);
#6 = PRODUCT_DEFINITION_FORMATION_WITH_SPECIFIED_SOURCE('','',#7,
  .NOT_KNOWN.);
#7 = PRODUCT('theLink_v2_printSpread','theLink_v2_printSpread','',(#8));
#8 = MECHANICAL_CONTEXT('',#2,'mechanical');
#9 = DESIGN_CONTEXT('',#2,'design');
#10 = SHAPE_REPRESENTATION('',(#11,#15,#19,#23),#27);
#11 = AXIS2_PLACEMENT_3D('',#12,#13,#14);
#12 = CARTESIAN_POINT('',(0.,0.,0.));
#13 = DIRECTION('',(0.,0.,1.));
#14 = DIRECTION('',(1.,0.,-0.));
#15 = AXIS2_PLACEMENT_3D('',#16,#17,#18);
#16 = CARTESIAN_POINT('',(0.,76.,3.));
#17 = DIRECTION('',(0.,-1.224646799147E-16,-1.));
#18 = DIRECTION('',(1.,0.,0.));
#19 = AXIS2_PLACEMENT_3D('',#20,#21,#22);
#20 = CARTESIAN_POINT('',(-76.,0.,18.));
#21 = DIRECTION('',(1.224646799147E-16,0.,-1.));
#22 = DIRECTION('',(-1.,0.,-1.224646799147E-16));
#23 = AXIS2_PLACEMENT_3D('',#24,#25,#26);
#24 = CARTESIAN_POINT('',(-1.6E-15,0.,13.));
#25 = DIRECTION('',(1.224646799147E-16,0.,-1.));
#26 = DIRECTION('',(-1.,0.,-1.224646799147E-16));
#27 = ( GEOMETRIC_REPRESENTATION_CONTEXT(3) 
GLOBAL_UNCERTAINTY_ASSIGNED_CONTEXT((#31)) GLOBAL_UNIT_ASSIGNED_CONTEXT(
(#28,#29,#30)) REPRESENTATION_CONTEXT('Context #1',
  '3D Context with UNIT and UNCERTAINTY') );
#28 = ( LENGTH_UNIT() NAMED_UNIT(*) SI_UNIT(.MILLI.,.METRE.) );
#29 = ( NAMED_UNIT(*) PLANE_ANGLE_UNIT() SI_UNIT($,.RADIAN.) );
#30 = ( NAMED_UNIT(*) SI_UNIT($,.STERADIAN.) SOLID_ANGLE_UNIT() );
#31 = UNCERTAINTY_MEASURE_WITH_UNIT(LENGTH_MEASURE(2.E-05),#28,
  'distance_accuracy_value','confusion accuracy');
#32 = PRODUCT_RELATED_PRODUCT_CATEGORY('detail',$,(#7));
#33 = PRODUCT_CATEGORY_RELATIONSHIP('','',#34,#32);
#34 = PRODUCT_CATEGORY('part',$);
#35 = CC_DESIGN_PERSON_AND_ORGANIZATION_ASSIGNMENT(#36,#39,(#6,#5));
#36 = PERSON_AND_ORGANIZATION(#37,#38);
#37 = PERSON('IP172.25.144,cardo','','cardo',$,$,$);
#38 = ORGANIZATION('IP172.25.144','Unspecified','');
#39 = PERSON_AND_ORGANIZATION_ROLE('creator');
#40 = CC_DESIGN_PERSON_AND_ORGANIZATION_ASSIGNMENT(#36,#41,(#7));
#41 = PERSON_AND_ORGANIZATION_ROLE('design_owner');
#42 = CC_DESIGN_PERSON_AND_ORGANIZATION_ASSIGNMENT(#36,#43,(#6));
#43 = PERSON_AND_ORGANIZATION_ROLE('design_supplier');
#44 = CC_DESIGN_PERSON_AND_ORGANIZATION_ASSIGNMENT(#36,#45,(#46));
#45 = PERSON_AND_ORGANIZATION_ROLE('classification_officer');
#46 = SECURITY_CLASSIFICATION('','',#47);
#47 = SECURITY_CLASSIFICATION_LEVEL('unclassified');
#48 = CC_DESIGN_SECURITY_CLASSIFICATION(#46,(#6));
#49 = CC_DESIGN_DATE_AND_TIME_ASSIGNMENT(#50,#54,(#5));
#50 = DATE_AND_TIME(#51,#52);
#51 = CALENDAR_DATE(2026,17,8);
#52 = LOCAL_TIME(20,29,$,#53);
#53 = COORDINATED_UNIVERSAL_TIME_OFFSET(5,30,.AHEAD.);
#54 = DATE_TIME_ROLE('creation_date');
#55 = CC_DESIGN_DATE_AND_TIME_ASSIGNMENT(#50,#56,(#46));
#56 = DATE_TIME_ROLE('classification_date');
#57 = CC_DESIGN_APPROVAL(#58,(#6,#5,#46));
#58 = APPROVAL(#59,'');
#59 = APPROVAL_STATUS('not_yet_approved');
#60 = APPROVAL_PERSON_ORGANIZATION(#36,#58,#61);
#61 = APPROVAL_ROLE('approver');
#62 = APPROVAL_DATE_TIME(#50,#58);
#63 = SHAPE_DEFINITION_REPRESENTATION(#64,#70);
#64 = PRODUCT_DEFINITION_SHAPE('','',#65);
#65 = PRODUCT_DEFINITION('design','',#66,#69);
#66 = PRODUCT_DEFINITION_FORMATION_WITH_SPECIFIED_SOURCE('','',#67,
  .NOT_KNOWN.);
#67 = PRODUCT('Top','Top','',(#68));
#68 = MECHANICAL_CONTEXT('',#2,'mechanical');
#69 = DESIGN_CONTEXT('',#2,'design');
#70 = ADVANCED_BREP_SHAPE_REPRESENTATION('',(#11,#71),#3010);
#71 = MANIFOLD_SOLID_BREP('',#72);
#72 = CLOSED_SHELL('',(#73,#106,#132,#152,#281,#913,#945,#969,#994,#1018
    ,#1043,#1067,#1092,#1116,#1140,#1165,#1189,#1214,#1238,#1255,#1297,
    #1323,#1348,#1374,#1399,#1425,#1450,#1476,#1501,#1527,#1552,#1578,
    #1603,#1629,#1654,#1680,#1705,#1731,#1756,#1782,#1807,#1833,#1858,
    #1884,#1909,#1935,#1960,#1986,#2011,#2037,#2062,#2088,#2113,#2139,
    #2164,#2190,#2215,#2241,#2266,#2292,#2317,#2343,#2368,#2394,#2419,
    #2445,#2470,#2496,#2521,#2547,#2572,#2598,#2623,#2649,#2674,#2700,
    #2725,#2751,#2776,#2802,#2827,#2853,#2878,#2897,#2930));
#73 = ADVANCED_FACE('',(#74),#101,.T.);
#74 = FACE_BOUND('',#75,.F.);
#75 = EDGE_LOOP('',(#76,#86,#93,#94));
#76 = ORIENTED_EDGE('',*,*,#77,.T.);
#77 = EDGE_CURVE('',#78,#80,#82,.T.);
#78 = VERTEX_POINT('',#79);
#79 = CARTESIAN_POINT('',(37.5,0.,0.));
#80 = VERTEX_POINT('',#81);
#81 = CARTESIAN_POINT('',(37.5,0.,1.));
#82 = LINE('',#83,#84);
#83 = CARTESIAN_POINT('',(37.5,0.,0.));
#84 = VECTOR('',#85,1.);
#85 = DIRECTION('',(0.,0.,1.));
#86 = ORIENTED_EDGE('',*,*,#87,.T.);
#87 = EDGE_CURVE('',#80,#80,#88,.T.);
#88 = CIRCLE('',#89,37.5);
#89 = AXIS2_PLACEMENT_3D('',#90,#91,#92);
#90 = CARTESIAN_POINT('',(0.,0.,1.));
#91 = DIRECTION('',(0.,0.,1.));
#92 = DIRECTION('',(1.,0.,0.));
#93 = ORIENTED_EDGE('',*,*,#77,.F.);
#94 = ORIENTED_EDGE('',*,*,#95,.F.);
#95 = EDGE_CURVE('',#78,#78,#96,.T.);
#96 = CIRCLE('',#97,37.5);
#97 = AXIS2_PLACEMENT_3D('',#98,#99,#100);
#98 = CARTESIAN_POINT('',(0.,0.,0.));
#99 = DIRECTION('',(0.,0.,1.));
#100 = DIRECTION('',(1.,0.,0.));
#101 = CYLINDRICAL_SURFACE('',#102,37.5);
#102 = AXIS2_PLACEMENT_3D('',#103,#104,#105);
#103 = CARTESIAN_POINT('',(0.,0.,0.));
#104 = DIRECTION('',(-0.,-0.,-1.));
#105 = DIRECTION('',(1.,0.,0.));
#106 = ADVANCED_FACE('',(#107),#127,.T.);
#107 = FACE_BOUND('',#108,.T.);
#108 = EDGE_LOOP('',(#109,#118,#119,#120));
#109 = ORIENTED_EDGE('',*,*,#110,.F.);
#110 = EDGE_CURVE('',#80,#111,#113,.T.);
#111 = VERTEX_POINT('',#112);
#112 = CARTESIAN_POINT('',(35.5,0.,3.));
#113 = CIRCLE('',#114,2.);
#114 = AXIS2_PLACEMENT_3D('',#115,#116,#117);
#115 = CARTESIAN_POINT('',(35.5,0.,1.));
#116 = DIRECTION('',(0.,-1.,0.));
#117 = DIRECTION('',(1.,0.,0.));
#118 = ORIENTED_EDGE('',*,*,#87,.T.);
#119 = ORIENTED_EDGE('',*,*,#110,.T.);
#120 = ORIENTED_EDGE('',*,*,#121,.F.);
#121 = EDGE_CURVE('',#111,#111,#122,.T.);
#122 = CIRCLE('',#123,35.5);
#123 = AXIS2_PLACEMENT_3D('',#124,#125,#126);
#124 = CARTESIAN_POINT('',(0.,0.,3.));
#125 = DIRECTION('',(0.,0.,1.));
#126 = DIRECTION('',(1.,0.,0.));
#127 = TOROIDAL_SURFACE('',#128,35.5,2.);
#128 = AXIS2_PLACEMENT_3D('',#129,#130,#131);
#129 = CARTESIAN_POINT('',(0.,0.,1.));
#130 = DIRECTION('',(0.,0.,1.));
#131 = DIRECTION('',(1.,0.,0.));
#132 = ADVANCED_FACE('',(#133,#136),#147,.F.);
#133 = FACE_BOUND('',#134,.F.);
#134 = EDGE_LOOP('',(#135));
#135 = ORIENTED_EDGE('',*,*,#95,.T.);
#136 = FACE_BOUND('',#137,.F.);
#137 = EDGE_LOOP('',(#138));
#138 = ORIENTED_EDGE('',*,*,#139,.F.);
#139 = EDGE_CURVE('',#140,#140,#142,.T.);
#140 = VERTEX_POINT('',#141);
#141 = CARTESIAN_POINT('',(33.,0.,0.));
#142 = CIRCLE('',#143,33.);
#143 = AXIS2_PLACEMENT_3D('',#144,#145,#146);
#144 = CARTESIAN_POINT('',(0.,0.,0.));
#145 = DIRECTION('',(0.,0.,1.));
#146 = DIRECTION('',(1.,0.,0.));
#147 = PLANE('',#148);
#148 = AXIS2_PLACEMENT_3D('',#149,#150,#151);
#149 = CARTESIAN_POINT('',(-5.83E-15,8.E-16,0.));
#150 = DIRECTION('',(0.,0.,1.));
#151 = DIRECTION('',(1.,0.,0.));
#152 = ADVANCED_FACE('',(#153,#156),#276,.T.);
#153 = FACE_BOUND('',#154,.T.);
#154 = EDGE_LOOP('',(#155));
#155 = ORIENTED_EDGE('',*,*,#121,.T.);
#156 = FACE_BOUND('',#157,.T.);
#157 = EDGE_LOOP('',(#158,#169,#177,#185,#194,#202,#211,#219,#227,#236,
    #244,#253,#261,#270));
#158 = ORIENTED_EDGE('',*,*,#159,.F.);
#159 = EDGE_CURVE('',#160,#162,#164,.T.);
#160 = VERTEX_POINT('',#161);
#161 = CARTESIAN_POINT('',(-18.5,2.,3.));
#162 = VERTEX_POINT('',#163);
#163 = CARTESIAN_POINT('',(-20.5,1.E-15,3.));
#164 = CIRCLE('',#165,2.);
#165 = AXIS2_PLACEMENT_3D('',#166,#167,#168);
#166 = CARTESIAN_POINT('',(-18.5,9.E-16,3.));
#167 = DIRECTION('',(0.,0.,1.));
#168 = DIRECTION('',(1.,0.,0.));
#169 = ORIENTED_EDGE('',*,*,#170,.T.);
#170 = EDGE_CURVE('',#160,#171,#173,.T.);
#171 = VERTEX_POINT('',#172);
#172 = CARTESIAN_POINT('',(-16.,2.,3.));
#173 = LINE('',#174,#175);
#174 = CARTESIAN_POINT('',(-18.5,2.,3.));
#175 = VECTOR('',#176,1.);
#176 = DIRECTION('',(1.,0.,0.));
#177 = ORIENTED_EDGE('',*,*,#178,.F.);
#178 = EDGE_CURVE('',#179,#171,#181,.T.);
#179 = VERTEX_POINT('',#180);
#180 = CARTESIAN_POINT('',(-16.,10.,3.));
#181 = LINE('',#182,#183);
#182 = CARTESIAN_POINT('',(-16.,10.,3.));
#183 = VECTOR('',#184,1.);
#184 = DIRECTION('',(0.,-1.,0.));
#185 = ORIENTED_EDGE('',*,*,#186,.F.);
#186 = EDGE_CURVE('',#187,#179,#189,.T.);
#187 = VERTEX_POINT('',#188);
#188 = CARTESIAN_POINT('',(-14.,12.000000273223,3.));
#189 = CIRCLE('',#190,2.);
#190 = AXIS2_PLACEMENT_3D('',#191,#192,#193);
#191 = CARTESIAN_POINT('',(-14.,10.000000273223,3.));
#192 = DIRECTION('',(0.,0.,1.));
#193 = DIRECTION('',(1.,0.,0.));
#194 = ORIENTED_EDGE('',*,*,#195,.F.);
#195 = EDGE_CURVE('',#196,#187,#198,.T.);
#196 = VERTEX_POINT('',#197);
#197 = CARTESIAN_POINT('',(-13.,12.000000273223,3.));
#198 = LINE('',#199,#200);
#199 = CARTESIAN_POINT('',(-13.,12.000000273223,3.));
#200 = VECTOR('',#201,1.);
#201 = DIRECTION('',(-1.,0.,0.));
#202 = ORIENTED_EDGE('',*,*,#203,.F.);
#203 = EDGE_CURVE('',#204,#196,#206,.T.);
#204 = VERTEX_POINT('',#205);
#205 = CARTESIAN_POINT('',(-11.,10.00000060423,3.));
#206 = CIRCLE('',#207,2.);
#207 = AXIS2_PLACEMENT_3D('',#208,#209,#210);
#208 = CARTESIAN_POINT('',(-13.,10.000000273223,3.));
#209 = DIRECTION('',(0.,0.,1.));
#210 = DIRECTION('',(1.,0.,0.));
#211 = ORIENTED_EDGE('',*,*,#212,.T.);
#212 = EDGE_CURVE('',#204,#213,#215,.T.);
#213 = VERTEX_POINT('',#214);
#214 = CARTESIAN_POINT('',(-11.,2.00000060423,3.));
#215 = LINE('',#216,#217);
#216 = CARTESIAN_POINT('',(-11.,10.00000060423,3.));
#217 = VECTOR('',#218,1.);
#218 = DIRECTION('',(0.,-1.,0.));
#219 = ORIENTED_EDGE('',*,*,#220,.T.);
#220 = EDGE_CURVE('',#213,#221,#223,.T.);
#221 = VERTEX_POINT('',#222);
#222 = CARTESIAN_POINT('',(-8.5,2.00000060423,3.));
#223 = LINE('',#224,#225);
#224 = CARTESIAN_POINT('',(-11.,2.00000060423,3.));
#225 = VECTOR('',#226,1.);
#226 = DIRECTION('',(1.,0.,0.));
#227 = ORIENTED_EDGE('',*,*,#228,.F.);
#228 = EDGE_CURVE('',#229,#221,#231,.T.);
#229 = VERTEX_POINT('',#230);
#230 = CARTESIAN_POINT('',(-6.5,6.04230186E-07,3.));
#231 = CIRCLE('',#232,2.);
#232 = AXIS2_PLACEMENT_3D('',#233,#234,#235);
#233 = CARTESIAN_POINT('',(-8.5,6.042301858E-07,3.));
#234 = DIRECTION('',(0.,0.,1.));
#235 = DIRECTION('',(1.,0.,0.));
#236 = ORIENTED_EDGE('',*,*,#237,.F.);
#237 = EDGE_CURVE('',#238,#229,#240,.T.);
#238 = VERTEX_POINT('',#239);
#239 = CARTESIAN_POINT('',(-6.5,-4.,3.));
#240 = LINE('',#241,#242);
#241 = CARTESIAN_POINT('',(-6.5,-4.,3.));
#242 = VECTOR('',#243,1.);
#243 = DIRECTION('',(0.,1.,0.));
#244 = ORIENTED_EDGE('',*,*,#245,.F.);
#245 = EDGE_CURVE('',#246,#238,#248,.T.);
#246 = VERTEX_POINT('',#247);
#247 = CARTESIAN_POINT('',(-8.5,-6.,3.));
#248 = CIRCLE('',#249,2.);
#249 = AXIS2_PLACEMENT_3D('',#250,#251,#252);
#250 = CARTESIAN_POINT('',(-8.5,-4.,3.));
#251 = DIRECTION('',(0.,0.,1.));
#252 = DIRECTION('',(1.,0.,0.));
#253 = ORIENTED_EDGE('',*,*,#254,.F.);
#254 = EDGE_CURVE('',#255,#246,#257,.T.);
#255 = VERTEX_POINT('',#256);
#256 = CARTESIAN_POINT('',(-18.5,-6.,3.));
#257 = LINE('',#258,#259);
#258 = CARTESIAN_POINT('',(-18.5,-6.,3.));
#259 = VECTOR('',#260,1.);
#260 = DIRECTION('',(1.,0.,0.));
#261 = ORIENTED_EDGE('',*,*,#262,.F.);
#262 = EDGE_CURVE('',#263,#255,#265,.T.);
#263 = VERTEX_POINT('',#264);
#264 = CARTESIAN_POINT('',(-20.5,-4.,3.));
#265 = CIRCLE('',#266,2.);
#266 = AXIS2_PLACEMENT_3D('',#267,#268,#269);
#267 = CARTESIAN_POINT('',(-18.5,-4.,3.));
#268 = DIRECTION('',(0.,0.,1.));
#269 = DIRECTION('',(1.,0.,0.));
#270 = ORIENTED_EDGE('',*,*,#271,.F.);
#271 = EDGE_CURVE('',#162,#263,#272,.T.);
#272 = LINE('',#273,#274);
#273 = CARTESIAN_POINT('',(-20.5,1.14E-15,3.));
#274 = VECTOR('',#275,1.);
#275 = DIRECTION('',(0.,-1.,0.));
#276 = PLANE('',#277);
#277 = AXIS2_PLACEMENT_3D('',#278,#279,#280);
#278 = CARTESIAN_POINT('',(-5.83E-15,8.E-16,3.));
#279 = DIRECTION('',(0.,0.,1.));
#280 = DIRECTION('',(1.,0.,0.));
#281 = ADVANCED_FACE('',(#282),#908,.T.);
#282 = FACE_BOUND('',#283,.F.);
#283 = EDGE_LOOP('',(#284,#285,#292,#301,#311,#320,#330,#339,#349,#358,
    #368,#377,#387,#396,#406,#415,#425,#434,#444,#453,#463,#472,#482,
    #491,#501,#510,#520,#529,#539,#548,#558,#567,#577,#586,#596,#605,
    #615,#624,#634,#643,#653,#662,#672,#681,#691,#700,#710,#719,#729,
    #738,#748,#757,#767,#776,#786,#795,#805,#814,#824,#833,#843,#852,
    #862,#871,#881,#890,#900,#907));
#284 = ORIENTED_EDGE('',*,*,#139,.T.);
#285 = ORIENTED_EDGE('',*,*,#286,.T.);
#286 = EDGE_CURVE('',#140,#287,#289,.T.);
#287 = VERTEX_POINT('',#288);
#288 = CARTESIAN_POINT('',(33.008727532464,0.,-0.5));
#289 = B_SPLINE_CURVE_WITH_KNOTS('',1,(#290,#291),.UNSPECIFIED.,.F.,.F.,
  (2,2),(0.,1.),.PIECEWISE_BEZIER_KNOTS.);
#290 = CARTESIAN_POINT('',(33.,0.,0.));
#291 = CARTESIAN_POINT('',(33.104730389569,0.,-6.));
#292 = ORIENTED_EDGE('',*,*,#293,.T.);
#293 = EDGE_CURVE('',#287,#294,#296,.T.);
#294 = VERTEX_POINT('',#295);
#295 = CARTESIAN_POINT('',(33.000287974463,-0.746382552688,-0.5));
#296 = CIRCLE('',#297,33.008727532464);
#297 = AXIS2_PLACEMENT_3D('',#298,#299,#300);
#298 = CARTESIAN_POINT('',(0.,0.,-0.5));
#299 = DIRECTION('',(0.,0.,-1.));
#300 = DIRECTION('',(1.,0.,0.));
#301 = ORIENTED_EDGE('',*,*,#302,.T.);
#302 = EDGE_CURVE('',#294,#303,#305,.T.);
#303 = VERTEX_POINT('',#304);
#304 = CARTESIAN_POINT('',(33.096315312299,-0.746382552688,-6.));
#305 = B_SPLINE_CURVE_WITH_KNOTS('',4,(#306,#307,#308,#309,#310),
  .UNSPECIFIED.,.F.,.F.,(5,5),(0.,1.),.PIECEWISE_BEZIER_KNOTS.);
#306 = CARTESIAN_POINT('',(32.991558209414,-0.746382552688,-8.000001E-11
    ));
#307 = CARTESIAN_POINT('',(33.017747506334,-0.746382552688,
    -1.499999999865));
#308 = CARTESIAN_POINT('',(33.043936789077,-0.746382552688,
    -2.999999999783));
#309 = CARTESIAN_POINT('',(33.070126057708,-0.746382552688,
    -4.499999999685));
#310 = CARTESIAN_POINT('',(33.096315312296,-0.746382552688,
    -5.99999999984));
#311 = ORIENTED_EDGE('',*,*,#312,.F.);
#312 = EDGE_CURVE('',#313,#303,#315,.T.);
#313 = VERTEX_POINT('',#314);
#314 = CARTESIAN_POINT('',(30.865253758736,-11.96909706598,-6.));
#315 = CIRCLE('',#316,33.104730389569);
#316 = AXIS2_PLACEMENT_3D('',#317,#318,#319);
#317 = CARTESIAN_POINT('',(0.,0.,-6.));
#318 = DIRECTION('',(0.,0.,1.));
#319 = DIRECTION('',(1.,0.,0.));
#320 = ORIENTED_EDGE('',*,*,#321,.T.);
#321 = EDGE_CURVE('',#313,#322,#324,.T.);
#322 = VERTEX_POINT('',#323);
#323 = CARTESIAN_POINT('',(30.776535625981,-11.93234881216,-0.5));
#324 = B_SPLINE_CURVE_WITH_KNOTS('',4,(#325,#326,#327,#328,#329),
  .UNSPECIFIED.,.F.,.F.,(5,5),(0.,1.),.PIECEWISE_BEZIER_KNOTS.);
#325 = CARTESIAN_POINT('',(30.865253758734,-11.96909706598,
    -5.99999999984));
#326 = CARTESIAN_POINT('',(30.841057922587,-11.95907482249,
    -4.499999999682));
#327 = CARTESIAN_POINT('',(30.816862073215,-11.94905257353,
    -2.999999999778));
#328 = CARTESIAN_POINT('',(30.79266621055,-11.93903031906,
    -1.499999999861));
#329 = CARTESIAN_POINT('',(30.768470334531,-11.92900805906,-8.000001E-11
    ));
#330 = ORIENTED_EDGE('',*,*,#331,.T.);
#331 = EDGE_CURVE('',#322,#332,#334,.T.);
#332 = VERTEX_POINT('',#333);
#333 = CARTESIAN_POINT('',(30.202662389465,-13.31823103495,-0.5));
#334 = CIRCLE('',#335,33.008727532464);
#335 = AXIS2_PLACEMENT_3D('',#336,#337,#338);
#336 = CARTESIAN_POINT('',(0.,0.,-0.5));
#337 = DIRECTION('',(0.,0.,-1.));
#338 = DIRECTION('',(1.,0.,0.));
#339 = ORIENTED_EDGE('',*,*,#340,.T.);
#340 = EDGE_CURVE('',#332,#341,#343,.T.);
#341 = VERTEX_POINT('',#342);
#342 = CARTESIAN_POINT('',(30.291380081453,-13.3549791062,-6.));
#343 = B_SPLINE_CURVE_WITH_KNOTS('',4,(#344,#345,#346,#347,#348),
  .UNSPECIFIED.,.F.,.F.,(5,5),(0.,1.),.PIECEWISE_BEZIER_KNOTS.);
#344 = CARTESIAN_POINT('',(30.194597138212,-13.3148902985,-8.000001E-11)
  );
#345 = CARTESIAN_POINT('',(30.218792893608,-13.32491250854,
    -1.499999999865));
#346 = CARTESIAN_POINT('',(30.242988635905,-13.33493471315,
    -2.999999999783));
#347 = CARTESIAN_POINT('',(30.267184365164,-13.34495691236,
    -4.499999999685));
#348 = CARTESIAN_POINT('',(30.29138008145,-13.35497910619,-5.99999999984
    ));
#349 = ORIENTED_EDGE('',*,*,#350,.F.);
#350 = EDGE_CURVE('',#351,#341,#353,.T.);
#351 = VERTEX_POINT('',#352);
#352 = CARTESIAN_POINT('',(23.935401065944,-22.86962505111,-6.));
#353 = CIRCLE('',#354,33.104730389569);
#354 = AXIS2_PLACEMENT_3D('',#355,#356,#357);
#355 = CARTESIAN_POINT('',(0.,0.,-6.));
#356 = DIRECTION('',(0.,0.,1.));
#357 = DIRECTION('',(1.,0.,0.));
#358 = ORIENTED_EDGE('',*,*,#359,.T.);
#359 = EDGE_CURVE('',#351,#360,#362,.T.);
#360 = VERTEX_POINT('',#361);
#361 = CARTESIAN_POINT('',(23.867499146831,-22.801723132,-0.5));
#362 = B_SPLINE_CURVE_WITH_KNOTS('',4,(#363,#364,#365,#366,#367),
  .UNSPECIFIED.,.F.,.F.,(5,5),(0.,1.),.PIECEWISE_BEZIER_KNOTS.);
#363 = CARTESIAN_POINT('',(23.935401065941,-22.86962505111,
    -5.99999999984));
#364 = CARTESIAN_POINT('',(23.91688237469,-22.85110635986,
    -4.499999999682));
#365 = CARTESIAN_POINT('',(23.898363673317,-22.83258765848,
    -2.999999999778));
#366 = CARTESIAN_POINT('',(23.879844961769,-22.81406894694,
    -1.499999999861));
#367 = CARTESIAN_POINT('',(23.861326240001,-22.79555022517,-8.000001E-11
    ));
#368 = ORIENTED_EDGE('',*,*,#369,.T.);
#369 = EDGE_CURVE('',#360,#370,#372,.T.);
#370 = VERTEX_POINT('',#371);
#371 = CARTESIAN_POINT('',(22.806955243487,-23.86249957221,-0.5));
#372 = CIRCLE('',#373,33.008727532464);
#373 = AXIS2_PLACEMENT_3D('',#374,#375,#376);
#374 = CARTESIAN_POINT('',(0.,0.,-0.5));
#375 = DIRECTION('',(0.,0.,-1.));
#376 = DIRECTION('',(1.,0.,0.));
#377 = ORIENTED_EDGE('',*,*,#378,.T.);
#378 = EDGE_CURVE('',#370,#379,#381,.T.);
#379 = VERTEX_POINT('',#380);
#380 = CARTESIAN_POINT('',(22.87485682525,-23.93040115398,-6.));
#381 = B_SPLINE_CURVE_WITH_KNOTS('',4,(#382,#383,#384,#385,#386),
  .UNSPECIFIED.,.F.,.F.,(5,5),(0.,1.),.PIECEWISE_BEZIER_KNOTS.);
#382 = CARTESIAN_POINT('',(22.800782367422,-23.85632669615,-8.000001E-11
    ));
#383 = CARTESIAN_POINT('',(22.819300996869,-23.87484532559,
    -1.499999999865));
#384 = CARTESIAN_POINT('',(22.837819616291,-23.89336394502,
    -2.999999999783));
#385 = CARTESIAN_POINT('',(22.856338225734,-23.91188255446,
    -4.499999999685));
#386 = CARTESIAN_POINT('',(22.874856825248,-23.93040115397,
    -5.99999999984));
#387 = ORIENTED_EDGE('',*,*,#388,.F.);
#388 = EDGE_CURVE('',#389,#379,#391,.T.);
#389 = VERTEX_POINT('',#390);
#390 = CARTESIAN_POINT('',(13.361600535812,-30.28845993588,-6.));
#391 = CIRCLE('',#392,33.104730389569);
#392 = AXIS2_PLACEMENT_3D('',#393,#394,#395);
#393 = CARTESIAN_POINT('',(0.,0.,-6.));
#394 = DIRECTION('',(0.,0.,1.));
#395 = DIRECTION('',(1.,0.,0.));
#396 = ORIENTED_EDGE('',*,*,#397,.T.);
#397 = EDGE_CURVE('',#389,#398,#400,.T.);
#398 = VERTEX_POINT('',#399);
#399 = CARTESIAN_POINT('',(13.324852281995,-30.19974180312,-0.5));
#400 = B_SPLINE_CURVE_WITH_KNOTS('',4,(#401,#402,#403,#404,#405),
  .UNSPECIFIED.,.F.,.F.,(5,5),(0.,1.),.PIECEWISE_BEZIER_KNOTS.);
#401 = CARTESIAN_POINT('',(13.36160053581,-30.28845993587,-5.99999999984
    ));
#402 = CARTESIAN_POINT('',(13.351578292325,-30.26426409973,
    -4.499999999682));
#403 = CARTESIAN_POINT('',(13.341556043362,-30.24006825036,
    -2.999999999778));
#404 = CARTESIAN_POINT('',(13.331533788893,-30.21587238769,
    -1.499999999861));
#405 = CARTESIAN_POINT('',(13.321511528892,-30.19167651167,-8.000001E-11
    ));
#406 = ORIENTED_EDGE('',*,*,#407,.T.);
#407 = EDGE_CURVE('',#398,#408,#410,.T.);
#408 = VERTEX_POINT('',#409);
#409 = CARTESIAN_POINT('',(11.939095907252,-30.7739188637,-0.5));
#410 = CIRCLE('',#411,33.008727532464);
#411 = AXIS2_PLACEMENT_3D('',#412,#413,#414);
#412 = CARTESIAN_POINT('',(0.,0.,-0.5));
#413 = DIRECTION('',(0.,0.,-1.));
#414 = DIRECTION('',(1.,0.,0.));
#415 = ORIENTED_EDGE('',*,*,#416,.T.);
#416 = EDGE_CURVE('',#408,#417,#419,.T.);
#417 = VERTEX_POINT('',#418);
#418 = CARTESIAN_POINT('',(11.975843978496,-30.86263655569,-6.));
#419 = B_SPLINE_CURVE_WITH_KNOTS('',4,(#420,#421,#422,#423,#424),
  .UNSPECIFIED.,.F.,.F.,(5,5),(0.,1.),.PIECEWISE_BEZIER_KNOTS.);
#420 = CARTESIAN_POINT('',(11.935755170799,-30.76585361245,-8.000001E-11
    ));
#421 = CARTESIAN_POINT('',(11.945777380836,-30.79004936784,
    -1.499999999865));
#422 = CARTESIAN_POINT('',(11.955799585447,-30.81424511014,
    -2.999999999783));
#423 = CARTESIAN_POINT('',(11.965821784658,-30.8384408394,
    -4.499999999685));
#424 = CARTESIAN_POINT('',(11.975843978495,-30.86263655569,
    -5.99999999984));
#425 = ORIENTED_EDGE('',*,*,#426,.F.);
#426 = EDGE_CURVE('',#427,#417,#429,.T.);
#427 = VERTEX_POINT('',#428);
#428 = CARTESIAN_POINT('',(0.753617447313,-33.09615136098,-6.));
#429 = CIRCLE('',#430,33.104730389569);
#430 = AXIS2_PLACEMENT_3D('',#431,#432,#433);
#431 = CARTESIAN_POINT('',(0.,0.,-6.));
#432 = DIRECTION('',(0.,0.,1.));
#433 = DIRECTION('',(1.,0.,0.));
#434 = ORIENTED_EDGE('',*,*,#435,.T.);
#435 = EDGE_CURVE('',#427,#436,#438,.T.);
#436 = VERTEX_POINT('',#437);
#437 = CARTESIAN_POINT('',(0.753617447312,-33.00012354606,-0.5));
#438 = B_SPLINE_CURVE_WITH_KNOTS('',4,(#439,#440,#441,#442,#443),
  .UNSPECIFIED.,.F.,.F.,(5,5),(0.,1.),.PIECEWISE_BEZIER_KNOTS.);
#439 = CARTESIAN_POINT('',(0.753617447312,-33.09615136098,-5.99999999984
    ));
#440 = CARTESIAN_POINT('',(0.753617447312,-33.06996197665,
    -4.499999999682));
#441 = CARTESIAN_POINT('',(0.753617447312,-33.04377257801,
    -2.999999999778));
#442 = CARTESIAN_POINT('',(0.753617447312,-33.01758316498,
    -1.499999999861));
#443 = CARTESIAN_POINT('',(0.753617447312,-32.9913937375,-8.000001E-11)
  );
#444 = ORIENTED_EDGE('',*,*,#445,.T.);
#445 = EDGE_CURVE('',#436,#446,#448,.T.);
#446 = VERTEX_POINT('',#447);
#447 = CARTESIAN_POINT('',(-0.746382552688,-33.00028797446,-0.5));
#448 = CIRCLE('',#449,33.008727532464);
#449 = AXIS2_PLACEMENT_3D('',#450,#451,#452);
#450 = CARTESIAN_POINT('',(0.,0.,-0.5));
#451 = DIRECTION('',(0.,0.,-1.));
#452 = DIRECTION('',(1.,0.,0.));
#453 = ORIENTED_EDGE('',*,*,#454,.T.);
#454 = EDGE_CURVE('',#446,#455,#457,.T.);
#455 = VERTEX_POINT('',#456);
#456 = CARTESIAN_POINT('',(-0.746382552689,-33.09631531229,-6.));
#457 = B_SPLINE_CURVE_WITH_KNOTS('',4,(#458,#459,#460,#461,#462),
  .UNSPECIFIED.,.F.,.F.,(5,5),(0.,1.),.PIECEWISE_BEZIER_KNOTS.);
#458 = CARTESIAN_POINT('',(-0.746382552688,-32.99155820941,-8.000001E-11
    ));
#459 = CARTESIAN_POINT('',(-0.746382552688,-33.01774750633,
    -1.499999999865));
#460 = CARTESIAN_POINT('',(-0.746382552688,-33.04393678907,
    -2.999999999783));
#461 = CARTESIAN_POINT('',(-0.746382552688,-33.0701260577,
    -4.499999999685));
#462 = CARTESIAN_POINT('',(-0.746382552688,-33.09631531229,
    -5.99999999984));
#463 = ORIENTED_EDGE('',*,*,#464,.F.);
#464 = EDGE_CURVE('',#465,#455,#467,.T.);
#465 = VERTEX_POINT('',#466);
#466 = CARTESIAN_POINT('',(-11.96909706598,-30.86525375873,-6.));
#467 = CIRCLE('',#468,33.104730389569);
#468 = AXIS2_PLACEMENT_3D('',#469,#470,#471);
#469 = CARTESIAN_POINT('',(0.,0.,-6.));
#470 = DIRECTION('',(0.,0.,1.));
#471 = DIRECTION('',(1.,0.,0.));
#472 = ORIENTED_EDGE('',*,*,#473,.T.);
#473 = EDGE_CURVE('',#465,#474,#476,.T.);
#474 = VERTEX_POINT('',#475);
#475 = CARTESIAN_POINT('',(-11.93234881216,-30.77653562598,-0.5));
#476 = B_SPLINE_CURVE_WITH_KNOTS('',4,(#477,#478,#479,#480,#481),
  .UNSPECIFIED.,.F.,.F.,(5,5),(0.,1.),.PIECEWISE_BEZIER_KNOTS.);
#477 = CARTESIAN_POINT('',(-11.96909706598,-30.86525375873,
    -5.99999999984));
#478 = CARTESIAN_POINT('',(-11.95907482249,-30.84105792258,
    -4.499999999682));
#479 = CARTESIAN_POINT('',(-11.94905257353,-30.81686207321,
    -2.999999999778));
#480 = CARTESIAN_POINT('',(-11.93903031906,-30.79266621055,
    -1.499999999861));
#481 = CARTESIAN_POINT('',(-11.92900805906,-30.76847033453,-8.000001E-11
    ));
#482 = ORIENTED_EDGE('',*,*,#483,.T.);
#483 = EDGE_CURVE('',#474,#484,#486,.T.);
#484 = VERTEX_POINT('',#485);
#485 = CARTESIAN_POINT('',(-13.31823103495,-30.20266238946,-0.5));
#486 = CIRCLE('',#487,33.008727532464);
#487 = AXIS2_PLACEMENT_3D('',#488,#489,#490);
#488 = CARTESIAN_POINT('',(0.,0.,-0.5));
#489 = DIRECTION('',(0.,0.,-1.));
#490 = DIRECTION('',(1.,0.,0.));
#491 = ORIENTED_EDGE('',*,*,#492,.T.);
#492 = EDGE_CURVE('',#484,#493,#495,.T.);
#493 = VERTEX_POINT('',#494);
#494 = CARTESIAN_POINT('',(-13.3549791062,-30.29138008145,-6.));
#495 = B_SPLINE_CURVE_WITH_KNOTS('',4,(#496,#497,#498,#499,#500),
  .UNSPECIFIED.,.F.,.F.,(5,5),(0.,1.),.PIECEWISE_BEZIER_KNOTS.);
#496 = CARTESIAN_POINT('',(-13.3148902985,-30.19459713821,-8.000001E-11)
  );
#497 = CARTESIAN_POINT('',(-13.32491250854,-30.2187928936,
    -1.499999999865));
#498 = CARTESIAN_POINT('',(-13.33493471315,-30.2429886359,
    -2.999999999783));
#499 = CARTESIAN_POINT('',(-13.34495691236,-30.26718436516,
    -4.499999999685));
#500 = CARTESIAN_POINT('',(-13.35497910619,-30.29138008145,
    -5.99999999984));
#501 = ORIENTED_EDGE('',*,*,#502,.F.);
#502 = EDGE_CURVE('',#503,#493,#505,.T.);
#503 = VERTEX_POINT('',#504);
#504 = CARTESIAN_POINT('',(-22.86962505111,-23.93540106594,-6.));
#505 = CIRCLE('',#506,33.104730389569);
#506 = AXIS2_PLACEMENT_3D('',#507,#508,#509);
#507 = CARTESIAN_POINT('',(0.,0.,-6.));
#508 = DIRECTION('',(0.,0.,1.));
#509 = DIRECTION('',(1.,0.,0.));
#510 = ORIENTED_EDGE('',*,*,#511,.T.);
#511 = EDGE_CURVE('',#503,#512,#514,.T.);
#512 = VERTEX_POINT('',#513);
#513 = CARTESIAN_POINT('',(-22.801723132,-23.86749914683,-0.5));
#514 = B_SPLINE_CURVE_WITH_KNOTS('',4,(#515,#516,#517,#518,#519),
  .UNSPECIFIED.,.F.,.F.,(5,5),(0.,1.),.PIECEWISE_BEZIER_KNOTS.);
#515 = CARTESIAN_POINT('',(-22.86962505111,-23.93540106594,
    -5.99999999984));
#516 = CARTESIAN_POINT('',(-22.85110635986,-23.91688237469,
    -4.499999999682));
#517 = CARTESIAN_POINT('',(-22.83258765848,-23.89836367331,
    -2.999999999778));
#518 = CARTESIAN_POINT('',(-22.81406894694,-23.87984496176,
    -1.499999999861));
#519 = CARTESIAN_POINT('',(-22.79555022517,-23.86132624,-8.000001E-11));
#520 = ORIENTED_EDGE('',*,*,#521,.T.);
#521 = EDGE_CURVE('',#512,#522,#524,.T.);
#522 = VERTEX_POINT('',#523);
#523 = CARTESIAN_POINT('',(-23.86249957221,-22.80695524348,-0.5));
#524 = CIRCLE('',#525,33.008727532464);
#525 = AXIS2_PLACEMENT_3D('',#526,#527,#528);
#526 = CARTESIAN_POINT('',(0.,0.,-0.5));
#527 = DIRECTION('',(0.,0.,-1.));
#528 = DIRECTION('',(1.,0.,0.));
#529 = ORIENTED_EDGE('',*,*,#530,.T.);
#530 = EDGE_CURVE('',#522,#531,#533,.T.);
#531 = VERTEX_POINT('',#532);
#532 = CARTESIAN_POINT('',(-23.93040115398,-22.87485682525,-6.));
#533 = B_SPLINE_CURVE_WITH_KNOTS('',4,(#534,#535,#536,#537,#538),
  .UNSPECIFIED.,.F.,.F.,(5,5),(0.,1.),.PIECEWISE_BEZIER_KNOTS.);
#534 = CARTESIAN_POINT('',(-23.85632669615,-22.80078236742,-8.000001E-11
    ));
#535 = CARTESIAN_POINT('',(-23.87484532559,-22.81930099686,
    -1.499999999865));
#536 = CARTESIAN_POINT('',(-23.89336394502,-22.83781961629,
    -2.999999999783));
#537 = CARTESIAN_POINT('',(-23.91188255446,-22.85633822573,
    -4.499999999685));
#538 = CARTESIAN_POINT('',(-23.93040115397,-22.87485682524,
    -5.99999999984));
#539 = ORIENTED_EDGE('',*,*,#540,.F.);
#540 = EDGE_CURVE('',#541,#531,#543,.T.);
#541 = VERTEX_POINT('',#542);
#542 = CARTESIAN_POINT('',(-30.28845993588,-13.36160053581,-6.));
#543 = CIRCLE('',#544,33.104730389569);
#544 = AXIS2_PLACEMENT_3D('',#545,#546,#547);
#545 = CARTESIAN_POINT('',(0.,0.,-6.));
#546 = DIRECTION('',(0.,0.,1.));
#547 = DIRECTION('',(1.,0.,0.));
#548 = ORIENTED_EDGE('',*,*,#549,.T.);
#549 = EDGE_CURVE('',#541,#550,#552,.T.);
#550 = VERTEX_POINT('',#551);
#551 = CARTESIAN_POINT('',(-30.19974180312,-13.32485228199,-0.5));
#552 = B_SPLINE_CURVE_WITH_KNOTS('',4,(#553,#554,#555,#556,#557),
  .UNSPECIFIED.,.F.,.F.,(5,5),(0.,1.),.PIECEWISE_BEZIER_KNOTS.);
#553 = CARTESIAN_POINT('',(-30.28845993587,-13.36160053581,
    -5.99999999984));
#554 = CARTESIAN_POINT('',(-30.26426409973,-13.35157829232,
    -4.499999999682));
#555 = CARTESIAN_POINT('',(-30.24006825036,-13.34155604336,
    -2.999999999778));
#556 = CARTESIAN_POINT('',(-30.21587238769,-13.33153378889,
    -1.499999999861));
#557 = CARTESIAN_POINT('',(-30.19167651167,-13.32151152889,-8.000001E-11
    ));
#558 = ORIENTED_EDGE('',*,*,#559,.T.);
#559 = EDGE_CURVE('',#550,#560,#562,.T.);
#560 = VERTEX_POINT('',#561);
#561 = CARTESIAN_POINT('',(-30.7739188637,-11.93909590725,-0.5));
#562 = CIRCLE('',#563,33.008727532464);
#563 = AXIS2_PLACEMENT_3D('',#564,#565,#566);
#564 = CARTESIAN_POINT('',(0.,0.,-0.5));
#565 = DIRECTION('',(0.,0.,-1.));
#566 = DIRECTION('',(1.,0.,0.));
#567 = ORIENTED_EDGE('',*,*,#568,.T.);
#568 = EDGE_CURVE('',#560,#569,#571,.T.);
#569 = VERTEX_POINT('',#570);
#570 = CARTESIAN_POINT('',(-30.86263655569,-11.97584397849,-6.));
#571 = B_SPLINE_CURVE_WITH_KNOTS('',4,(#572,#573,#574,#575,#576),
  .UNSPECIFIED.,.F.,.F.,(5,5),(0.,1.),.PIECEWISE_BEZIER_KNOTS.);
#572 = CARTESIAN_POINT('',(-30.76585361245,-11.93575517079,-8.000001E-11
    ));
#573 = CARTESIAN_POINT('',(-30.79004936784,-11.94577738083,
    -1.499999999865));
#574 = CARTESIAN_POINT('',(-30.81424511014,-11.95579958544,
    -2.999999999783));
#575 = CARTESIAN_POINT('',(-30.8384408394,-11.96582178465,
    -4.499999999685));
#576 = CARTESIAN_POINT('',(-30.86263655569,-11.97584397849,
    -5.99999999984));
#577 = ORIENTED_EDGE('',*,*,#578,.F.);
#578 = EDGE_CURVE('',#579,#569,#581,.T.);
#579 = VERTEX_POINT('',#580);
#580 = CARTESIAN_POINT('',(-33.09615136098,-0.753617447312,-6.));
#581 = CIRCLE('',#582,33.104730389569);
#582 = AXIS2_PLACEMENT_3D('',#583,#584,#585);
#583 = CARTESIAN_POINT('',(0.,0.,-6.));
#584 = DIRECTION('',(0.,0.,1.));
#585 = DIRECTION('',(1.,0.,0.));
#586 = ORIENTED_EDGE('',*,*,#587,.T.);
#587 = EDGE_CURVE('',#579,#588,#590,.T.);
#588 = VERTEX_POINT('',#589);
#589 = CARTESIAN_POINT('',(-33.00012354606,-0.753617447312,-0.5));
#590 = B_SPLINE_CURVE_WITH_KNOTS('',4,(#591,#592,#593,#594,#595),
  .UNSPECIFIED.,.F.,.F.,(5,5),(0.,1.),.PIECEWISE_BEZIER_KNOTS.);
#591 = CARTESIAN_POINT('',(-33.09615136098,-0.753617447312,
    -5.99999999984));
#592 = CARTESIAN_POINT('',(-33.06996197665,-0.753617447312,
    -4.499999999682));
#593 = CARTESIAN_POINT('',(-33.04377257801,-0.753617447312,
    -2.999999999778));
#594 = CARTESIAN_POINT('',(-33.01758316498,-0.753617447312,
    -1.499999999861));
#595 = CARTESIAN_POINT('',(-32.9913937375,-0.753617447312,-8.000001E-11)
  );
#596 = ORIENTED_EDGE('',*,*,#597,.T.);
#597 = EDGE_CURVE('',#588,#598,#600,.T.);
#598 = VERTEX_POINT('',#599);
#599 = CARTESIAN_POINT('',(-33.00028797446,0.746382552688,-0.5));
#600 = CIRCLE('',#601,33.008727532464);
#601 = AXIS2_PLACEMENT_3D('',#602,#603,#604);
#602 = CARTESIAN_POINT('',(0.,0.,-0.5));
#603 = DIRECTION('',(0.,0.,-1.));
#604 = DIRECTION('',(1.,0.,0.));
#605 = ORIENTED_EDGE('',*,*,#606,.T.);
#606 = EDGE_CURVE('',#598,#607,#609,.T.);
#607 = VERTEX_POINT('',#608);
#608 = CARTESIAN_POINT('',(-33.09631531229,0.746382552688,-6.));
#609 = B_SPLINE_CURVE_WITH_KNOTS('',4,(#610,#611,#612,#613,#614),
  .UNSPECIFIED.,.F.,.F.,(5,5),(0.,1.),.PIECEWISE_BEZIER_KNOTS.);
#610 = CARTESIAN_POINT('',(-32.99155820941,0.746382552688,-8.000001E-11)
  );
#611 = CARTESIAN_POINT('',(-33.01774750633,0.746382552688,
    -1.499999999865));
#612 = CARTESIAN_POINT('',(-33.04393678907,0.746382552688,
    -2.999999999783));
#613 = CARTESIAN_POINT('',(-33.0701260577,0.746382552688,-4.499999999685
    ));
#614 = CARTESIAN_POINT('',(-33.09631531229,0.746382552688,-5.99999999984
    ));
#615 = ORIENTED_EDGE('',*,*,#616,.F.);
#616 = EDGE_CURVE('',#617,#607,#619,.T.);
#617 = VERTEX_POINT('',#618);
#618 = CARTESIAN_POINT('',(-30.86525375873,11.969097065981,-6.));
#619 = CIRCLE('',#620,33.104730389569);
#620 = AXIS2_PLACEMENT_3D('',#621,#622,#623);
#621 = CARTESIAN_POINT('',(0.,0.,-6.));
#622 = DIRECTION('',(0.,0.,1.));
#623 = DIRECTION('',(1.,0.,0.));
#624 = ORIENTED_EDGE('',*,*,#625,.T.);
#625 = EDGE_CURVE('',#617,#626,#628,.T.);
#626 = VERTEX_POINT('',#627);
#627 = CARTESIAN_POINT('',(-30.77653562598,11.932348812165,-0.5));
#628 = B_SPLINE_CURVE_WITH_KNOTS('',4,(#629,#630,#631,#632,#633),
  .UNSPECIFIED.,.F.,.F.,(5,5),(0.,1.),.PIECEWISE_BEZIER_KNOTS.);
#629 = CARTESIAN_POINT('',(-30.86525375873,11.96909706598,-5.99999999984
    ));
#630 = CARTESIAN_POINT('',(-30.84105792258,11.959074822495,
    -4.499999999682));
#631 = CARTESIAN_POINT('',(-30.81686207321,11.949052573532,
    -2.999999999778));
#632 = CARTESIAN_POINT('',(-30.79266621055,11.939030319063,
    -1.499999999861));
#633 = CARTESIAN_POINT('',(-30.76847033453,11.929008059062,-8.000001E-11
    ));
#634 = ORIENTED_EDGE('',*,*,#635,.T.);
#635 = EDGE_CURVE('',#626,#636,#638,.T.);
#636 = VERTEX_POINT('',#637);
#637 = CARTESIAN_POINT('',(-30.20266238946,13.318231034956,-0.5));
#638 = CIRCLE('',#639,33.008727532464);
#639 = AXIS2_PLACEMENT_3D('',#640,#641,#642);
#640 = CARTESIAN_POINT('',(0.,0.,-0.5));
#641 = DIRECTION('',(0.,0.,-1.));
#642 = DIRECTION('',(1.,0.,0.));
#643 = ORIENTED_EDGE('',*,*,#644,.T.);
#644 = EDGE_CURVE('',#636,#645,#647,.T.);
#645 = VERTEX_POINT('',#646);
#646 = CARTESIAN_POINT('',(-30.29138008145,13.3549791062,-6.));
#647 = B_SPLINE_CURVE_WITH_KNOTS('',4,(#648,#649,#650,#651,#652),
  .UNSPECIFIED.,.F.,.F.,(5,5),(0.,1.),.PIECEWISE_BEZIER_KNOTS.);
#648 = CARTESIAN_POINT('',(-30.19459713821,13.314890298503,-8.000001E-11
    ));
#649 = CARTESIAN_POINT('',(-30.2187928936,13.32491250854,-1.499999999865
    ));
#650 = CARTESIAN_POINT('',(-30.2429886359,13.334934713151,
    -2.999999999783));
#651 = CARTESIAN_POINT('',(-30.26718436516,13.344956912362,
    -4.499999999685));
#652 = CARTESIAN_POINT('',(-30.29138008145,13.354979106199,
    -5.99999999984));
#653 = ORIENTED_EDGE('',*,*,#654,.F.);
#654 = EDGE_CURVE('',#655,#645,#657,.T.);
#655 = VERTEX_POINT('',#656);
#656 = CARTESIAN_POINT('',(-23.93540106594,22.869625051113,-6.));
#657 = CIRCLE('',#658,33.104730389569);
#658 = AXIS2_PLACEMENT_3D('',#659,#660,#661);
#659 = CARTESIAN_POINT('',(0.,0.,-6.));
#660 = DIRECTION('',(0.,0.,1.));
#661 = DIRECTION('',(1.,0.,0.));
#662 = ORIENTED_EDGE('',*,*,#663,.T.);
#663 = EDGE_CURVE('',#655,#664,#666,.T.);
#664 = VERTEX_POINT('',#665);
#665 = CARTESIAN_POINT('',(-23.86749914683,22.801723132002,-0.5));
#666 = B_SPLINE_CURVE_WITH_KNOTS('',4,(#667,#668,#669,#670,#671),
  .UNSPECIFIED.,.F.,.F.,(5,5),(0.,1.),.PIECEWISE_BEZIER_KNOTS.);
#667 = CARTESIAN_POINT('',(-23.93540106594,22.869625051112,
    -5.99999999984));
#668 = CARTESIAN_POINT('',(-23.91688237469,22.85110635986,
    -4.499999999682));
#669 = CARTESIAN_POINT('',(-23.89836367331,22.832587658487,
    -2.999999999778));
#670 = CARTESIAN_POINT('',(-23.87984496176,22.81406894694,
    -1.499999999861));
#671 = CARTESIAN_POINT('',(-23.86132624,22.795550225172,-8.000001E-11));
#672 = ORIENTED_EDGE('',*,*,#673,.T.);
#673 = EDGE_CURVE('',#664,#674,#676,.T.);
#674 = VERTEX_POINT('',#675);
#675 = CARTESIAN_POINT('',(-22.80695524348,23.862499572217,-0.5));
#676 = CIRCLE('',#677,33.008727532464);
#677 = AXIS2_PLACEMENT_3D('',#678,#679,#680);
#678 = CARTESIAN_POINT('',(0.,0.,-0.5));
#679 = DIRECTION('',(0.,0.,-1.));
#680 = DIRECTION('',(1.,0.,0.));
#681 = ORIENTED_EDGE('',*,*,#682,.T.);
#682 = EDGE_CURVE('',#674,#683,#685,.T.);
#683 = VERTEX_POINT('',#684);
#684 = CARTESIAN_POINT('',(-22.87485682525,23.93040115398,-6.));
#685 = B_SPLINE_CURVE_WITH_KNOTS('',4,(#686,#687,#688,#689,#690),
  .UNSPECIFIED.,.F.,.F.,(5,5),(0.,1.),.PIECEWISE_BEZIER_KNOTS.);
#686 = CARTESIAN_POINT('',(-22.80078236742,23.856326696152,-8.000001E-11
    ));
#687 = CARTESIAN_POINT('',(-22.81930099686,23.874845325599,
    -1.499999999865));
#688 = CARTESIAN_POINT('',(-22.83781961629,23.893363945021,
    -2.999999999783));
#689 = CARTESIAN_POINT('',(-22.85633822573,23.911882554464,
    -4.499999999685));
#690 = CARTESIAN_POINT('',(-22.87485682524,23.930401153978,
    -5.99999999984));
#691 = ORIENTED_EDGE('',*,*,#692,.F.);
#692 = EDGE_CURVE('',#693,#683,#695,.T.);
#693 = VERTEX_POINT('',#694);
#694 = CARTESIAN_POINT('',(-13.36160053581,30.288459935881,-6.));
#695 = CIRCLE('',#696,33.104730389569);
#696 = AXIS2_PLACEMENT_3D('',#697,#698,#699);
#697 = CARTESIAN_POINT('',(0.,0.,-6.));
#698 = DIRECTION('',(0.,0.,1.));
#699 = DIRECTION('',(1.,0.,0.));
#700 = ORIENTED_EDGE('',*,*,#701,.T.);
#701 = EDGE_CURVE('',#693,#702,#704,.T.);
#702 = VERTEX_POINT('',#703);
#703 = CARTESIAN_POINT('',(-13.32485228199,30.199741803126,-0.5));
#704 = B_SPLINE_CURVE_WITH_KNOTS('',4,(#705,#706,#707,#708,#709),
  .UNSPECIFIED.,.F.,.F.,(5,5),(0.,1.),.PIECEWISE_BEZIER_KNOTS.);
#705 = CARTESIAN_POINT('',(-13.36160053581,30.288459935879,
    -5.99999999984));
#706 = CARTESIAN_POINT('',(-13.35157829232,30.264264099732,
    -4.499999999682));
#707 = CARTESIAN_POINT('',(-13.34155604336,30.24006825036,
    -2.999999999778));
#708 = CARTESIAN_POINT('',(-13.33153378889,30.215872387695,
    -1.499999999861));
#709 = CARTESIAN_POINT('',(-13.32151152889,30.191676511676,-8.000001E-11
    ));
#710 = ORIENTED_EDGE('',*,*,#711,.T.);
#711 = EDGE_CURVE('',#702,#712,#714,.T.);
#712 = VERTEX_POINT('',#713);
#713 = CARTESIAN_POINT('',(-11.93909590725,30.773918863705,-0.5));
#714 = CIRCLE('',#715,33.008727532464);
#715 = AXIS2_PLACEMENT_3D('',#716,#717,#718);
#716 = CARTESIAN_POINT('',(0.,0.,-0.5));
#717 = DIRECTION('',(0.,0.,-1.));
#718 = DIRECTION('',(1.,0.,0.));
#719 = ORIENTED_EDGE('',*,*,#720,.T.);
#720 = EDGE_CURVE('',#712,#721,#723,.T.);
#721 = VERTEX_POINT('',#722);
#722 = CARTESIAN_POINT('',(-11.97584397849,30.862636555693,-6.));
#723 = B_SPLINE_CURVE_WITH_KNOTS('',4,(#724,#725,#726,#727,#728),
  .UNSPECIFIED.,.F.,.F.,(5,5),(0.,1.),.PIECEWISE_BEZIER_KNOTS.);
#724 = CARTESIAN_POINT('',(-11.93575517079,30.765853612452,-8.000001E-11
    ));
#725 = CARTESIAN_POINT('',(-11.94577738083,30.790049367848,
    -1.499999999865));
#726 = CARTESIAN_POINT('',(-11.95579958544,30.814245110145,
    -2.999999999783));
#727 = CARTESIAN_POINT('',(-11.96582178465,30.838440839404,
    -4.499999999685));
#728 = CARTESIAN_POINT('',(-11.97584397849,30.86263655569,-5.99999999984
    ));
#729 = ORIENTED_EDGE('',*,*,#730,.F.);
#730 = EDGE_CURVE('',#731,#721,#733,.T.);
#731 = VERTEX_POINT('',#732);
#732 = CARTESIAN_POINT('',(-0.753617447311,33.096151360984,-6.));
#733 = CIRCLE('',#734,33.104730389569);
#734 = AXIS2_PLACEMENT_3D('',#735,#736,#737);
#735 = CARTESIAN_POINT('',(0.,0.,-6.));
#736 = DIRECTION('',(0.,0.,1.));
#737 = DIRECTION('',(1.,0.,0.));
#738 = ORIENTED_EDGE('',*,*,#739,.T.);
#739 = EDGE_CURVE('',#731,#740,#742,.T.);
#740 = VERTEX_POINT('',#741);
#741 = CARTESIAN_POINT('',(-0.753617447312,33.000123546065,-0.5));
#742 = B_SPLINE_CURVE_WITH_KNOTS('',4,(#743,#744,#745,#746,#747),
  .UNSPECIFIED.,.F.,.F.,(5,5),(0.,1.),.PIECEWISE_BEZIER_KNOTS.);
#743 = CARTESIAN_POINT('',(-0.753617447312,33.096151360981,
    -5.99999999984));
#744 = CARTESIAN_POINT('',(-0.753617447312,33.069961976657,
    -4.499999999682));
#745 = CARTESIAN_POINT('',(-0.753617447312,33.043772578017,
    -2.999999999778));
#746 = CARTESIAN_POINT('',(-0.753617447312,33.017583164989,
    -1.499999999861));
#747 = CARTESIAN_POINT('',(-0.753617447312,32.991393737507,-8.000001E-11
    ));
#748 = ORIENTED_EDGE('',*,*,#749,.T.);
#749 = EDGE_CURVE('',#740,#750,#752,.T.);
#750 = VERTEX_POINT('',#751);
#751 = CARTESIAN_POINT('',(0.746382552688,33.000287974463,-0.5));
#752 = CIRCLE('',#753,33.008727532464);
#753 = AXIS2_PLACEMENT_3D('',#754,#755,#756);
#754 = CARTESIAN_POINT('',(0.,0.,-0.5));
#755 = DIRECTION('',(0.,0.,-1.));
#756 = DIRECTION('',(1.,0.,0.));
#757 = ORIENTED_EDGE('',*,*,#758,.T.);
#758 = EDGE_CURVE('',#750,#759,#761,.T.);
#759 = VERTEX_POINT('',#760);
#760 = CARTESIAN_POINT('',(0.746382552689,33.096315312299,-6.));
#761 = B_SPLINE_CURVE_WITH_KNOTS('',4,(#762,#763,#764,#765,#766),
  .UNSPECIFIED.,.F.,.F.,(5,5),(0.,1.),.PIECEWISE_BEZIER_KNOTS.);
#762 = CARTESIAN_POINT('',(0.746382552688,32.991558209414,-8.000001E-11)
  );
#763 = CARTESIAN_POINT('',(0.746382552688,33.017747506334,
    -1.499999999865));
#764 = CARTESIAN_POINT('',(0.746382552688,33.043936789077,
    -2.999999999783));
#765 = CARTESIAN_POINT('',(0.746382552688,33.070126057708,
    -4.499999999685));
#766 = CARTESIAN_POINT('',(0.746382552688,33.096315312296,-5.99999999984
    ));
#767 = ORIENTED_EDGE('',*,*,#768,.F.);
#768 = EDGE_CURVE('',#769,#759,#771,.T.);
#769 = VERTEX_POINT('',#770);
#770 = CARTESIAN_POINT('',(11.969097065981,30.865253758736,-6.));
#771 = CIRCLE('',#772,33.104730389569);
#772 = AXIS2_PLACEMENT_3D('',#773,#774,#775);
#773 = CARTESIAN_POINT('',(0.,0.,-6.));
#774 = DIRECTION('',(0.,0.,1.));
#775 = DIRECTION('',(1.,0.,0.));
#776 = ORIENTED_EDGE('',*,*,#777,.T.);
#777 = EDGE_CURVE('',#769,#778,#780,.T.);
#778 = VERTEX_POINT('',#779);
#779 = CARTESIAN_POINT('',(11.932348812165,30.776535625981,-0.5));
#780 = B_SPLINE_CURVE_WITH_KNOTS('',4,(#781,#782,#783,#784,#785),
  .UNSPECIFIED.,.F.,.F.,(5,5),(0.,1.),.PIECEWISE_BEZIER_KNOTS.);
#781 = CARTESIAN_POINT('',(11.96909706598,30.865253758734,-5.99999999984
    ));
#782 = CARTESIAN_POINT('',(11.959074822495,30.841057922587,
    -4.499999999682));
#783 = CARTESIAN_POINT('',(11.949052573532,30.816862073215,
    -2.999999999778));
#784 = CARTESIAN_POINT('',(11.939030319063,30.79266621055,
    -1.499999999861));
#785 = CARTESIAN_POINT('',(11.929008059062,30.768470334531,-8.000001E-11
    ));
#786 = ORIENTED_EDGE('',*,*,#787,.T.);
#787 = EDGE_CURVE('',#778,#788,#790,.T.);
#788 = VERTEX_POINT('',#789);
#789 = CARTESIAN_POINT('',(13.318231034956,30.202662389465,-0.5));
#790 = CIRCLE('',#791,33.008727532464);
#791 = AXIS2_PLACEMENT_3D('',#792,#793,#794);
#792 = CARTESIAN_POINT('',(0.,0.,-0.5));
#793 = DIRECTION('',(0.,0.,-1.));
#794 = DIRECTION('',(1.,0.,0.));
#795 = ORIENTED_EDGE('',*,*,#796,.T.);
#796 = EDGE_CURVE('',#788,#797,#799,.T.);
#797 = VERTEX_POINT('',#798);
#798 = CARTESIAN_POINT('',(13.3549791062,30.291380081453,-6.));
#799 = B_SPLINE_CURVE_WITH_KNOTS('',4,(#800,#801,#802,#803,#804),
  .UNSPECIFIED.,.F.,.F.,(5,5),(0.,1.),.PIECEWISE_BEZIER_KNOTS.);
#800 = CARTESIAN_POINT('',(13.314890298503,30.194597138212,-8.000001E-11
    ));
#801 = CARTESIAN_POINT('',(13.32491250854,30.218792893608,
    -1.499999999865));
#802 = CARTESIAN_POINT('',(13.334934713151,30.242988635905,
    -2.999999999783));
#803 = CARTESIAN_POINT('',(13.344956912362,30.267184365164,
    -4.499999999685));
#804 = CARTESIAN_POINT('',(13.354979106199,30.29138008145,-5.99999999984
    ));
#805 = ORIENTED_EDGE('',*,*,#806,.F.);
#806 = EDGE_CURVE('',#807,#797,#809,.T.);
#807 = VERTEX_POINT('',#808);
#808 = CARTESIAN_POINT('',(22.869625051113,23.935401065944,-6.));
#809 = CIRCLE('',#810,33.104730389569);
#810 = AXIS2_PLACEMENT_3D('',#811,#812,#813);
#811 = CARTESIAN_POINT('',(0.,0.,-6.));
#812 = DIRECTION('',(0.,0.,1.));
#813 = DIRECTION('',(1.,0.,0.));
#814 = ORIENTED_EDGE('',*,*,#815,.T.);
#815 = EDGE_CURVE('',#807,#816,#818,.T.);
#816 = VERTEX_POINT('',#817);
#817 = CARTESIAN_POINT('',(22.801723132002,23.867499146831,-0.5));
#818 = B_SPLINE_CURVE_WITH_KNOTS('',4,(#819,#820,#821,#822,#823),
  .UNSPECIFIED.,.F.,.F.,(5,5),(0.,1.),.PIECEWISE_BEZIER_KNOTS.);
#819 = CARTESIAN_POINT('',(22.869625051112,23.935401065941,
    -5.99999999984));
#820 = CARTESIAN_POINT('',(22.85110635986,23.91688237469,-4.499999999682
    ));
#821 = CARTESIAN_POINT('',(22.832587658487,23.898363673317,
    -2.999999999778));
#822 = CARTESIAN_POINT('',(22.81406894694,23.879844961769,
    -1.499999999861));
#823 = CARTESIAN_POINT('',(22.795550225172,23.861326240001,-8.000001E-11
    ));
#824 = ORIENTED_EDGE('',*,*,#825,.T.);
#825 = EDGE_CURVE('',#816,#826,#828,.T.);
#826 = VERTEX_POINT('',#827);
#827 = CARTESIAN_POINT('',(23.862499572217,22.806955243487,-0.5));
#828 = CIRCLE('',#829,33.008727532464);
#829 = AXIS2_PLACEMENT_3D('',#830,#831,#832);
#830 = CARTESIAN_POINT('',(0.,0.,-0.5));
#831 = DIRECTION('',(0.,0.,-1.));
#832 = DIRECTION('',(1.,0.,0.));
#833 = ORIENTED_EDGE('',*,*,#834,.T.);
#834 = EDGE_CURVE('',#826,#835,#837,.T.);
#835 = VERTEX_POINT('',#836);
#836 = CARTESIAN_POINT('',(23.93040115398,22.87485682525,-6.));
#837 = B_SPLINE_CURVE_WITH_KNOTS('',4,(#838,#839,#840,#841,#842),
  .UNSPECIFIED.,.F.,.F.,(5,5),(0.,1.),.PIECEWISE_BEZIER_KNOTS.);
#838 = CARTESIAN_POINT('',(23.856326696152,22.800782367422,-8.000001E-11
    ));
#839 = CARTESIAN_POINT('',(23.874845325599,22.819300996869,
    -1.499999999865));
#840 = CARTESIAN_POINT('',(23.893363945021,22.837819616291,
    -2.999999999783));
#841 = CARTESIAN_POINT('',(23.911882554464,22.856338225734,
    -4.499999999685));
#842 = CARTESIAN_POINT('',(23.930401153978,22.874856825248,
    -5.99999999984));
#843 = ORIENTED_EDGE('',*,*,#844,.F.);
#844 = EDGE_CURVE('',#845,#835,#847,.T.);
#845 = VERTEX_POINT('',#846);
#846 = CARTESIAN_POINT('',(30.288459935881,13.361600535812,-6.));
#847 = CIRCLE('',#848,33.104730389569);
#848 = AXIS2_PLACEMENT_3D('',#849,#850,#851);
#849 = CARTESIAN_POINT('',(0.,0.,-6.));
#850 = DIRECTION('',(0.,0.,1.));
#851 = DIRECTION('',(1.,0.,0.));
#852 = ORIENTED_EDGE('',*,*,#853,.T.);
#853 = EDGE_CURVE('',#845,#854,#856,.T.);
#854 = VERTEX_POINT('',#855);
#855 = CARTESIAN_POINT('',(30.199741803126,13.324852281995,-0.5));
#856 = B_SPLINE_CURVE_WITH_KNOTS('',4,(#857,#858,#859,#860,#861),
  .UNSPECIFIED.,.F.,.F.,(5,5),(0.,1.),.PIECEWISE_BEZIER_KNOTS.);
#857 = CARTESIAN_POINT('',(30.288459935879,13.36160053581,-5.99999999984
    ));
#858 = CARTESIAN_POINT('',(30.264264099732,13.351578292325,
    -4.499999999682));
#859 = CARTESIAN_POINT('',(30.24006825036,13.341556043362,
    -2.999999999778));
#860 = CARTESIAN_POINT('',(30.215872387695,13.331533788893,
    -1.499999999861));
#861 = CARTESIAN_POINT('',(30.191676511676,13.321511528892,-8.000001E-11
    ));
#862 = ORIENTED_EDGE('',*,*,#863,.T.);
#863 = EDGE_CURVE('',#854,#864,#866,.T.);
#864 = VERTEX_POINT('',#865);
#865 = CARTESIAN_POINT('',(30.773918863705,11.939095907252,-0.5));
#866 = CIRCLE('',#867,33.008727532464);
#867 = AXIS2_PLACEMENT_3D('',#868,#869,#870);
#868 = CARTESIAN_POINT('',(0.,0.,-0.5));
#869 = DIRECTION('',(0.,0.,-1.));
#870 = DIRECTION('',(1.,0.,0.));
#871 = ORIENTED_EDGE('',*,*,#872,.T.);
#872 = EDGE_CURVE('',#864,#873,#875,.T.);
#873 = VERTEX_POINT('',#874);
#874 = CARTESIAN_POINT('',(30.862636555693,11.975843978496,-6.));
#875 = B_SPLINE_CURVE_WITH_KNOTS('',4,(#876,#877,#878,#879,#880),
  .UNSPECIFIED.,.F.,.F.,(5,5),(0.,1.),.PIECEWISE_BEZIER_KNOTS.);
#876 = CARTESIAN_POINT('',(30.765853612452,11.935755170799,-8.000001E-11
    ));
#877 = CARTESIAN_POINT('',(30.790049367848,11.945777380836,
    -1.499999999865));
#878 = CARTESIAN_POINT('',(30.814245110145,11.955799585447,
    -2.999999999783));
#879 = CARTESIAN_POINT('',(30.838440839404,11.965821784658,
    -4.499999999685));
#880 = CARTESIAN_POINT('',(30.86263655569,11.975843978495,-5.99999999984
    ));
#881 = ORIENTED_EDGE('',*,*,#882,.F.);
#882 = EDGE_CURVE('',#883,#873,#885,.T.);
#883 = VERTEX_POINT('',#884);
#884 = CARTESIAN_POINT('',(33.096151360984,0.753617447312,-6.));
#885 = CIRCLE('',#886,33.104730389569);
#886 = AXIS2_PLACEMENT_3D('',#887,#888,#889);
#887 = CARTESIAN_POINT('',(0.,0.,-6.));
#888 = DIRECTION('',(0.,0.,1.));
#889 = DIRECTION('',(1.,0.,0.));
#890 = ORIENTED_EDGE('',*,*,#891,.T.);
#891 = EDGE_CURVE('',#883,#892,#894,.T.);
#892 = VERTEX_POINT('',#893);
#893 = CARTESIAN_POINT('',(33.000123546065,0.753617447312,-0.5));
#894 = B_SPLINE_CURVE_WITH_KNOTS('',4,(#895,#896,#897,#898,#899),
  .UNSPECIFIED.,.F.,.F.,(5,5),(0.,1.),.PIECEWISE_BEZIER_KNOTS.);
#895 = CARTESIAN_POINT('',(33.096151360981,0.753617447312,-5.99999999984
    ));
#896 = CARTESIAN_POINT('',(33.069961976657,0.753617447312,
    -4.499999999682));
#897 = CARTESIAN_POINT('',(33.043772578017,0.753617447312,
    -2.999999999778));
#898 = CARTESIAN_POINT('',(33.017583164989,0.753617447312,
    -1.499999999861));
#899 = CARTESIAN_POINT('',(32.991393737507,0.753617447312,-8.000001E-11)
  );
#900 = ORIENTED_EDGE('',*,*,#901,.T.);
#901 = EDGE_CURVE('',#892,#287,#902,.T.);
#902 = CIRCLE('',#903,33.008727532464);
#903 = AXIS2_PLACEMENT_3D('',#904,#905,#906);
#904 = CARTESIAN_POINT('',(0.,0.,-0.5));
#905 = DIRECTION('',(0.,0.,-1.));
#906 = DIRECTION('',(1.,0.,0.));
#907 = ORIENTED_EDGE('',*,*,#286,.F.);
#908 = CONICAL_SURFACE('',#909,33.,1.745329251994E-02);
#909 = AXIS2_PLACEMENT_3D('',#910,#911,#912);
#910 = CARTESIAN_POINT('',(0.,0.,0.));
#911 = DIRECTION('',(-0.,-0.,-1.));
#912 = DIRECTION('',(1.,0.,0.));
#913 = ADVANCED_FACE('',(#914),#940,.F.);
#914 = FACE_BOUND('',#915,.F.);
#915 = EDGE_LOOP('',(#916,#917,#925,#934));
#916 = ORIENTED_EDGE('',*,*,#159,.F.);
#917 = ORIENTED_EDGE('',*,*,#918,.T.);
#918 = EDGE_CURVE('',#160,#919,#921,.T.);
#919 = VERTEX_POINT('',#920);
#920 = CARTESIAN_POINT('',(-18.5,2.,0.));
#921 = LINE('',#922,#923);
#922 = CARTESIAN_POINT('',(-18.5,2.,3.));
#923 = VECTOR('',#924,1.);
#924 = DIRECTION('',(-0.,-0.,-1.));
#925 = ORIENTED_EDGE('',*,*,#926,.T.);
#926 = EDGE_CURVE('',#919,#927,#929,.T.);
#927 = VERTEX_POINT('',#928);
#928 = CARTESIAN_POINT('',(-20.5,1.E-15,0.));
#929 = CIRCLE('',#930,2.);
#930 = AXIS2_PLACEMENT_3D('',#931,#932,#933);
#931 = CARTESIAN_POINT('',(-18.5,9.E-16,0.));
#932 = DIRECTION('',(0.,0.,1.));
#933 = DIRECTION('',(1.,0.,-0.));
#934 = ORIENTED_EDGE('',*,*,#935,.F.);
#935 = EDGE_CURVE('',#162,#927,#936,.T.);
#936 = LINE('',#937,#938);
#937 = CARTESIAN_POINT('',(-20.5,1.14E-15,3.));
#938 = VECTOR('',#939,1.);
#939 = DIRECTION('',(-0.,-0.,-1.));
#940 = CYLINDRICAL_SURFACE('',#941,2.);
#941 = AXIS2_PLACEMENT_3D('',#942,#943,#944);
#942 = CARTESIAN_POINT('',(-18.5,9.E-16,3.));
#943 = DIRECTION('',(0.,0.,1.));
#944 = DIRECTION('',(1.,0.,-0.));
#945 = ADVANCED_FACE('',(#946),#964,.F.);
#946 = FACE_BOUND('',#947,.F.);
#947 = EDGE_LOOP('',(#948,#949,#950,#958));
#948 = ORIENTED_EDGE('',*,*,#271,.F.);
#949 = ORIENTED_EDGE('',*,*,#935,.T.);
#950 = ORIENTED_EDGE('',*,*,#951,.F.);
#951 = EDGE_CURVE('',#952,#927,#954,.T.);
#952 = VERTEX_POINT('',#953);
#953 = CARTESIAN_POINT('',(-20.5,-4.,0.));
#954 = LINE('',#955,#956);
#955 = CARTESIAN_POINT('',(-20.5,9.7E-16,0.));
#956 = VECTOR('',#957,1.);
#957 = DIRECTION('',(0.,1.,0.));
#958 = ORIENTED_EDGE('',*,*,#959,.F.);
#959 = EDGE_CURVE('',#263,#952,#960,.T.);
#960 = LINE('',#961,#962);
#961 = CARTESIAN_POINT('',(-20.5,-4.,3.));
#962 = VECTOR('',#963,1.);
#963 = DIRECTION('',(-0.,-0.,-1.));
#964 = PLANE('',#965);
#965 = AXIS2_PLACEMENT_3D('',#966,#967,#968);
#966 = CARTESIAN_POINT('',(-20.5,1.14E-15,3.));
#967 = DIRECTION('',(-1.,0.,0.));
#968 = DIRECTION('',(0.,-1.,0.));
#969 = ADVANCED_FACE('',(#970),#989,.F.);
#970 = FACE_BOUND('',#971,.F.);
#971 = EDGE_LOOP('',(#972,#973,#974,#983));
#972 = ORIENTED_EDGE('',*,*,#262,.F.);
#973 = ORIENTED_EDGE('',*,*,#959,.T.);
#974 = ORIENTED_EDGE('',*,*,#975,.T.);
#975 = EDGE_CURVE('',#952,#976,#978,.T.);
#976 = VERTEX_POINT('',#977);
#977 = CARTESIAN_POINT('',(-18.5,-6.,0.));
#978 = CIRCLE('',#979,2.);
#979 = AXIS2_PLACEMENT_3D('',#980,#981,#982);
#980 = CARTESIAN_POINT('',(-18.5,-4.,0.));
#981 = DIRECTION('',(0.,0.,1.));
#982 = DIRECTION('',(1.,0.,-0.));
#983 = ORIENTED_EDGE('',*,*,#984,.F.);
#984 = EDGE_CURVE('',#255,#976,#985,.T.);
#985 = LINE('',#986,#987);
#986 = CARTESIAN_POINT('',(-18.5,-6.,3.));
#987 = VECTOR('',#988,1.);
#988 = DIRECTION('',(-0.,-0.,-1.));
#989 = CYLINDRICAL_SURFACE('',#990,2.);
#990 = AXIS2_PLACEMENT_3D('',#991,#992,#993);
#991 = CARTESIAN_POINT('',(-18.5,-4.,3.));
#992 = DIRECTION('',(0.,0.,1.));
#993 = DIRECTION('',(1.,0.,-0.));
#994 = ADVANCED_FACE('',(#995),#1013,.F.);
#995 = FACE_BOUND('',#996,.F.);
#996 = EDGE_LOOP('',(#997,#998,#999,#1007));
#997 = ORIENTED_EDGE('',*,*,#254,.F.);
#998 = ORIENTED_EDGE('',*,*,#984,.T.);
#999 = ORIENTED_EDGE('',*,*,#1000,.F.);
#1000 = EDGE_CURVE('',#1001,#976,#1003,.T.);
#1001 = VERTEX_POINT('',#1002);
#1002 = CARTESIAN_POINT('',(-8.5,-6.,0.));
#1003 = LINE('',#1004,#1005);
#1004 = CARTESIAN_POINT('',(-9.25,-6.,0.));
#1005 = VECTOR('',#1006,1.);
#1006 = DIRECTION('',(-1.,0.,0.));
#1007 = ORIENTED_EDGE('',*,*,#1008,.F.);
#1008 = EDGE_CURVE('',#246,#1001,#1009,.T.);
#1009 = LINE('',#1010,#1011);
#1010 = CARTESIAN_POINT('',(-8.5,-6.,3.));
#1011 = VECTOR('',#1012,1.);
#1012 = DIRECTION('',(-0.,-0.,-1.));
#1013 = PLANE('',#1014);
#1014 = AXIS2_PLACEMENT_3D('',#1015,#1016,#1017);
#1015 = CARTESIAN_POINT('',(-18.5,-6.,3.));
#1016 = DIRECTION('',(0.,-1.,0.));
#1017 = DIRECTION('',(1.,0.,0.));
#1018 = ADVANCED_FACE('',(#1019),#1038,.F.);
#1019 = FACE_BOUND('',#1020,.F.);
#1020 = EDGE_LOOP('',(#1021,#1022,#1023,#1032));
#1021 = ORIENTED_EDGE('',*,*,#245,.F.);
#1022 = ORIENTED_EDGE('',*,*,#1008,.T.);
#1023 = ORIENTED_EDGE('',*,*,#1024,.T.);
#1024 = EDGE_CURVE('',#1001,#1025,#1027,.T.);
#1025 = VERTEX_POINT('',#1026);
#1026 = CARTESIAN_POINT('',(-6.5,-4.,0.));
#1027 = CIRCLE('',#1028,2.);
#1028 = AXIS2_PLACEMENT_3D('',#1029,#1030,#1031);
#1029 = CARTESIAN_POINT('',(-8.5,-4.,0.));
#1030 = DIRECTION('',(0.,0.,1.));
#1031 = DIRECTION('',(1.,0.,-0.));
#1032 = ORIENTED_EDGE('',*,*,#1033,.F.);
#1033 = EDGE_CURVE('',#238,#1025,#1034,.T.);
#1034 = LINE('',#1035,#1036);
#1035 = CARTESIAN_POINT('',(-6.5,-4.,3.));
#1036 = VECTOR('',#1037,1.);
#1037 = DIRECTION('',(-0.,-0.,-1.));
#1038 = CYLINDRICAL_SURFACE('',#1039,2.);
#1039 = AXIS2_PLACEMENT_3D('',#1040,#1041,#1042);
#1040 = CARTESIAN_POINT('',(-8.5,-4.,3.));
#1041 = DIRECTION('',(0.,0.,1.));
#1042 = DIRECTION('',(1.,0.,-0.));
#1043 = ADVANCED_FACE('',(#1044),#1062,.F.);
#1044 = FACE_BOUND('',#1045,.F.);
#1045 = EDGE_LOOP('',(#1046,#1047,#1048,#1056));
#1046 = ORIENTED_EDGE('',*,*,#237,.F.);
#1047 = ORIENTED_EDGE('',*,*,#1033,.T.);
#1048 = ORIENTED_EDGE('',*,*,#1049,.F.);
#1049 = EDGE_CURVE('',#1050,#1025,#1052,.T.);
#1050 = VERTEX_POINT('',#1051);
#1051 = CARTESIAN_POINT('',(-6.5,6.04230186E-07,0.));
#1052 = LINE('',#1053,#1054);
#1053 = CARTESIAN_POINT('',(-6.5,-2.,0.));
#1054 = VECTOR('',#1055,1.);
#1055 = DIRECTION('',(0.,-1.,0.));
#1056 = ORIENTED_EDGE('',*,*,#1057,.F.);
#1057 = EDGE_CURVE('',#229,#1050,#1058,.T.);
#1058 = LINE('',#1059,#1060);
#1059 = CARTESIAN_POINT('',(-6.5,6.0423018584E-07,3.));
#1060 = VECTOR('',#1061,1.);
#1061 = DIRECTION('',(-0.,-0.,-1.));
#1062 = PLANE('',#1063);
#1063 = AXIS2_PLACEMENT_3D('',#1064,#1065,#1066);
#1064 = CARTESIAN_POINT('',(-6.5,-4.,3.));
#1065 = DIRECTION('',(1.,0.,0.));
#1066 = DIRECTION('',(-0.,1.,0.));
#1067 = ADVANCED_FACE('',(#1068),#1087,.F.);
#1068 = FACE_BOUND('',#1069,.F.);
#1069 = EDGE_LOOP('',(#1070,#1071,#1072,#1081));
#1070 = ORIENTED_EDGE('',*,*,#228,.F.);
#1071 = ORIENTED_EDGE('',*,*,#1057,.T.);
#1072 = ORIENTED_EDGE('',*,*,#1073,.T.);
#1073 = EDGE_CURVE('',#1050,#1074,#1076,.T.);
#1074 = VERTEX_POINT('',#1075);
#1075 = CARTESIAN_POINT('',(-8.5,2.00000060423,0.));
#1076 = CIRCLE('',#1077,2.);
#1077 = AXIS2_PLACEMENT_3D('',#1078,#1079,#1080);
#1078 = CARTESIAN_POINT('',(-8.5,6.042301858E-07,0.));
#1079 = DIRECTION('',(0.,0.,1.));
#1080 = DIRECTION('',(1.,0.,-0.));
#1081 = ORIENTED_EDGE('',*,*,#1082,.F.);
#1082 = EDGE_CURVE('',#221,#1074,#1083,.T.);
#1083 = LINE('',#1084,#1085);
#1084 = CARTESIAN_POINT('',(-8.5,2.00000060423,3.));
#1085 = VECTOR('',#1086,1.);
#1086 = DIRECTION('',(-0.,-0.,-1.));
#1087 = CYLINDRICAL_SURFACE('',#1088,2.);
#1088 = AXIS2_PLACEMENT_3D('',#1089,#1090,#1091);
#1089 = CARTESIAN_POINT('',(-8.5,6.042301858E-07,3.));
#1090 = DIRECTION('',(0.,0.,1.));
#1091 = DIRECTION('',(1.,0.,-0.));
#1092 = ADVANCED_FACE('',(#1093),#1111,.T.);
#1093 = FACE_BOUND('',#1094,.T.);
#1094 = EDGE_LOOP('',(#1095,#1096,#1104,#1110));
#1095 = ORIENTED_EDGE('',*,*,#220,.F.);
#1096 = ORIENTED_EDGE('',*,*,#1097,.T.);
#1097 = EDGE_CURVE('',#213,#1098,#1100,.T.);
#1098 = VERTEX_POINT('',#1099);
#1099 = CARTESIAN_POINT('',(-11.,2.00000060423,0.));
#1100 = LINE('',#1101,#1102);
#1101 = CARTESIAN_POINT('',(-11.,2.00000060423,3.));
#1102 = VECTOR('',#1103,1.);
#1103 = DIRECTION('',(-0.,-0.,-1.));
#1104 = ORIENTED_EDGE('',*,*,#1105,.F.);
#1105 = EDGE_CURVE('',#1074,#1098,#1106,.T.);
#1106 = LINE('',#1107,#1108);
#1107 = CARTESIAN_POINT('',(-5.5,2.00000060423,0.));
#1108 = VECTOR('',#1109,1.);
#1109 = DIRECTION('',(-1.,0.,0.));
#1110 = ORIENTED_EDGE('',*,*,#1082,.F.);
#1111 = PLANE('',#1112);
#1112 = AXIS2_PLACEMENT_3D('',#1113,#1114,#1115);
#1113 = CARTESIAN_POINT('',(-11.,2.00000060423,3.));
#1114 = DIRECTION('',(0.,-1.,0.));
#1115 = DIRECTION('',(1.,0.,0.));
#1116 = ADVANCED_FACE('',(#1117),#1135,.T.);
#1117 = FACE_BOUND('',#1118,.T.);
#1118 = EDGE_LOOP('',(#1119,#1120,#1128,#1134));
#1119 = ORIENTED_EDGE('',*,*,#212,.F.);
#1120 = ORIENTED_EDGE('',*,*,#1121,.T.);
#1121 = EDGE_CURVE('',#204,#1122,#1124,.T.);
#1122 = VERTEX_POINT('',#1123);
#1123 = CARTESIAN_POINT('',(-11.,10.00000060423,0.));
#1124 = LINE('',#1125,#1126);
#1125 = CARTESIAN_POINT('',(-11.,10.00000060423,3.));
#1126 = VECTOR('',#1127,1.);
#1127 = DIRECTION('',(-0.,-0.,-1.));
#1128 = ORIENTED_EDGE('',*,*,#1129,.F.);
#1129 = EDGE_CURVE('',#1098,#1122,#1130,.T.);
#1130 = LINE('',#1131,#1132);
#1131 = CARTESIAN_POINT('',(-11.,5.000000302115,0.));
#1132 = VECTOR('',#1133,1.);
#1133 = DIRECTION('',(0.,1.,0.));
#1134 = ORIENTED_EDGE('',*,*,#1097,.F.);
#1135 = PLANE('',#1136);
#1136 = AXIS2_PLACEMENT_3D('',#1137,#1138,#1139);
#1137 = CARTESIAN_POINT('',(-11.,10.00000060423,3.));
#1138 = DIRECTION('',(-1.,0.,0.));
#1139 = DIRECTION('',(0.,-1.,0.));
#1140 = ADVANCED_FACE('',(#1141),#1160,.F.);
#1141 = FACE_BOUND('',#1142,.F.);
#1142 = EDGE_LOOP('',(#1143,#1144,#1145,#1154));
#1143 = ORIENTED_EDGE('',*,*,#203,.F.);
#1144 = ORIENTED_EDGE('',*,*,#1121,.T.);
#1145 = ORIENTED_EDGE('',*,*,#1146,.T.);
#1146 = EDGE_CURVE('',#1122,#1147,#1149,.T.);
#1147 = VERTEX_POINT('',#1148);
#1148 = CARTESIAN_POINT('',(-13.,12.000000273223,0.));
#1149 = CIRCLE('',#1150,2.);
#1150 = AXIS2_PLACEMENT_3D('',#1151,#1152,#1153);
#1151 = CARTESIAN_POINT('',(-13.,10.000000273223,0.));
#1152 = DIRECTION('',(0.,0.,1.));
#1153 = DIRECTION('',(1.,0.,-0.));
#1154 = ORIENTED_EDGE('',*,*,#1155,.F.);
#1155 = EDGE_CURVE('',#196,#1147,#1156,.T.);
#1156 = LINE('',#1157,#1158);
#1157 = CARTESIAN_POINT('',(-13.,12.000000273223,3.));
#1158 = VECTOR('',#1159,1.);
#1159 = DIRECTION('',(-0.,-0.,-1.));
#1160 = CYLINDRICAL_SURFACE('',#1161,2.);
#1161 = AXIS2_PLACEMENT_3D('',#1162,#1163,#1164);
#1162 = CARTESIAN_POINT('',(-13.,10.000000273223,3.));
#1163 = DIRECTION('',(0.,0.,1.));
#1164 = DIRECTION('',(1.,0.,-0.));
#1165 = ADVANCED_FACE('',(#1166),#1184,.F.);
#1166 = FACE_BOUND('',#1167,.F.);
#1167 = EDGE_LOOP('',(#1168,#1169,#1170,#1178));
#1168 = ORIENTED_EDGE('',*,*,#195,.F.);
#1169 = ORIENTED_EDGE('',*,*,#1155,.T.);
#1170 = ORIENTED_EDGE('',*,*,#1171,.F.);
#1171 = EDGE_CURVE('',#1172,#1147,#1174,.T.);
#1172 = VERTEX_POINT('',#1173);
#1173 = CARTESIAN_POINT('',(-14.,12.000000273223,0.));
#1174 = LINE('',#1175,#1176);
#1175 = CARTESIAN_POINT('',(-6.5,12.000000273223,0.));
#1176 = VECTOR('',#1177,1.);
#1177 = DIRECTION('',(1.,0.,0.));
#1178 = ORIENTED_EDGE('',*,*,#1179,.F.);
#1179 = EDGE_CURVE('',#187,#1172,#1180,.T.);
#1180 = LINE('',#1181,#1182);
#1181 = CARTESIAN_POINT('',(-14.,12.000000273223,3.));
#1182 = VECTOR('',#1183,1.);
#1183 = DIRECTION('',(-0.,-0.,-1.));
#1184 = PLANE('',#1185);
#1185 = AXIS2_PLACEMENT_3D('',#1186,#1187,#1188);
#1186 = CARTESIAN_POINT('',(-13.,12.000000273223,3.));
#1187 = DIRECTION('',(0.,1.,0.));
#1188 = DIRECTION('',(-1.,0.,0.));
#1189 = ADVANCED_FACE('',(#1190),#1209,.F.);
#1190 = FACE_BOUND('',#1191,.F.);
#1191 = EDGE_LOOP('',(#1192,#1193,#1194,#1203));
#1192 = ORIENTED_EDGE('',*,*,#186,.F.);
#1193 = ORIENTED_EDGE('',*,*,#1179,.T.);
#1194 = ORIENTED_EDGE('',*,*,#1195,.T.);
#1195 = EDGE_CURVE('',#1172,#1196,#1198,.T.);
#1196 = VERTEX_POINT('',#1197);
#1197 = CARTESIAN_POINT('',(-16.,10.,0.));
#1198 = CIRCLE('',#1199,2.);
#1199 = AXIS2_PLACEMENT_3D('',#1200,#1201,#1202);
#1200 = CARTESIAN_POINT('',(-14.,10.000000273223,0.));
#1201 = DIRECTION('',(0.,0.,1.));
#1202 = DIRECTION('',(1.,0.,-0.));
#1203 = ORIENTED_EDGE('',*,*,#1204,.F.);
#1204 = EDGE_CURVE('',#179,#1196,#1205,.T.);
#1205 = LINE('',#1206,#1207);
#1206 = CARTESIAN_POINT('',(-16.,10.,3.));
#1207 = VECTOR('',#1208,1.);
#1208 = DIRECTION('',(-0.,-0.,-1.));
#1209 = CYLINDRICAL_SURFACE('',#1210,2.);
#1210 = AXIS2_PLACEMENT_3D('',#1211,#1212,#1213);
#1211 = CARTESIAN_POINT('',(-14.,10.000000273223,3.));
#1212 = DIRECTION('',(0.,0.,1.));
#1213 = DIRECTION('',(1.,0.,-0.));
#1214 = ADVANCED_FACE('',(#1215),#1233,.F.);
#1215 = FACE_BOUND('',#1216,.F.);
#1216 = EDGE_LOOP('',(#1217,#1218,#1219,#1227));
#1217 = ORIENTED_EDGE('',*,*,#178,.F.);
#1218 = ORIENTED_EDGE('',*,*,#1204,.T.);
#1219 = ORIENTED_EDGE('',*,*,#1220,.F.);
#1220 = EDGE_CURVE('',#1221,#1196,#1223,.T.);
#1221 = VERTEX_POINT('',#1222);
#1222 = CARTESIAN_POINT('',(-16.,2.,0.));
#1223 = LINE('',#1224,#1225);
#1224 = CARTESIAN_POINT('',(-16.,5.,0.));
#1225 = VECTOR('',#1226,1.);
#1226 = DIRECTION('',(0.,1.,0.));
#1227 = ORIENTED_EDGE('',*,*,#1228,.F.);
#1228 = EDGE_CURVE('',#171,#1221,#1229,.T.);
#1229 = LINE('',#1230,#1231);
#1230 = CARTESIAN_POINT('',(-16.,2.,3.));
#1231 = VECTOR('',#1232,1.);
#1232 = DIRECTION('',(-0.,-0.,-1.));
#1233 = PLANE('',#1234);
#1234 = AXIS2_PLACEMENT_3D('',#1235,#1236,#1237);
#1235 = CARTESIAN_POINT('',(-16.,10.,3.));
#1236 = DIRECTION('',(-1.,0.,0.));
#1237 = DIRECTION('',(0.,-1.,0.));
#1238 = ADVANCED_FACE('',(#1239),#1250,.T.);
#1239 = FACE_BOUND('',#1240,.T.);
#1240 = EDGE_LOOP('',(#1241,#1242,#1243,#1249));
#1241 = ORIENTED_EDGE('',*,*,#170,.F.);
#1242 = ORIENTED_EDGE('',*,*,#918,.T.);
#1243 = ORIENTED_EDGE('',*,*,#1244,.F.);
#1244 = EDGE_CURVE('',#1221,#919,#1245,.T.);
#1245 = LINE('',#1246,#1247);
#1246 = CARTESIAN_POINT('',(-9.25,2.,0.));
#1247 = VECTOR('',#1248,1.);
#1248 = DIRECTION('',(-1.,0.,0.));
#1249 = ORIENTED_EDGE('',*,*,#1228,.F.);
#1250 = PLANE('',#1251);
#1251 = AXIS2_PLACEMENT_3D('',#1252,#1253,#1254);
#1252 = CARTESIAN_POINT('',(-18.5,2.,3.));
#1253 = DIRECTION('',(0.,-1.,0.));
#1254 = DIRECTION('',(1.,0.,0.));
#1255 = ADVANCED_FACE('',(#1256),#1292,.F.);
#1256 = FACE_BOUND('',#1257,.F.);
#1257 = EDGE_LOOP('',(#1258,#1266,#1267,#1268,#1276,#1285));
#1258 = ORIENTED_EDGE('',*,*,#1259,.F.);
#1259 = EDGE_CURVE('',#294,#1260,#1262,.T.);
#1260 = VERTEX_POINT('',#1261);
#1261 = CARTESIAN_POINT('',(32.000024239562,-0.746382552688,-0.5));
#1262 = LINE('',#1263,#1264);
#1263 = CARTESIAN_POINT('',(33.372569510656,-0.746382552688,-0.5));
#1264 = VECTOR('',#1265,1.);
#1265 = DIRECTION('',(-1.,0.,0.));
#1266 = ORIENTED_EDGE('',*,*,#293,.F.);
#1267 = ORIENTED_EDGE('',*,*,#901,.F.);
#1268 = ORIENTED_EDGE('',*,*,#1269,.F.);
#1269 = EDGE_CURVE('',#1270,#892,#1272,.T.);
#1270 = VERTEX_POINT('',#1271);
#1271 = CARTESIAN_POINT('',(31.999854671399,0.753617447312,-0.5));
#1272 = LINE('',#1273,#1274);
#1273 = CARTESIAN_POINT('',(31.872569510656,0.753617447312,-0.5));
#1274 = VECTOR('',#1275,1.);
#1275 = DIRECTION('',(1.,0.,0.));
#1276 = ORIENTED_EDGE('',*,*,#1277,.T.);
#1277 = EDGE_CURVE('',#1270,#1278,#1280,.T.);
#1278 = VERTEX_POINT('',#1279);
#1279 = CARTESIAN_POINT('',(32.008727532464,0.,-0.5));
#1280 = CIRCLE('',#1281,32.008727532464);
#1281 = AXIS2_PLACEMENT_3D('',#1282,#1283,#1284);
#1282 = CARTESIAN_POINT('',(0.,0.,-0.5));
#1283 = DIRECTION('',(0.,0.,-1.));
#1284 = DIRECTION('',(1.,0.,0.));
#1285 = ORIENTED_EDGE('',*,*,#1286,.T.);
#1286 = EDGE_CURVE('',#1278,#1260,#1287,.T.);
#1287 = CIRCLE('',#1288,32.008727532464);
#1288 = AXIS2_PLACEMENT_3D('',#1289,#1290,#1291);
#1289 = CARTESIAN_POINT('',(0.,0.,-0.5));
#1290 = DIRECTION('',(0.,0.,-1.));
#1291 = DIRECTION('',(1.,0.,0.));
#1292 = PLANE('',#1293);
#1293 = AXIS2_PLACEMENT_3D('',#1294,#1295,#1296);
#1294 = CARTESIAN_POINT('',(32.622569510656,3.617447312049E-03,-0.5));
#1295 = DIRECTION('',(0.,0.,1.));
#1296 = DIRECTION('',(0.,1.,0.));
#1297 = ADVANCED_FACE('',(#1298),#1318,.F.);
#1298 = FACE_BOUND('',#1299,.F.);
#1299 = EDGE_LOOP('',(#1300,#1308,#1316,#1317));
#1300 = ORIENTED_EDGE('',*,*,#1301,.F.);
#1301 = EDGE_CURVE('',#1302,#883,#1304,.T.);
#1302 = VERTEX_POINT('',#1303);
#1303 = CARTESIAN_POINT('',(32.095884068367,0.753617447312,-6.));
#1304 = LINE('',#1305,#1306);
#1305 = CARTESIAN_POINT('',(31.872569510656,0.753617447312,-6.));
#1306 = VECTOR('',#1307,1.);
#1307 = DIRECTION('',(1.,0.,0.));
#1308 = ORIENTED_EDGE('',*,*,#1309,.T.);
#1309 = EDGE_CURVE('',#1302,#1270,#1310,.T.);
#1310 = B_SPLINE_CURVE_WITH_KNOTS('',4,(#1311,#1312,#1313,#1314,#1315),
  .UNSPECIFIED.,.F.,.F.,(5,5),(0.,1.),.PIECEWISE_BEZIER_KNOTS.);
#1311 = CARTESIAN_POINT('',(32.095884068364,0.753617447312,
    -5.99999999984));
#1312 = CARTESIAN_POINT('',(32.069694254477,0.753617447312,
    -4.499999999663));
#1313 = CARTESIAN_POINT('',(32.043504424895,0.753617447312,
    -2.999999999754));
#1314 = CARTESIAN_POINT('',(32.017314579534,0.753617447312,
    -1.499999999843));
#1315 = CARTESIAN_POINT('',(31.991124718321,0.753617447312,-8.000001E-11
    ));
#1316 = ORIENTED_EDGE('',*,*,#1269,.T.);
#1317 = ORIENTED_EDGE('',*,*,#891,.F.);
#1318 = PLANE('',#1319);
#1319 = AXIS2_PLACEMENT_3D('',#1320,#1321,#1322);
#1320 = CARTESIAN_POINT('',(31.872569510656,0.753617447312,-6.));
#1321 = DIRECTION('',(0.,1.,0.));
#1322 = DIRECTION('',(1.,0.,0.));
#1323 = ADVANCED_FACE('',(#1324),#1343,.F.);
#1324 = FACE_BOUND('',#1325,.F.);
#1325 = EDGE_LOOP('',(#1326,#1327,#1328,#1336));
#1326 = ORIENTED_EDGE('',*,*,#1301,.T.);
#1327 = ORIENTED_EDGE('',*,*,#882,.T.);
#1328 = ORIENTED_EDGE('',*,*,#1329,.T.);
#1329 = EDGE_CURVE('',#873,#1330,#1332,.T.);
#1330 = VERTEX_POINT('',#1331);
#1331 = CARTESIAN_POINT('',(29.938514797576,11.593060213,-6.));
#1332 = LINE('',#1333,#1334);
#1333 = CARTESIAN_POINT('',(31.117862155325,12.081561883328,-6.));
#1334 = VECTOR('',#1335,1.);
#1335 = DIRECTION('',(-0.923879532511,-0.382683432365,0.));
#1336 = ORIENTED_EDGE('',*,*,#1337,.F.);
#1337 = EDGE_CURVE('',#1302,#1330,#1338,.T.);
#1338 = CIRCLE('',#1339,32.104730389569);
#1339 = AXIS2_PLACEMENT_3D('',#1340,#1341,#1342);
#1340 = CARTESIAN_POINT('',(0.,0.,-6.));
#1341 = DIRECTION('',(0.,0.,1.));
#1342 = DIRECTION('',(1.,0.,0.));
#1343 = PLANE('',#1344);
#1344 = AXIS2_PLACEMENT_3D('',#1345,#1346,#1347);
#1345 = CARTESIAN_POINT('',(0.,0.,-6.));
#1346 = DIRECTION('',(0.,0.,1.));
#1347 = DIRECTION('',(1.,0.,0.));
#1348 = ADVANCED_FACE('',(#1349),#1369,.F.);
#1349 = FACE_BOUND('',#1350,.F.);
#1350 = EDGE_LOOP('',(#1351,#1352,#1353,#1361));
#1351 = ORIENTED_EDGE('',*,*,#1329,.F.);
#1352 = ORIENTED_EDGE('',*,*,#872,.F.);
#1353 = ORIENTED_EDGE('',*,*,#1354,.T.);
#1354 = EDGE_CURVE('',#864,#1355,#1357,.T.);
#1355 = VERTEX_POINT('',#1356);
#1356 = CARTESIAN_POINT('',(29.849795671917,11.55631154791,-0.5));
#1357 = LINE('',#1358,#1359);
#1358 = CARTESIAN_POINT('',(31.117862155325,12.081561883328,-0.5));
#1359 = VECTOR('',#1360,1.);
#1360 = DIRECTION('',(-0.923879532511,-0.382683432365,0.));
#1361 = ORIENTED_EDGE('',*,*,#1362,.T.);
#1362 = EDGE_CURVE('',#1355,#1330,#1363,.T.);
#1363 = B_SPLINE_CURVE_WITH_KNOTS('',4,(#1364,#1365,#1366,#1367,#1368),
  .UNSPECIFIED.,.F.,.F.,(5,5),(0.,1.),.PIECEWISE_BEZIER_KNOTS.);
#1364 = CARTESIAN_POINT('',(29.841730289699,11.55297075721,-8.000001E-11
    ));
#1365 = CARTESIAN_POINT('',(29.865926438147,11.562993130054,
    -1.499999999847));
#1366 = CARTESIAN_POINT('',(29.890122572229,11.573015496948,
    -2.999999999759));
#1367 = CARTESIAN_POINT('',(29.914318692013,11.583037857919,
    -4.499999999667));
#1368 = CARTESIAN_POINT('',(29.938514797574,11.593060212999,
    -5.99999999984));
#1369 = PLANE('',#1370);
#1370 = AXIS2_PLACEMENT_3D('',#1371,#1372,#1373);
#1371 = CARTESIAN_POINT('',(31.117862155325,12.081561883328,-6.));
#1372 = DIRECTION('',(0.382683432365,-0.923879532511,0.));
#1373 = DIRECTION('',(-0.923879532511,-0.382683432365,0.));
#1374 = ADVANCED_FACE('',(#1375),#1394,.F.);
#1375 = FACE_BOUND('',#1376,.F.);
#1376 = EDGE_LOOP('',(#1377,#1378,#1379,#1387));
#1377 = ORIENTED_EDGE('',*,*,#1354,.F.);
#1378 = ORIENTED_EDGE('',*,*,#863,.F.);
#1379 = ORIENTED_EDGE('',*,*,#1380,.F.);
#1380 = EDGE_CURVE('',#1381,#854,#1383,.T.);
#1381 = VERTEX_POINT('',#1382);
#1382 = CARTESIAN_POINT('',(29.275613862813,12.94206595575,-0.5));
#1383 = LINE('',#1384,#1385);
#1384 = CARTESIAN_POINT('',(29.15801770801,12.893356033548,-0.5));
#1385 = VECTOR('',#1386,1.);
#1386 = DIRECTION('',(0.923879532511,0.382683432365,0.));
#1387 = ORIENTED_EDGE('',*,*,#1388,.T.);
#1388 = EDGE_CURVE('',#1381,#1355,#1389,.T.);
#1389 = CIRCLE('',#1390,32.008727532464);
#1390 = AXIS2_PLACEMENT_3D('',#1391,#1392,#1393);
#1391 = CARTESIAN_POINT('',(0.,0.,-0.5));
#1392 = DIRECTION('',(0.,0.,-1.));
#1393 = DIRECTION('',(1.,0.,0.));
#1394 = PLANE('',#1395);
#1395 = AXIS2_PLACEMENT_3D('',#1396,#1397,#1398);
#1396 = CARTESIAN_POINT('',(30.137939931668,12.487458958438,-0.5));
#1397 = DIRECTION('',(0.,0.,1.));
#1398 = DIRECTION('',(-0.382683432365,0.923879532511,0.));
#1399 = ADVANCED_FACE('',(#1400),#1420,.F.);
#1400 = FACE_BOUND('',#1401,.F.);
#1401 = EDGE_LOOP('',(#1402,#1410,#1418,#1419));
#1402 = ORIENTED_EDGE('',*,*,#1403,.F.);
#1403 = EDGE_CURVE('',#1404,#845,#1406,.T.);
#1404 = VERTEX_POINT('',#1405);
#1405 = CARTESIAN_POINT('',(29.364333457192,12.978814814989,-6.));
#1406 = LINE('',#1407,#1408);
#1407 = CARTESIAN_POINT('',(29.15801770801,12.893356033548,-6.));
#1408 = VECTOR('',#1409,1.);
#1409 = DIRECTION('',(0.923879532511,0.382683432365,0.));
#1410 = ORIENTED_EDGE('',*,*,#1411,.T.);
#1411 = EDGE_CURVE('',#1404,#1381,#1412,.T.);
#1412 = B_SPLINE_CURVE_WITH_KNOTS('',4,(#1413,#1414,#1415,#1416,#1417),
  .UNSPECIFIED.,.F.,.F.,(5,5),(0.,1.),.PIECEWISE_BEZIER_KNOTS.);
#1413 = CARTESIAN_POINT('',(29.364333457189,12.978814814989,
    -5.99999999984));
#1414 = CARTESIAN_POINT('',(29.340137224179,12.968792407117,
    -4.499999999663));
#1415 = CARTESIAN_POINT('',(29.315940976667,12.95876999324,
    -2.999999999754));
#1416 = CARTESIAN_POINT('',(29.29174471458,12.948747573324,
    -1.499999999843));
#1417 = CARTESIAN_POINT('',(29.267548437845,12.938725147342,
    -8.000001E-11));
#1418 = ORIENTED_EDGE('',*,*,#1380,.T.);
#1419 = ORIENTED_EDGE('',*,*,#853,.F.);
#1420 = PLANE('',#1421);
#1421 = AXIS2_PLACEMENT_3D('',#1422,#1423,#1424);
#1422 = CARTESIAN_POINT('',(29.15801770801,12.893356033548,-6.));
#1423 = DIRECTION('',(-0.382683432365,0.923879532511,0.));
#1424 = DIRECTION('',(0.923879532511,0.382683432365,0.));
#1425 = ADVANCED_FACE('',(#1426),#1445,.F.);
#1426 = FACE_BOUND('',#1427,.F.);
#1427 = EDGE_LOOP('',(#1428,#1429,#1430,#1438));
#1428 = ORIENTED_EDGE('',*,*,#1403,.T.);
#1429 = ORIENTED_EDGE('',*,*,#844,.T.);
#1430 = ORIENTED_EDGE('',*,*,#1431,.T.);
#1431 = EDGE_CURVE('',#835,#1432,#1434,.T.);
#1432 = VERTEX_POINT('',#1433);
#1433 = CARTESIAN_POINT('',(23.223108981341,22.167564652611,-6.));
#1434 = LINE('',#1435,#1436);
#1435 = CARTESIAN_POINT('',(24.125742370969,23.070198042239,-6.));
#1436 = VECTOR('',#1437,1.);
#1437 = DIRECTION('',(-0.707106781187,-0.707106781187,0.));
#1438 = ORIENTED_EDGE('',*,*,#1439,.F.);
#1439 = EDGE_CURVE('',#1404,#1432,#1440,.T.);
#1440 = CIRCLE('',#1441,32.104730389569);
#1441 = AXIS2_PLACEMENT_3D('',#1442,#1443,#1444);
#1442 = CARTESIAN_POINT('',(0.,0.,-6.));
#1443 = DIRECTION('',(0.,0.,1.));
#1444 = DIRECTION('',(1.,0.,0.));
#1445 = PLANE('',#1446);
#1446 = AXIS2_PLACEMENT_3D('',#1447,#1448,#1449);
#1447 = CARTESIAN_POINT('',(0.,0.,-6.));
#1448 = DIRECTION('',(0.,0.,1.));
#1449 = DIRECTION('',(1.,0.,0.));
#1450 = ADVANCED_FACE('',(#1451),#1471,.F.);
#1451 = FACE_BOUND('',#1452,.F.);
#1452 = EDGE_LOOP('',(#1453,#1454,#1455,#1463));
#1453 = ORIENTED_EDGE('',*,*,#1431,.F.);
#1454 = ORIENTED_EDGE('',*,*,#834,.F.);
#1455 = ORIENTED_EDGE('',*,*,#1456,.T.);
#1456 = EDGE_CURVE('',#826,#1457,#1459,.T.);
#1457 = VERTEX_POINT('',#1458);
#1458 = CARTESIAN_POINT('',(23.155206302293,22.099661973563,-0.5));
#1459 = LINE('',#1460,#1461);
#1460 = CARTESIAN_POINT('',(24.125742370969,23.070198042239,-0.5));
#1461 = VECTOR('',#1462,1.);
#1462 = DIRECTION('',(-0.707106781187,-0.707106781187,0.));
#1463 = ORIENTED_EDGE('',*,*,#1464,.T.);
#1464 = EDGE_CURVE('',#1457,#1432,#1465,.T.);
#1465 = B_SPLINE_CURVE_WITH_KNOTS('',4,(#1466,#1467,#1468,#1469,#1470),
  .UNSPECIFIED.,.F.,.F.,(5,5),(0.,1.),.PIECEWISE_BEZIER_KNOTS.);
#1466 = CARTESIAN_POINT('',(23.149033325993,22.093488997263,
    -8.000001E-11));
#1467 = CARTESIAN_POINT('',(23.167552256269,22.112007927539,
    -1.499999999847));
#1468 = CARTESIAN_POINT('',(23.18607117555,22.13052684682,
    -2.999999999759));
#1469 = CARTESIAN_POINT('',(23.204590083888,22.149045755158,
    -4.499999999667));
#1470 = CARTESIAN_POINT('',(23.223108981339,22.167564652609,
    -5.99999999984));
#1471 = PLANE('',#1472);
#1472 = AXIS2_PLACEMENT_3D('',#1473,#1474,#1475);
#1473 = CARTESIAN_POINT('',(24.125742370969,23.070198042239,-6.));
#1474 = DIRECTION('',(0.707106781187,-0.707106781187,0.));
#1475 = DIRECTION('',(-0.707106781187,-0.707106781187,0.));
#1476 = ADVANCED_FACE('',(#1477),#1496,.F.);
#1477 = FACE_BOUND('',#1478,.F.);
#1478 = EDGE_LOOP('',(#1479,#1480,#1481,#1489));
#1479 = ORIENTED_EDGE('',*,*,#1456,.F.);
#1480 = ORIENTED_EDGE('',*,*,#825,.F.);
#1481 = ORIENTED_EDGE('',*,*,#1482,.F.);
#1482 = EDGE_CURVE('',#1483,#816,#1485,.T.);
#1483 = VERTEX_POINT('',#1484);
#1484 = CARTESIAN_POINT('',(22.094426227715,23.160202242545,-0.5));
#1485 = LINE('',#1486,#1487);
#1486 = CARTESIAN_POINT('',(22.004422027409,23.070198042239,-0.5));
#1487 = VECTOR('',#1488,1.);
#1488 = DIRECTION('',(0.707106781187,0.707106781187,0.));
#1489 = ORIENTED_EDGE('',*,*,#1490,.T.);
#1490 = EDGE_CURVE('',#1483,#1457,#1491,.T.);
#1491 = CIRCLE('',#1492,32.008727532464);
#1492 = AXIS2_PLACEMENT_3D('',#1493,#1494,#1495);
#1493 = CARTESIAN_POINT('',(0.,0.,-0.5));
#1494 = DIRECTION('',(0.,0.,-1.));
#1495 = DIRECTION('',(1.,0.,0.));
#1496 = PLANE('',#1497);
#1497 = AXIS2_PLACEMENT_3D('',#1498,#1499,#1500);
#1498 = CARTESIAN_POINT('',(23.065082199189,23.070198042239,-0.5));
#1499 = DIRECTION('',(0.,0.,1.));
#1500 = DIRECTION('',(-0.707106781187,0.707106781187,0.));
#1501 = ADVANCED_FACE('',(#1502),#1522,.F.);
#1502 = FACE_BOUND('',#1503,.F.);
#1503 = EDGE_LOOP('',(#1504,#1512,#1520,#1521));
#1504 = ORIENTED_EDGE('',*,*,#1505,.F.);
#1505 = EDGE_CURVE('',#1506,#807,#1508,.T.);
#1506 = VERTEX_POINT('',#1507);
#1507 = CARTESIAN_POINT('',(22.162329265505,23.228105280334,-6.));
#1508 = LINE('',#1509,#1510);
#1509 = CARTESIAN_POINT('',(22.004422027409,23.070198042239,-6.));
#1510 = VECTOR('',#1511,1.);
#1511 = DIRECTION('',(0.707106781187,0.707106781187,0.));
#1512 = ORIENTED_EDGE('',*,*,#1513,.T.);
#1513 = EDGE_CURVE('',#1506,#1483,#1514,.T.);
#1514 = B_SPLINE_CURVE_WITH_KNOTS('',4,(#1515,#1516,#1517,#1518,#1519),
  .UNSPECIFIED.,.F.,.F.,(5,5),(0.,1.),.PIECEWISE_BEZIER_KNOTS.);
#1515 = CARTESIAN_POINT('',(22.162329265503,23.228105280332,
    -5.99999999984));
#1516 = CARTESIAN_POINT('',(22.143810270505,23.209586285335,
    -4.499999999663));
#1517 = CARTESIAN_POINT('',(22.125291264409,23.191067279239,
    -2.999999999754));
#1518 = CARTESIAN_POINT('',(22.106772247157,23.172548261987,
    -1.499999999843));
#1519 = CARTESIAN_POINT('',(22.088253218695,23.154029233525,
    -8.000001E-11));
#1520 = ORIENTED_EDGE('',*,*,#1482,.T.);
#1521 = ORIENTED_EDGE('',*,*,#815,.F.);
#1522 = PLANE('',#1523);
#1523 = AXIS2_PLACEMENT_3D('',#1524,#1525,#1526);
#1524 = CARTESIAN_POINT('',(22.004422027409,23.070198042239,-6.));
#1525 = DIRECTION('',(-0.707106781187,0.707106781187,0.));
#1526 = DIRECTION('',(0.707106781187,0.707106781187,0.));
#1527 = ADVANCED_FACE('',(#1528),#1547,.F.);
#1528 = FACE_BOUND('',#1529,.F.);
#1529 = EDGE_LOOP('',(#1530,#1531,#1532,#1540));
#1530 = ORIENTED_EDGE('',*,*,#1505,.T.);
#1531 = ORIENTED_EDGE('',*,*,#806,.T.);
#1532 = ORIENTED_EDGE('',*,*,#1533,.T.);
#1533 = EDGE_CURVE('',#797,#1534,#1536,.T.);
#1534 = VERTEX_POINT('',#1535);
#1535 = CARTESIAN_POINT('',(12.972195340703,29.367258323336,-6.));
#1536 = LINE('',#1537,#1538);
#1537 = CARTESIAN_POINT('',(13.460697011032,30.546605681085,-6.));
#1538 = VECTOR('',#1539,1.);
#1539 = DIRECTION('',(-0.382683432365,-0.923879532511,0.));
#1540 = ORIENTED_EDGE('',*,*,#1541,.F.);
#1541 = EDGE_CURVE('',#1506,#1534,#1542,.T.);
#1542 = CIRCLE('',#1543,32.104730389569);
#1543 = AXIS2_PLACEMENT_3D('',#1544,#1545,#1546);
#1544 = CARTESIAN_POINT('',(0.,0.,-6.));
#1545 = DIRECTION('',(0.,0.,1.));
#1546 = DIRECTION('',(1.,0.,0.));
#1547 = PLANE('',#1548);
#1548 = AXIS2_PLACEMENT_3D('',#1549,#1550,#1551);
#1549 = CARTESIAN_POINT('',(0.,0.,-6.));
#1550 = DIRECTION('',(0.,0.,1.));
#1551 = DIRECTION('',(1.,0.,0.));
#1552 = ADVANCED_FACE('',(#1553),#1573,.F.);
#1553 = FACE_BOUND('',#1554,.F.);
#1554 = EDGE_LOOP('',(#1555,#1556,#1557,#1565));
#1555 = ORIENTED_EDGE('',*,*,#1533,.F.);
#1556 = ORIENTED_EDGE('',*,*,#796,.F.);
#1557 = ORIENTED_EDGE('',*,*,#1558,.T.);
#1558 = EDGE_CURVE('',#788,#1559,#1561,.T.);
#1559 = VERTEX_POINT('',#1560);
#1560 = CARTESIAN_POINT('',(12.935446675614,29.278539197677,-0.5));
#1561 = LINE('',#1562,#1563);
#1562 = CARTESIAN_POINT('',(13.460697011032,30.546605681085,-0.5));
#1563 = VECTOR('',#1564,1.);
#1564 = DIRECTION('',(-0.382683432365,-0.923879532511,0.));
#1565 = ORIENTED_EDGE('',*,*,#1566,.T.);
#1566 = EDGE_CURVE('',#1559,#1534,#1567,.T.);
#1567 = B_SPLINE_CURVE_WITH_KNOTS('',4,(#1568,#1569,#1570,#1571,#1572),
  .UNSPECIFIED.,.F.,.F.,(5,5),(0.,1.),.PIECEWISE_BEZIER_KNOTS.);
#1568 = CARTESIAN_POINT('',(12.932105884913,29.270473815459,
    -8.000001E-11));
#1569 = CARTESIAN_POINT('',(12.942128257758,29.294669963907,
    -1.499999999847));
#1570 = CARTESIAN_POINT('',(12.952150624652,29.318866097989,
    -2.999999999759));
#1571 = CARTESIAN_POINT('',(12.962172985623,29.343062217773,
    -4.499999999667));
#1572 = CARTESIAN_POINT('',(12.972195340703,29.367258323334,
    -5.99999999984));
#1573 = PLANE('',#1574);
#1574 = AXIS2_PLACEMENT_3D('',#1575,#1576,#1577);
#1575 = CARTESIAN_POINT('',(13.460697011032,30.546605681085,-6.));
#1576 = DIRECTION('',(0.923879532511,-0.382683432365,0.));
#1577 = DIRECTION('',(-0.382683432365,-0.923879532511,0.));
#1578 = ADVANCED_FACE('',(#1579),#1598,.F.);
#1579 = FACE_BOUND('',#1580,.F.);
#1580 = EDGE_LOOP('',(#1581,#1582,#1583,#1591));
#1581 = ORIENTED_EDGE('',*,*,#1558,.F.);
#1582 = ORIENTED_EDGE('',*,*,#787,.F.);
#1583 = ORIENTED_EDGE('',*,*,#1584,.F.);
#1584 = EDGE_CURVE('',#1585,#778,#1587,.T.);
#1585 = VERTEX_POINT('',#1586);
#1586 = CARTESIAN_POINT('',(11.54956248592,29.852407685668,-0.5));
#1587 = LINE('',#1588,#1589);
#1588 = CARTESIAN_POINT('',(11.500852563718,29.734811530866,-0.5));
#1589 = VECTOR('',#1590,1.);
#1590 = DIRECTION('',(0.382683432365,0.923879532511,0.));
#1591 = ORIENTED_EDGE('',*,*,#1592,.T.);
#1592 = EDGE_CURVE('',#1585,#1559,#1593,.T.);
#1593 = CIRCLE('',#1594,32.008727532464);
#1594 = AXIS2_PLACEMENT_3D('',#1595,#1596,#1597);
#1595 = CARTESIAN_POINT('',(0.,0.,-0.5));
#1596 = DIRECTION('',(0.,0.,-1.));
#1597 = DIRECTION('',(1.,0.,0.));
#1598 = PLANE('',#1599);
#1599 = AXIS2_PLACEMENT_3D('',#1600,#1601,#1602);
#1600 = CARTESIAN_POINT('',(12.480774787375,30.140708605975,-0.5));
#1601 = DIRECTION('',(0.,0.,1.));
#1602 = DIRECTION('',(-0.923879532511,0.382683432365,0.));
#1603 = ADVANCED_FACE('',(#1604),#1624,.F.);
#1604 = FACE_BOUND('',#1605,.F.);
#1605 = EDGE_LOOP('',(#1606,#1614,#1622,#1623));
#1606 = ORIENTED_EDGE('',*,*,#1607,.F.);
#1607 = EDGE_CURVE('',#1608,#769,#1610,.T.);
#1608 = VERTEX_POINT('',#1609);
#1609 = CARTESIAN_POINT('',(11.586311345159,29.941127280047,-6.));
#1610 = LINE('',#1611,#1612);
#1611 = CARTESIAN_POINT('',(11.500852563718,29.734811530866,-6.));
#1612 = VECTOR('',#1613,1.);
#1613 = DIRECTION('',(0.382683432365,0.923879532511,0.));
#1614 = ORIENTED_EDGE('',*,*,#1615,.T.);
#1615 = EDGE_CURVE('',#1608,#1585,#1616,.T.);
#1616 = B_SPLINE_CURVE_WITH_KNOTS('',4,(#1617,#1618,#1619,#1620,#1621),
  .UNSPECIFIED.,.F.,.F.,(5,5),(0.,1.),.PIECEWISE_BEZIER_KNOTS.);
#1617 = CARTESIAN_POINT('',(11.586311345159,29.941127280044,
    -5.99999999984));
#1618 = CARTESIAN_POINT('',(11.576288937287,29.916931047034,
    -4.499999999663));
#1619 = CARTESIAN_POINT('',(11.56626652341,29.892734799523,
    -2.999999999754));
#1620 = CARTESIAN_POINT('',(11.556244103494,29.868538537435,
    -1.499999999843));
#1621 = CARTESIAN_POINT('',(11.546221677512,29.844342260701,
    -8.000001E-11));
#1622 = ORIENTED_EDGE('',*,*,#1584,.T.);
#1623 = ORIENTED_EDGE('',*,*,#777,.F.);
#1624 = PLANE('',#1625);
#1625 = AXIS2_PLACEMENT_3D('',#1626,#1627,#1628);
#1626 = CARTESIAN_POINT('',(11.500852563718,29.734811530866,-6.));
#1627 = DIRECTION('',(-0.923879532511,0.382683432365,0.));
#1628 = DIRECTION('',(0.382683432365,0.923879532511,0.));
#1629 = ADVANCED_FACE('',(#1630),#1649,.F.);
#1630 = FACE_BOUND('',#1631,.F.);
#1631 = EDGE_LOOP('',(#1632,#1633,#1634,#1642));
#1632 = ORIENTED_EDGE('',*,*,#1607,.T.);
#1633 = ORIENTED_EDGE('',*,*,#768,.T.);
#1634 = ORIENTED_EDGE('',*,*,#1635,.T.);
#1635 = EDGE_CURVE('',#759,#1636,#1638,.T.);
#1636 = VERTEX_POINT('',#1637);
#1637 = CARTESIAN_POINT('',(0.746382552688,32.096053129193,-6.));
#1638 = LINE('',#1639,#1640);
#1639 = CARTESIAN_POINT('',(0.746382552688,33.372569510656,-6.));
#1640 = VECTOR('',#1641,1.);
#1641 = DIRECTION('',(0.,-1.,0.));
#1642 = ORIENTED_EDGE('',*,*,#1643,.F.);
#1643 = EDGE_CURVE('',#1608,#1636,#1644,.T.);
#1644 = CIRCLE('',#1645,32.104730389569);
#1645 = AXIS2_PLACEMENT_3D('',#1646,#1647,#1648);
#1646 = CARTESIAN_POINT('',(0.,0.,-6.));
#1647 = DIRECTION('',(0.,0.,1.));
#1648 = DIRECTION('',(1.,0.,0.));
#1649 = PLANE('',#1650);
#1650 = AXIS2_PLACEMENT_3D('',#1651,#1652,#1653);
#1651 = CARTESIAN_POINT('',(0.,0.,-6.));
#1652 = DIRECTION('',(0.,0.,1.));
#1653 = DIRECTION('',(1.,0.,0.));
#1654 = ADVANCED_FACE('',(#1655),#1675,.F.);
#1655 = FACE_BOUND('',#1656,.F.);
#1656 = EDGE_LOOP('',(#1657,#1658,#1659,#1667));
#1657 = ORIENTED_EDGE('',*,*,#1635,.F.);
#1658 = ORIENTED_EDGE('',*,*,#758,.F.);
#1659 = ORIENTED_EDGE('',*,*,#1660,.T.);
#1660 = EDGE_CURVE('',#750,#1661,#1663,.T.);
#1661 = VERTEX_POINT('',#1662);
#1662 = CARTESIAN_POINT('',(0.746382552688,32.000024239562,-0.5));
#1663 = LINE('',#1664,#1665);
#1664 = CARTESIAN_POINT('',(0.746382552688,33.372569510656,-0.5));
#1665 = VECTOR('',#1666,1.);
#1666 = DIRECTION('',(0.,-1.,0.));
#1667 = ORIENTED_EDGE('',*,*,#1668,.T.);
#1668 = EDGE_CURVE('',#1661,#1636,#1669,.T.);
#1669 = B_SPLINE_CURVE_WITH_KNOTS('',4,(#1670,#1671,#1672,#1673,#1674),
  .UNSPECIFIED.,.F.,.F.,(5,5),(0.,1.),.PIECEWISE_BEZIER_KNOTS.);
#1670 = CARTESIAN_POINT('',(0.746382552688,31.991294332758,-8.000001E-11
    ));
#1671 = CARTESIAN_POINT('',(0.746382552688,32.017484055115,
    -1.499999999847));
#1672 = CARTESIAN_POINT('',(0.746382552688,32.043673761923,
    -2.999999999759));
#1673 = CARTESIAN_POINT('',(0.746382552688,32.069863453254,
    -4.499999999667));
#1674 = CARTESIAN_POINT('',(0.746382552688,32.09605312919,-5.99999999984
    ));
#1675 = PLANE('',#1676);
#1676 = AXIS2_PLACEMENT_3D('',#1677,#1678,#1679);
#1677 = CARTESIAN_POINT('',(0.746382552688,33.372569510656,-6.));
#1678 = DIRECTION('',(1.,0.,0.));
#1679 = DIRECTION('',(0.,-1.,0.));
#1680 = ADVANCED_FACE('',(#1681),#1700,.F.);
#1681 = FACE_BOUND('',#1682,.F.);
#1682 = EDGE_LOOP('',(#1683,#1684,#1685,#1693));
#1683 = ORIENTED_EDGE('',*,*,#1660,.F.);
#1684 = ORIENTED_EDGE('',*,*,#749,.F.);
#1685 = ORIENTED_EDGE('',*,*,#1686,.F.);
#1686 = EDGE_CURVE('',#1687,#740,#1689,.T.);
#1687 = VERTEX_POINT('',#1688);
#1688 = CARTESIAN_POINT('',(-0.753617447312,31.999854671399,-0.5));
#1689 = LINE('',#1690,#1691);
#1690 = CARTESIAN_POINT('',(-0.753617447312,31.872569510656,-0.5));
#1691 = VECTOR('',#1692,1.);
#1692 = DIRECTION('',(0.,1.,0.));
#1693 = ORIENTED_EDGE('',*,*,#1694,.T.);
#1694 = EDGE_CURVE('',#1687,#1661,#1695,.T.);
#1695 = CIRCLE('',#1696,32.008727532464);
#1696 = AXIS2_PLACEMENT_3D('',#1697,#1698,#1699);
#1697 = CARTESIAN_POINT('',(0.,0.,-0.5));
#1698 = DIRECTION('',(0.,0.,-1.));
#1699 = DIRECTION('',(1.,0.,0.));
#1700 = PLANE('',#1701);
#1701 = AXIS2_PLACEMENT_3D('',#1702,#1703,#1704);
#1702 = CARTESIAN_POINT('',(-3.617447312049E-03,32.622569510656,-0.5));
#1703 = DIRECTION('',(0.,0.,1.));
#1704 = DIRECTION('',(-1.,0.,0.));
#1705 = ADVANCED_FACE('',(#1706),#1726,.F.);
#1706 = FACE_BOUND('',#1707,.F.);
#1707 = EDGE_LOOP('',(#1708,#1716,#1724,#1725));
#1708 = ORIENTED_EDGE('',*,*,#1709,.F.);
#1709 = EDGE_CURVE('',#1710,#731,#1712,.T.);
#1710 = VERTEX_POINT('',#1711);
#1711 = CARTESIAN_POINT('',(-0.753617447311,32.095884068367,-6.));
#1712 = LINE('',#1713,#1714);
#1713 = CARTESIAN_POINT('',(-0.753617447312,31.872569510656,-6.));
#1714 = VECTOR('',#1715,1.);
#1715 = DIRECTION('',(0.,1.,0.));
#1716 = ORIENTED_EDGE('',*,*,#1717,.T.);
#1717 = EDGE_CURVE('',#1710,#1687,#1718,.T.);
#1718 = B_SPLINE_CURVE_WITH_KNOTS('',4,(#1719,#1720,#1721,#1722,#1723),
  .UNSPECIFIED.,.F.,.F.,(5,5),(0.,1.),.PIECEWISE_BEZIER_KNOTS.);
#1719 = CARTESIAN_POINT('',(-0.753617447312,32.095884068364,
    -5.99999999984));
#1720 = CARTESIAN_POINT('',(-0.753617447312,32.069694254477,
    -4.499999999663));
#1721 = CARTESIAN_POINT('',(-0.753617447312,32.043504424895,
    -2.999999999754));
#1722 = CARTESIAN_POINT('',(-0.753617447312,32.017314579534,
    -1.499999999843));
#1723 = CARTESIAN_POINT('',(-0.753617447312,31.991124718321,
    -8.000001E-11));
#1724 = ORIENTED_EDGE('',*,*,#1686,.T.);
#1725 = ORIENTED_EDGE('',*,*,#739,.F.);
#1726 = PLANE('',#1727);
#1727 = AXIS2_PLACEMENT_3D('',#1728,#1729,#1730);
#1728 = CARTESIAN_POINT('',(-0.753617447312,31.872569510656,-6.));
#1729 = DIRECTION('',(-1.,0.,0.));
#1730 = DIRECTION('',(0.,1.,0.));
#1731 = ADVANCED_FACE('',(#1732),#1751,.F.);
#1732 = FACE_BOUND('',#1733,.F.);
#1733 = EDGE_LOOP('',(#1734,#1735,#1736,#1744));
#1734 = ORIENTED_EDGE('',*,*,#1709,.T.);
#1735 = ORIENTED_EDGE('',*,*,#730,.T.);
#1736 = ORIENTED_EDGE('',*,*,#1737,.T.);
#1737 = EDGE_CURVE('',#721,#1738,#1740,.T.);
#1738 = VERTEX_POINT('',#1739);
#1739 = CARTESIAN_POINT('',(-11.593060213,29.938514797576,-6.));
#1740 = LINE('',#1741,#1742);
#1741 = CARTESIAN_POINT('',(-12.08156188332,31.117862155325,-6.));
#1742 = VECTOR('',#1743,1.);
#1743 = DIRECTION('',(0.382683432365,-0.923879532511,0.));
#1744 = ORIENTED_EDGE('',*,*,#1745,.F.);
#1745 = EDGE_CURVE('',#1710,#1738,#1746,.T.);
#1746 = CIRCLE('',#1747,32.104730389569);
#1747 = AXIS2_PLACEMENT_3D('',#1748,#1749,#1750);
#1748 = CARTESIAN_POINT('',(0.,0.,-6.));
#1749 = DIRECTION('',(0.,0.,1.));
#1750 = DIRECTION('',(1.,0.,0.));
#1751 = PLANE('',#1752);
#1752 = AXIS2_PLACEMENT_3D('',#1753,#1754,#1755);
#1753 = CARTESIAN_POINT('',(0.,0.,-6.));
#1754 = DIRECTION('',(0.,0.,1.));
#1755 = DIRECTION('',(1.,0.,0.));
#1756 = ADVANCED_FACE('',(#1757),#1777,.F.);
#1757 = FACE_BOUND('',#1758,.F.);
#1758 = EDGE_LOOP('',(#1759,#1760,#1761,#1769));
#1759 = ORIENTED_EDGE('',*,*,#1737,.F.);
#1760 = ORIENTED_EDGE('',*,*,#720,.F.);
#1761 = ORIENTED_EDGE('',*,*,#1762,.T.);
#1762 = EDGE_CURVE('',#712,#1763,#1765,.T.);
#1763 = VERTEX_POINT('',#1764);
#1764 = CARTESIAN_POINT('',(-11.55631154791,29.849795671917,-0.5));
#1765 = LINE('',#1766,#1767);
#1766 = CARTESIAN_POINT('',(-12.08156188332,31.117862155325,-0.5));
#1767 = VECTOR('',#1768,1.);
#1768 = DIRECTION('',(0.382683432365,-0.923879532511,0.));
#1769 = ORIENTED_EDGE('',*,*,#1770,.T.);
#1770 = EDGE_CURVE('',#1763,#1738,#1771,.T.);
#1771 = B_SPLINE_CURVE_WITH_KNOTS('',4,(#1772,#1773,#1774,#1775,#1776),
  .UNSPECIFIED.,.F.,.F.,(5,5),(0.,1.),.PIECEWISE_BEZIER_KNOTS.);
#1772 = CARTESIAN_POINT('',(-11.55297075721,29.841730289699,
    -8.000001E-11));
#1773 = CARTESIAN_POINT('',(-11.56299313005,29.865926438147,
    -1.499999999847));
#1774 = CARTESIAN_POINT('',(-11.57301549694,29.890122572229,
    -2.999999999759));
#1775 = CARTESIAN_POINT('',(-11.58303785791,29.914318692013,
    -4.499999999667));
#1776 = CARTESIAN_POINT('',(-11.59306021299,29.938514797574,
    -5.99999999984));
#1777 = PLANE('',#1778);
#1778 = AXIS2_PLACEMENT_3D('',#1779,#1780,#1781);
#1779 = CARTESIAN_POINT('',(-12.08156188332,31.117862155325,-6.));
#1780 = DIRECTION('',(0.923879532511,0.382683432365,0.));
#1781 = DIRECTION('',(0.382683432365,-0.923879532511,0.));
#1782 = ADVANCED_FACE('',(#1783),#1802,.F.);
#1783 = FACE_BOUND('',#1784,.F.);
#1784 = EDGE_LOOP('',(#1785,#1786,#1787,#1795));
#1785 = ORIENTED_EDGE('',*,*,#1762,.F.);
#1786 = ORIENTED_EDGE('',*,*,#711,.F.);
#1787 = ORIENTED_EDGE('',*,*,#1788,.F.);
#1788 = EDGE_CURVE('',#1789,#702,#1791,.T.);
#1789 = VERTEX_POINT('',#1790);
#1790 = CARTESIAN_POINT('',(-12.94206595575,29.275613862813,-0.5));
#1791 = LINE('',#1792,#1793);
#1792 = CARTESIAN_POINT('',(-12.89335603354,29.15801770801,-0.5));
#1793 = VECTOR('',#1794,1.);
#1794 = DIRECTION('',(-0.382683432365,0.923879532511,0.));
#1795 = ORIENTED_EDGE('',*,*,#1796,.T.);
#1796 = EDGE_CURVE('',#1789,#1763,#1797,.T.);
#1797 = CIRCLE('',#1798,32.008727532464);
#1798 = AXIS2_PLACEMENT_3D('',#1799,#1800,#1801);
#1799 = CARTESIAN_POINT('',(0.,0.,-0.5));
#1800 = DIRECTION('',(0.,0.,-1.));
#1801 = DIRECTION('',(1.,0.,0.));
#1802 = PLANE('',#1803);
#1803 = AXIS2_PLACEMENT_3D('',#1804,#1805,#1806);
#1804 = CARTESIAN_POINT('',(-12.48745895843,30.137939931668,-0.5));
#1805 = DIRECTION('',(0.,0.,1.));
#1806 = DIRECTION('',(-0.923879532511,-0.382683432365,0.));
#1807 = ADVANCED_FACE('',(#1808),#1828,.F.);
#1808 = FACE_BOUND('',#1809,.F.);
#1809 = EDGE_LOOP('',(#1810,#1818,#1826,#1827));
#1810 = ORIENTED_EDGE('',*,*,#1811,.F.);
#1811 = EDGE_CURVE('',#1812,#693,#1814,.T.);
#1812 = VERTEX_POINT('',#1813);
#1813 = CARTESIAN_POINT('',(-12.97881481498,29.364333457192,-6.));
#1814 = LINE('',#1815,#1816);
#1815 = CARTESIAN_POINT('',(-12.89335603354,29.15801770801,-6.));
#1816 = VECTOR('',#1817,1.);
#1817 = DIRECTION('',(-0.382683432365,0.923879532511,0.));
#1818 = ORIENTED_EDGE('',*,*,#1819,.T.);
#1819 = EDGE_CURVE('',#1812,#1789,#1820,.T.);
#1820 = B_SPLINE_CURVE_WITH_KNOTS('',4,(#1821,#1822,#1823,#1824,#1825),
  .UNSPECIFIED.,.F.,.F.,(5,5),(0.,1.),.PIECEWISE_BEZIER_KNOTS.);
#1821 = CARTESIAN_POINT('',(-12.97881481498,29.364333457189,
    -5.99999999984));
#1822 = CARTESIAN_POINT('',(-12.96879240711,29.340137224179,
    -4.499999999663));
#1823 = CARTESIAN_POINT('',(-12.95876999324,29.315940976667,
    -2.999999999754));
#1824 = CARTESIAN_POINT('',(-12.94874757332,29.29174471458,
    -1.499999999843));
#1825 = CARTESIAN_POINT('',(-12.93872514734,29.267548437845,
    -8.000001E-11));
#1826 = ORIENTED_EDGE('',*,*,#1788,.T.);
#1827 = ORIENTED_EDGE('',*,*,#701,.F.);
#1828 = PLANE('',#1829);
#1829 = AXIS2_PLACEMENT_3D('',#1830,#1831,#1832);
#1830 = CARTESIAN_POINT('',(-12.89335603354,29.15801770801,-6.));
#1831 = DIRECTION('',(-0.923879532511,-0.382683432365,0.));
#1832 = DIRECTION('',(-0.382683432365,0.923879532511,0.));
#1833 = ADVANCED_FACE('',(#1834),#1853,.F.);
#1834 = FACE_BOUND('',#1835,.F.);
#1835 = EDGE_LOOP('',(#1836,#1837,#1838,#1846));
#1836 = ORIENTED_EDGE('',*,*,#1811,.T.);
#1837 = ORIENTED_EDGE('',*,*,#692,.T.);
#1838 = ORIENTED_EDGE('',*,*,#1839,.T.);
#1839 = EDGE_CURVE('',#683,#1840,#1842,.T.);
#1840 = VERTEX_POINT('',#1841);
#1841 = CARTESIAN_POINT('',(-22.16756465261,23.223108981341,-6.));
#1842 = LINE('',#1843,#1844);
#1843 = CARTESIAN_POINT('',(-23.07019804223,24.125742370969,-6.));
#1844 = VECTOR('',#1845,1.);
#1845 = DIRECTION('',(0.707106781187,-0.707106781187,0.));
#1846 = ORIENTED_EDGE('',*,*,#1847,.F.);
#1847 = EDGE_CURVE('',#1812,#1840,#1848,.T.);
#1848 = CIRCLE('',#1849,32.104730389569);
#1849 = AXIS2_PLACEMENT_3D('',#1850,#1851,#1852);
#1850 = CARTESIAN_POINT('',(0.,0.,-6.));
#1851 = DIRECTION('',(0.,0.,1.));
#1852 = DIRECTION('',(1.,0.,0.));
#1853 = PLANE('',#1854);
#1854 = AXIS2_PLACEMENT_3D('',#1855,#1856,#1857);
#1855 = CARTESIAN_POINT('',(0.,0.,-6.));
#1856 = DIRECTION('',(0.,0.,1.));
#1857 = DIRECTION('',(1.,0.,0.));
#1858 = ADVANCED_FACE('',(#1859),#1879,.F.);
#1859 = FACE_BOUND('',#1860,.F.);
#1860 = EDGE_LOOP('',(#1861,#1862,#1863,#1871));
#1861 = ORIENTED_EDGE('',*,*,#1839,.F.);
#1862 = ORIENTED_EDGE('',*,*,#682,.F.);
#1863 = ORIENTED_EDGE('',*,*,#1864,.T.);
#1864 = EDGE_CURVE('',#674,#1865,#1867,.T.);
#1865 = VERTEX_POINT('',#1866);
#1866 = CARTESIAN_POINT('',(-22.09966197356,23.155206302293,-0.5));
#1867 = LINE('',#1868,#1869);
#1868 = CARTESIAN_POINT('',(-23.07019804223,24.125742370969,-0.5));
#1869 = VECTOR('',#1870,1.);
#1870 = DIRECTION('',(0.707106781187,-0.707106781187,0.));
#1871 = ORIENTED_EDGE('',*,*,#1872,.T.);
#1872 = EDGE_CURVE('',#1865,#1840,#1873,.T.);
#1873 = B_SPLINE_CURVE_WITH_KNOTS('',4,(#1874,#1875,#1876,#1877,#1878),
  .UNSPECIFIED.,.F.,.F.,(5,5),(0.,1.),.PIECEWISE_BEZIER_KNOTS.);
#1874 = CARTESIAN_POINT('',(-22.09348899726,23.149033325993,
    -8.000001E-11));
#1875 = CARTESIAN_POINT('',(-22.11200792753,23.167552256269,
    -1.499999999847));
#1876 = CARTESIAN_POINT('',(-22.13052684682,23.18607117555,
    -2.999999999759));
#1877 = CARTESIAN_POINT('',(-22.14904575515,23.204590083888,
    -4.499999999667));
#1878 = CARTESIAN_POINT('',(-22.1675646526,23.223108981339,
    -5.99999999984));
#1879 = PLANE('',#1880);
#1880 = AXIS2_PLACEMENT_3D('',#1881,#1882,#1883);
#1881 = CARTESIAN_POINT('',(-23.07019804223,24.125742370969,-6.));
#1882 = DIRECTION('',(0.707106781187,0.707106781187,0.));
#1883 = DIRECTION('',(0.707106781187,-0.707106781187,0.));
#1884 = ADVANCED_FACE('',(#1885),#1904,.F.);
#1885 = FACE_BOUND('',#1886,.F.);
#1886 = EDGE_LOOP('',(#1887,#1888,#1889,#1897));
#1887 = ORIENTED_EDGE('',*,*,#1864,.F.);
#1888 = ORIENTED_EDGE('',*,*,#673,.F.);
#1889 = ORIENTED_EDGE('',*,*,#1890,.F.);
#1890 = EDGE_CURVE('',#1891,#664,#1893,.T.);
#1891 = VERTEX_POINT('',#1892);
#1892 = CARTESIAN_POINT('',(-23.16020224254,22.094426227715,-0.5));
#1893 = LINE('',#1894,#1895);
#1894 = CARTESIAN_POINT('',(-23.07019804223,22.004422027409,-0.5));
#1895 = VECTOR('',#1896,1.);
#1896 = DIRECTION('',(-0.707106781187,0.707106781187,0.));
#1897 = ORIENTED_EDGE('',*,*,#1898,.T.);
#1898 = EDGE_CURVE('',#1891,#1865,#1899,.T.);
#1899 = CIRCLE('',#1900,32.008727532464);
#1900 = AXIS2_PLACEMENT_3D('',#1901,#1902,#1903);
#1901 = CARTESIAN_POINT('',(0.,0.,-0.5));
#1902 = DIRECTION('',(0.,0.,-1.));
#1903 = DIRECTION('',(1.,0.,0.));
#1904 = PLANE('',#1905);
#1905 = AXIS2_PLACEMENT_3D('',#1906,#1907,#1908);
#1906 = CARTESIAN_POINT('',(-23.07019804223,23.065082199189,-0.5));
#1907 = DIRECTION('',(0.,0.,1.));
#1908 = DIRECTION('',(-0.707106781187,-0.707106781187,0.));
#1909 = ADVANCED_FACE('',(#1910),#1930,.F.);
#1910 = FACE_BOUND('',#1911,.F.);
#1911 = EDGE_LOOP('',(#1912,#1920,#1928,#1929));
#1912 = ORIENTED_EDGE('',*,*,#1913,.F.);
#1913 = EDGE_CURVE('',#1914,#655,#1916,.T.);
#1914 = VERTEX_POINT('',#1915);
#1915 = CARTESIAN_POINT('',(-23.22810528033,22.162329265505,-6.));
#1916 = LINE('',#1917,#1918);
#1917 = CARTESIAN_POINT('',(-23.07019804223,22.004422027409,-6.));
#1918 = VECTOR('',#1919,1.);
#1919 = DIRECTION('',(-0.707106781187,0.707106781187,0.));
#1920 = ORIENTED_EDGE('',*,*,#1921,.T.);
#1921 = EDGE_CURVE('',#1914,#1891,#1922,.T.);
#1922 = B_SPLINE_CURVE_WITH_KNOTS('',4,(#1923,#1924,#1925,#1926,#1927),
  .UNSPECIFIED.,.F.,.F.,(5,5),(0.,1.),.PIECEWISE_BEZIER_KNOTS.);
#1923 = CARTESIAN_POINT('',(-23.22810528033,22.162329265503,
    -5.99999999984));
#1924 = CARTESIAN_POINT('',(-23.20958628533,22.143810270505,
    -4.499999999663));
#1925 = CARTESIAN_POINT('',(-23.19106727923,22.125291264409,
    -2.999999999754));
#1926 = CARTESIAN_POINT('',(-23.17254826198,22.106772247157,
    -1.499999999843));
#1927 = CARTESIAN_POINT('',(-23.15402923352,22.088253218695,
    -8.000001E-11));
#1928 = ORIENTED_EDGE('',*,*,#1890,.T.);
#1929 = ORIENTED_EDGE('',*,*,#663,.F.);
#1930 = PLANE('',#1931);
#1931 = AXIS2_PLACEMENT_3D('',#1932,#1933,#1934);
#1932 = CARTESIAN_POINT('',(-23.07019804223,22.004422027409,-6.));
#1933 = DIRECTION('',(-0.707106781187,-0.707106781187,0.));
#1934 = DIRECTION('',(-0.707106781187,0.707106781187,0.));
#1935 = ADVANCED_FACE('',(#1936),#1955,.F.);
#1936 = FACE_BOUND('',#1937,.F.);
#1937 = EDGE_LOOP('',(#1938,#1939,#1940,#1948));
#1938 = ORIENTED_EDGE('',*,*,#1913,.T.);
#1939 = ORIENTED_EDGE('',*,*,#654,.T.);
#1940 = ORIENTED_EDGE('',*,*,#1941,.T.);
#1941 = EDGE_CURVE('',#645,#1942,#1944,.T.);
#1942 = VERTEX_POINT('',#1943);
#1943 = CARTESIAN_POINT('',(-29.36725832333,12.972195340703,-6.));
#1944 = LINE('',#1945,#1946);
#1945 = CARTESIAN_POINT('',(-30.54660568108,13.460697011032,-6.));
#1946 = VECTOR('',#1947,1.);
#1947 = DIRECTION('',(0.923879532511,-0.382683432365,0.));
#1948 = ORIENTED_EDGE('',*,*,#1949,.F.);
#1949 = EDGE_CURVE('',#1914,#1942,#1950,.T.);
#1950 = CIRCLE('',#1951,32.104730389569);
#1951 = AXIS2_PLACEMENT_3D('',#1952,#1953,#1954);
#1952 = CARTESIAN_POINT('',(0.,0.,-6.));
#1953 = DIRECTION('',(0.,0.,1.));
#1954 = DIRECTION('',(1.,0.,0.));
#1955 = PLANE('',#1956);
#1956 = AXIS2_PLACEMENT_3D('',#1957,#1958,#1959);
#1957 = CARTESIAN_POINT('',(0.,0.,-6.));
#1958 = DIRECTION('',(0.,0.,1.));
#1959 = DIRECTION('',(1.,0.,0.));
#1960 = ADVANCED_FACE('',(#1961),#1981,.F.);
#1961 = FACE_BOUND('',#1962,.F.);
#1962 = EDGE_LOOP('',(#1963,#1964,#1965,#1973));
#1963 = ORIENTED_EDGE('',*,*,#1941,.F.);
#1964 = ORIENTED_EDGE('',*,*,#644,.F.);
#1965 = ORIENTED_EDGE('',*,*,#1966,.T.);
#1966 = EDGE_CURVE('',#636,#1967,#1969,.T.);
#1967 = VERTEX_POINT('',#1968);
#1968 = CARTESIAN_POINT('',(-29.27853919767,12.935446675614,-0.5));
#1969 = LINE('',#1970,#1971);
#1970 = CARTESIAN_POINT('',(-30.54660568108,13.460697011032,-0.5));
#1971 = VECTOR('',#1972,1.);
#1972 = DIRECTION('',(0.923879532511,-0.382683432365,0.));
#1973 = ORIENTED_EDGE('',*,*,#1974,.T.);
#1974 = EDGE_CURVE('',#1967,#1942,#1975,.T.);
#1975 = B_SPLINE_CURVE_WITH_KNOTS('',4,(#1976,#1977,#1978,#1979,#1980),
  .UNSPECIFIED.,.F.,.F.,(5,5),(0.,1.),.PIECEWISE_BEZIER_KNOTS.);
#1976 = CARTESIAN_POINT('',(-29.27047381545,12.932105884913,
    -8.000001E-11));
#1977 = CARTESIAN_POINT('',(-29.2946699639,12.942128257758,
    -1.499999999847));
#1978 = CARTESIAN_POINT('',(-29.31886609798,12.952150624652,
    -2.999999999759));
#1979 = CARTESIAN_POINT('',(-29.34306221777,12.962172985623,
    -4.499999999667));
#1980 = CARTESIAN_POINT('',(-29.36725832333,12.972195340703,
    -5.99999999984));
#1981 = PLANE('',#1982);
#1982 = AXIS2_PLACEMENT_3D('',#1983,#1984,#1985);
#1983 = CARTESIAN_POINT('',(-30.54660568108,13.460697011032,-6.));
#1984 = DIRECTION('',(0.382683432365,0.923879532511,0.));
#1985 = DIRECTION('',(0.923879532511,-0.382683432365,0.));
#1986 = ADVANCED_FACE('',(#1987),#2006,.F.);
#1987 = FACE_BOUND('',#1988,.F.);
#1988 = EDGE_LOOP('',(#1989,#1990,#1991,#1999));
#1989 = ORIENTED_EDGE('',*,*,#1966,.F.);
#1990 = ORIENTED_EDGE('',*,*,#635,.F.);
#1991 = ORIENTED_EDGE('',*,*,#1992,.F.);
#1992 = EDGE_CURVE('',#1993,#626,#1995,.T.);
#1993 = VERTEX_POINT('',#1994);
#1994 = CARTESIAN_POINT('',(-29.85240768566,11.54956248592,-0.5));
#1995 = LINE('',#1996,#1997);
#1996 = CARTESIAN_POINT('',(-29.73481153086,11.500852563718,-0.5));
#1997 = VECTOR('',#1998,1.);
#1998 = DIRECTION('',(-0.923879532511,0.382683432365,0.));
#1999 = ORIENTED_EDGE('',*,*,#2000,.T.);
#2000 = EDGE_CURVE('',#1993,#1967,#2001,.T.);
#2001 = CIRCLE('',#2002,32.008727532464);
#2002 = AXIS2_PLACEMENT_3D('',#2003,#2004,#2005);
#2003 = CARTESIAN_POINT('',(0.,0.,-0.5));
#2004 = DIRECTION('',(0.,0.,-1.));
#2005 = DIRECTION('',(1.,0.,0.));
#2006 = PLANE('',#2007);
#2007 = AXIS2_PLACEMENT_3D('',#2008,#2009,#2010);
#2008 = CARTESIAN_POINT('',(-30.14070860597,12.480774787375,-0.5));
#2009 = DIRECTION('',(0.,0.,1.));
#2010 = DIRECTION('',(-0.382683432365,-0.923879532511,0.));
#2011 = ADVANCED_FACE('',(#2012),#2032,.F.);
#2012 = FACE_BOUND('',#2013,.F.);
#2013 = EDGE_LOOP('',(#2014,#2022,#2030,#2031));
#2014 = ORIENTED_EDGE('',*,*,#2015,.F.);
#2015 = EDGE_CURVE('',#2016,#617,#2018,.T.);
#2016 = VERTEX_POINT('',#2017);
#2017 = CARTESIAN_POINT('',(-29.94112728004,11.586311345159,-6.));
#2018 = LINE('',#2019,#2020);
#2019 = CARTESIAN_POINT('',(-29.73481153086,11.500852563718,-6.));
#2020 = VECTOR('',#2021,1.);
#2021 = DIRECTION('',(-0.923879532511,0.382683432365,0.));
#2022 = ORIENTED_EDGE('',*,*,#2023,.T.);
#2023 = EDGE_CURVE('',#2016,#1993,#2024,.T.);
#2024 = B_SPLINE_CURVE_WITH_KNOTS('',4,(#2025,#2026,#2027,#2028,#2029),
  .UNSPECIFIED.,.F.,.F.,(5,5),(0.,1.),.PIECEWISE_BEZIER_KNOTS.);
#2025 = CARTESIAN_POINT('',(-29.94112728004,11.586311345159,
    -5.99999999984));
#2026 = CARTESIAN_POINT('',(-29.91693104703,11.576288937287,
    -4.499999999663));
#2027 = CARTESIAN_POINT('',(-29.89273479952,11.56626652341,
    -2.999999999754));
#2028 = CARTESIAN_POINT('',(-29.86853853743,11.556244103494,
    -1.499999999843));
#2029 = CARTESIAN_POINT('',(-29.8443422607,11.546221677512,-8.000001E-11
    ));
#2030 = ORIENTED_EDGE('',*,*,#1992,.T.);
#2031 = ORIENTED_EDGE('',*,*,#625,.F.);
#2032 = PLANE('',#2033);
#2033 = AXIS2_PLACEMENT_3D('',#2034,#2035,#2036);
#2034 = CARTESIAN_POINT('',(-29.73481153086,11.500852563718,-6.));
#2035 = DIRECTION('',(-0.382683432365,-0.923879532511,0.));
#2036 = DIRECTION('',(-0.923879532511,0.382683432365,0.));
#2037 = ADVANCED_FACE('',(#2038),#2057,.F.);
#2038 = FACE_BOUND('',#2039,.F.);
#2039 = EDGE_LOOP('',(#2040,#2041,#2042,#2050));
#2040 = ORIENTED_EDGE('',*,*,#2015,.T.);
#2041 = ORIENTED_EDGE('',*,*,#616,.T.);
#2042 = ORIENTED_EDGE('',*,*,#2043,.T.);
#2043 = EDGE_CURVE('',#607,#2044,#2046,.T.);
#2044 = VERTEX_POINT('',#2045);
#2045 = CARTESIAN_POINT('',(-32.09605312919,0.746382552689,-6.));
#2046 = LINE('',#2047,#2048);
#2047 = CARTESIAN_POINT('',(-33.37256951065,0.746382552688,-6.));
#2048 = VECTOR('',#2049,1.);
#2049 = DIRECTION('',(1.,0.,0.));
#2050 = ORIENTED_EDGE('',*,*,#2051,.F.);
#2051 = EDGE_CURVE('',#2016,#2044,#2052,.T.);
#2052 = CIRCLE('',#2053,32.104730389569);
#2053 = AXIS2_PLACEMENT_3D('',#2054,#2055,#2056);
#2054 = CARTESIAN_POINT('',(0.,0.,-6.));
#2055 = DIRECTION('',(0.,0.,1.));
#2056 = DIRECTION('',(1.,0.,0.));
#2057 = PLANE('',#2058);
#2058 = AXIS2_PLACEMENT_3D('',#2059,#2060,#2061);
#2059 = CARTESIAN_POINT('',(0.,0.,-6.));
#2060 = DIRECTION('',(0.,0.,1.));
#2061 = DIRECTION('',(1.,0.,0.));
#2062 = ADVANCED_FACE('',(#2063),#2083,.F.);
#2063 = FACE_BOUND('',#2064,.F.);
#2064 = EDGE_LOOP('',(#2065,#2066,#2067,#2075));
#2065 = ORIENTED_EDGE('',*,*,#2043,.F.);
#2066 = ORIENTED_EDGE('',*,*,#606,.F.);
#2067 = ORIENTED_EDGE('',*,*,#2068,.T.);
#2068 = EDGE_CURVE('',#598,#2069,#2071,.T.);
#2069 = VERTEX_POINT('',#2070);
#2070 = CARTESIAN_POINT('',(-32.00002423956,0.746382552688,-0.5));
#2071 = LINE('',#2072,#2073);
#2072 = CARTESIAN_POINT('',(-33.37256951065,0.746382552688,-0.5));
#2073 = VECTOR('',#2074,1.);
#2074 = DIRECTION('',(1.,0.,0.));
#2075 = ORIENTED_EDGE('',*,*,#2076,.T.);
#2076 = EDGE_CURVE('',#2069,#2044,#2077,.T.);
#2077 = B_SPLINE_CURVE_WITH_KNOTS('',4,(#2078,#2079,#2080,#2081,#2082),
  .UNSPECIFIED.,.F.,.F.,(5,5),(0.,1.),.PIECEWISE_BEZIER_KNOTS.);
#2078 = CARTESIAN_POINT('',(-31.99129433275,0.746382552688,-8.000001E-11
    ));
#2079 = CARTESIAN_POINT('',(-32.01748405511,0.746382552688,
    -1.499999999847));
#2080 = CARTESIAN_POINT('',(-32.04367376192,0.746382552688,
    -2.999999999759));
#2081 = CARTESIAN_POINT('',(-32.06986345325,0.746382552688,
    -4.499999999667));
#2082 = CARTESIAN_POINT('',(-32.09605312919,0.746382552688,
    -5.99999999984));
#2083 = PLANE('',#2084);
#2084 = AXIS2_PLACEMENT_3D('',#2085,#2086,#2087);
#2085 = CARTESIAN_POINT('',(-33.37256951065,0.746382552688,-6.));
#2086 = DIRECTION('',(0.,1.,0.));
#2087 = DIRECTION('',(1.,0.,0.));
#2088 = ADVANCED_FACE('',(#2089),#2108,.F.);
#2089 = FACE_BOUND('',#2090,.F.);
#2090 = EDGE_LOOP('',(#2091,#2092,#2093,#2101));
#2091 = ORIENTED_EDGE('',*,*,#2068,.F.);
#2092 = ORIENTED_EDGE('',*,*,#597,.F.);
#2093 = ORIENTED_EDGE('',*,*,#2094,.F.);
#2094 = EDGE_CURVE('',#2095,#588,#2097,.T.);
#2095 = VERTEX_POINT('',#2096);
#2096 = CARTESIAN_POINT('',(-31.99985467139,-0.753617447312,-0.5));
#2097 = LINE('',#2098,#2099);
#2098 = CARTESIAN_POINT('',(-31.87256951065,-0.753617447312,-0.5));
#2099 = VECTOR('',#2100,1.);
#2100 = DIRECTION('',(-1.,0.,0.));
#2101 = ORIENTED_EDGE('',*,*,#2102,.T.);
#2102 = EDGE_CURVE('',#2095,#2069,#2103,.T.);
#2103 = CIRCLE('',#2104,32.008727532464);
#2104 = AXIS2_PLACEMENT_3D('',#2105,#2106,#2107);
#2105 = CARTESIAN_POINT('',(0.,0.,-0.5));
#2106 = DIRECTION('',(0.,0.,-1.));
#2107 = DIRECTION('',(1.,0.,0.));
#2108 = PLANE('',#2109);
#2109 = AXIS2_PLACEMENT_3D('',#2110,#2111,#2112);
#2110 = CARTESIAN_POINT('',(-32.62256951065,-3.617447312049E-03,-0.5));
#2111 = DIRECTION('',(0.,0.,1.));
#2112 = DIRECTION('',(0.,-1.,0.));
#2113 = ADVANCED_FACE('',(#2114),#2134,.F.);
#2114 = FACE_BOUND('',#2115,.F.);
#2115 = EDGE_LOOP('',(#2116,#2124,#2132,#2133));
#2116 = ORIENTED_EDGE('',*,*,#2117,.F.);
#2117 = EDGE_CURVE('',#2118,#579,#2120,.T.);
#2118 = VERTEX_POINT('',#2119);
#2119 = CARTESIAN_POINT('',(-32.09588406836,-0.753617447312,-6.));
#2120 = LINE('',#2121,#2122);
#2121 = CARTESIAN_POINT('',(-31.87256951065,-0.753617447312,-6.));
#2122 = VECTOR('',#2123,1.);
#2123 = DIRECTION('',(-1.,0.,0.));
#2124 = ORIENTED_EDGE('',*,*,#2125,.T.);
#2125 = EDGE_CURVE('',#2118,#2095,#2126,.T.);
#2126 = B_SPLINE_CURVE_WITH_KNOTS('',4,(#2127,#2128,#2129,#2130,#2131),
  .UNSPECIFIED.,.F.,.F.,(5,5),(0.,1.),.PIECEWISE_BEZIER_KNOTS.);
#2127 = CARTESIAN_POINT('',(-32.09588406836,-0.753617447312,
    -5.99999999984));
#2128 = CARTESIAN_POINT('',(-32.06969425447,-0.753617447312,
    -4.499999999663));
#2129 = CARTESIAN_POINT('',(-32.04350442489,-0.753617447312,
    -2.999999999754));
#2130 = CARTESIAN_POINT('',(-32.01731457953,-0.753617447312,
    -1.499999999843));
#2131 = CARTESIAN_POINT('',(-31.99112471832,-0.753617447312,
    -8.000001E-11));
#2132 = ORIENTED_EDGE('',*,*,#2094,.T.);
#2133 = ORIENTED_EDGE('',*,*,#587,.F.);
#2134 = PLANE('',#2135);
#2135 = AXIS2_PLACEMENT_3D('',#2136,#2137,#2138);
#2136 = CARTESIAN_POINT('',(-31.87256951065,-0.753617447312,-6.));
#2137 = DIRECTION('',(0.,-1.,0.));
#2138 = DIRECTION('',(-1.,0.,0.));
#2139 = ADVANCED_FACE('',(#2140),#2159,.F.);
#2140 = FACE_BOUND('',#2141,.F.);
#2141 = EDGE_LOOP('',(#2142,#2143,#2144,#2152));
#2142 = ORIENTED_EDGE('',*,*,#2117,.T.);
#2143 = ORIENTED_EDGE('',*,*,#578,.T.);
#2144 = ORIENTED_EDGE('',*,*,#2145,.T.);
#2145 = EDGE_CURVE('',#569,#2146,#2148,.T.);
#2146 = VERTEX_POINT('',#2147);
#2147 = CARTESIAN_POINT('',(-29.93851479757,-11.593060213,-6.));
#2148 = LINE('',#2149,#2150);
#2149 = CARTESIAN_POINT('',(-31.11786215532,-12.08156188332,-6.));
#2150 = VECTOR('',#2151,1.);
#2151 = DIRECTION('',(0.923879532511,0.382683432365,0.));
#2152 = ORIENTED_EDGE('',*,*,#2153,.F.);
#2153 = EDGE_CURVE('',#2118,#2146,#2154,.T.);
#2154 = CIRCLE('',#2155,32.104730389569);
#2155 = AXIS2_PLACEMENT_3D('',#2156,#2157,#2158);
#2156 = CARTESIAN_POINT('',(0.,0.,-6.));
#2157 = DIRECTION('',(0.,0.,1.));
#2158 = DIRECTION('',(1.,0.,0.));
#2159 = PLANE('',#2160);
#2160 = AXIS2_PLACEMENT_3D('',#2161,#2162,#2163);
#2161 = CARTESIAN_POINT('',(0.,0.,-6.));
#2162 = DIRECTION('',(0.,0.,1.));
#2163 = DIRECTION('',(1.,0.,0.));
#2164 = ADVANCED_FACE('',(#2165),#2185,.F.);
#2165 = FACE_BOUND('',#2166,.F.);
#2166 = EDGE_LOOP('',(#2167,#2168,#2169,#2177));
#2167 = ORIENTED_EDGE('',*,*,#2145,.F.);
#2168 = ORIENTED_EDGE('',*,*,#568,.F.);
#2169 = ORIENTED_EDGE('',*,*,#2170,.T.);
#2170 = EDGE_CURVE('',#560,#2171,#2173,.T.);
#2171 = VERTEX_POINT('',#2172);
#2172 = CARTESIAN_POINT('',(-29.84979567191,-11.55631154791,-0.5));
#2173 = LINE('',#2174,#2175);
#2174 = CARTESIAN_POINT('',(-31.11786215532,-12.08156188332,-0.5));
#2175 = VECTOR('',#2176,1.);
#2176 = DIRECTION('',(0.923879532511,0.382683432365,0.));
#2177 = ORIENTED_EDGE('',*,*,#2178,.T.);
#2178 = EDGE_CURVE('',#2171,#2146,#2179,.T.);
#2179 = B_SPLINE_CURVE_WITH_KNOTS('',4,(#2180,#2181,#2182,#2183,#2184),
  .UNSPECIFIED.,.F.,.F.,(5,5),(0.,1.),.PIECEWISE_BEZIER_KNOTS.);
#2180 = CARTESIAN_POINT('',(-29.84173028969,-11.55297075721,
    -8.000001E-11));
#2181 = CARTESIAN_POINT('',(-29.86592643814,-11.56299313005,
    -1.499999999847));
#2182 = CARTESIAN_POINT('',(-29.89012257222,-11.57301549694,
    -2.999999999759));
#2183 = CARTESIAN_POINT('',(-29.91431869201,-11.58303785791,
    -4.499999999667));
#2184 = CARTESIAN_POINT('',(-29.93851479757,-11.59306021299,
    -5.99999999984));
#2185 = PLANE('',#2186);
#2186 = AXIS2_PLACEMENT_3D('',#2187,#2188,#2189);
#2187 = CARTESIAN_POINT('',(-31.11786215532,-12.08156188332,-6.));
#2188 = DIRECTION('',(-0.382683432365,0.923879532511,0.));
#2189 = DIRECTION('',(0.923879532511,0.382683432365,0.));
#2190 = ADVANCED_FACE('',(#2191),#2210,.F.);
#2191 = FACE_BOUND('',#2192,.F.);
#2192 = EDGE_LOOP('',(#2193,#2194,#2195,#2203));
#2193 = ORIENTED_EDGE('',*,*,#2170,.F.);
#2194 = ORIENTED_EDGE('',*,*,#559,.F.);
#2195 = ORIENTED_EDGE('',*,*,#2196,.F.);
#2196 = EDGE_CURVE('',#2197,#550,#2199,.T.);
#2197 = VERTEX_POINT('',#2198);
#2198 = CARTESIAN_POINT('',(-29.27561386281,-12.94206595575,-0.5));
#2199 = LINE('',#2200,#2201);
#2200 = CARTESIAN_POINT('',(-29.15801770801,-12.89335603354,-0.5));
#2201 = VECTOR('',#2202,1.);
#2202 = DIRECTION('',(-0.923879532511,-0.382683432365,0.));
#2203 = ORIENTED_EDGE('',*,*,#2204,.T.);
#2204 = EDGE_CURVE('',#2197,#2171,#2205,.T.);
#2205 = CIRCLE('',#2206,32.008727532464);
#2206 = AXIS2_PLACEMENT_3D('',#2207,#2208,#2209);
#2207 = CARTESIAN_POINT('',(0.,0.,-0.5));
#2208 = DIRECTION('',(0.,0.,-1.));
#2209 = DIRECTION('',(1.,0.,0.));
#2210 = PLANE('',#2211);
#2211 = AXIS2_PLACEMENT_3D('',#2212,#2213,#2214);
#2212 = CARTESIAN_POINT('',(-30.13793993166,-12.48745895843,-0.5));
#2213 = DIRECTION('',(0.,0.,1.));
#2214 = DIRECTION('',(0.382683432365,-0.923879532511,0.));
#2215 = ADVANCED_FACE('',(#2216),#2236,.F.);
#2216 = FACE_BOUND('',#2217,.F.);
#2217 = EDGE_LOOP('',(#2218,#2226,#2234,#2235));
#2218 = ORIENTED_EDGE('',*,*,#2219,.F.);
#2219 = EDGE_CURVE('',#2220,#541,#2222,.T.);
#2220 = VERTEX_POINT('',#2221);
#2221 = CARTESIAN_POINT('',(-29.36433345719,-12.97881481498,-6.));
#2222 = LINE('',#2223,#2224);
#2223 = CARTESIAN_POINT('',(-29.15801770801,-12.89335603354,-6.));
#2224 = VECTOR('',#2225,1.);
#2225 = DIRECTION('',(-0.923879532511,-0.382683432365,0.));
#2226 = ORIENTED_EDGE('',*,*,#2227,.T.);
#2227 = EDGE_CURVE('',#2220,#2197,#2228,.T.);
#2228 = B_SPLINE_CURVE_WITH_KNOTS('',4,(#2229,#2230,#2231,#2232,#2233),
  .UNSPECIFIED.,.F.,.F.,(5,5),(0.,1.),.PIECEWISE_BEZIER_KNOTS.);
#2229 = CARTESIAN_POINT('',(-29.36433345718,-12.97881481498,
    -5.99999999984));
#2230 = CARTESIAN_POINT('',(-29.34013722417,-12.96879240711,
    -4.499999999663));
#2231 = CARTESIAN_POINT('',(-29.31594097666,-12.95876999324,
    -2.999999999754));
#2232 = CARTESIAN_POINT('',(-29.29174471458,-12.94874757332,
    -1.499999999843));
#2233 = CARTESIAN_POINT('',(-29.26754843784,-12.93872514734,
    -8.000001E-11));
#2234 = ORIENTED_EDGE('',*,*,#2196,.T.);
#2235 = ORIENTED_EDGE('',*,*,#549,.F.);
#2236 = PLANE('',#2237);
#2237 = AXIS2_PLACEMENT_3D('',#2238,#2239,#2240);
#2238 = CARTESIAN_POINT('',(-29.15801770801,-12.89335603354,-6.));
#2239 = DIRECTION('',(0.382683432365,-0.923879532511,0.));
#2240 = DIRECTION('',(-0.923879532511,-0.382683432365,0.));
#2241 = ADVANCED_FACE('',(#2242),#2261,.F.);
#2242 = FACE_BOUND('',#2243,.F.);
#2243 = EDGE_LOOP('',(#2244,#2245,#2246,#2254));
#2244 = ORIENTED_EDGE('',*,*,#2219,.T.);
#2245 = ORIENTED_EDGE('',*,*,#540,.T.);
#2246 = ORIENTED_EDGE('',*,*,#2247,.T.);
#2247 = EDGE_CURVE('',#531,#2248,#2250,.T.);
#2248 = VERTEX_POINT('',#2249);
#2249 = CARTESIAN_POINT('',(-23.22310898134,-22.16756465261,-6.));
#2250 = LINE('',#2251,#2252);
#2251 = CARTESIAN_POINT('',(-24.12574237096,-23.07019804223,-6.));
#2252 = VECTOR('',#2253,1.);
#2253 = DIRECTION('',(0.707106781187,0.707106781187,0.));
#2254 = ORIENTED_EDGE('',*,*,#2255,.F.);
#2255 = EDGE_CURVE('',#2220,#2248,#2256,.T.);
#2256 = CIRCLE('',#2257,32.104730389569);
#2257 = AXIS2_PLACEMENT_3D('',#2258,#2259,#2260);
#2258 = CARTESIAN_POINT('',(0.,0.,-6.));
#2259 = DIRECTION('',(0.,0.,1.));
#2260 = DIRECTION('',(1.,0.,0.));
#2261 = PLANE('',#2262);
#2262 = AXIS2_PLACEMENT_3D('',#2263,#2264,#2265);
#2263 = CARTESIAN_POINT('',(0.,0.,-6.));
#2264 = DIRECTION('',(0.,0.,1.));
#2265 = DIRECTION('',(1.,0.,0.));
#2266 = ADVANCED_FACE('',(#2267),#2287,.F.);
#2267 = FACE_BOUND('',#2268,.F.);
#2268 = EDGE_LOOP('',(#2269,#2270,#2271,#2279));
#2269 = ORIENTED_EDGE('',*,*,#2247,.F.);
#2270 = ORIENTED_EDGE('',*,*,#530,.F.);
#2271 = ORIENTED_EDGE('',*,*,#2272,.T.);
#2272 = EDGE_CURVE('',#522,#2273,#2275,.T.);
#2273 = VERTEX_POINT('',#2274);
#2274 = CARTESIAN_POINT('',(-23.15520630229,-22.09966197356,-0.5));
#2275 = LINE('',#2276,#2277);
#2276 = CARTESIAN_POINT('',(-24.12574237096,-23.07019804223,-0.5));
#2277 = VECTOR('',#2278,1.);
#2278 = DIRECTION('',(0.707106781187,0.707106781187,0.));
#2279 = ORIENTED_EDGE('',*,*,#2280,.T.);
#2280 = EDGE_CURVE('',#2273,#2248,#2281,.T.);
#2281 = B_SPLINE_CURVE_WITH_KNOTS('',4,(#2282,#2283,#2284,#2285,#2286),
  .UNSPECIFIED.,.F.,.F.,(5,5),(0.,1.),.PIECEWISE_BEZIER_KNOTS.);
#2282 = CARTESIAN_POINT('',(-23.14903332599,-22.09348899726,
    -8.000001E-11));
#2283 = CARTESIAN_POINT('',(-23.16755225626,-22.11200792753,
    -1.499999999847));
#2284 = CARTESIAN_POINT('',(-23.18607117555,-22.13052684682,
    -2.999999999759));
#2285 = CARTESIAN_POINT('',(-23.20459008388,-22.14904575515,
    -4.499999999667));
#2286 = CARTESIAN_POINT('',(-23.22310898133,-22.1675646526,
    -5.99999999984));
#2287 = PLANE('',#2288);
#2288 = AXIS2_PLACEMENT_3D('',#2289,#2290,#2291);
#2289 = CARTESIAN_POINT('',(-24.12574237096,-23.07019804223,-6.));
#2290 = DIRECTION('',(-0.707106781187,0.707106781187,0.));
#2291 = DIRECTION('',(0.707106781187,0.707106781187,0.));
#2292 = ADVANCED_FACE('',(#2293),#2312,.F.);
#2293 = FACE_BOUND('',#2294,.F.);
#2294 = EDGE_LOOP('',(#2295,#2296,#2297,#2305));
#2295 = ORIENTED_EDGE('',*,*,#2272,.F.);
#2296 = ORIENTED_EDGE('',*,*,#521,.F.);
#2297 = ORIENTED_EDGE('',*,*,#2298,.F.);
#2298 = EDGE_CURVE('',#2299,#512,#2301,.T.);
#2299 = VERTEX_POINT('',#2300);
#2300 = CARTESIAN_POINT('',(-22.09442622771,-23.16020224254,-0.5));
#2301 = LINE('',#2302,#2303);
#2302 = CARTESIAN_POINT('',(-22.0044220274,-23.07019804223,-0.5));
#2303 = VECTOR('',#2304,1.);
#2304 = DIRECTION('',(-0.707106781187,-0.707106781187,0.));
#2305 = ORIENTED_EDGE('',*,*,#2306,.T.);
#2306 = EDGE_CURVE('',#2299,#2273,#2307,.T.);
#2307 = CIRCLE('',#2308,32.008727532464);
#2308 = AXIS2_PLACEMENT_3D('',#2309,#2310,#2311);
#2309 = CARTESIAN_POINT('',(0.,0.,-0.5));
#2310 = DIRECTION('',(0.,0.,-1.));
#2311 = DIRECTION('',(1.,0.,0.));
#2312 = PLANE('',#2313);
#2313 = AXIS2_PLACEMENT_3D('',#2314,#2315,#2316);
#2314 = CARTESIAN_POINT('',(-23.06508219918,-23.07019804223,-0.5));
#2315 = DIRECTION('',(0.,0.,1.));
#2316 = DIRECTION('',(0.707106781187,-0.707106781187,0.));
#2317 = ADVANCED_FACE('',(#2318),#2338,.F.);
#2318 = FACE_BOUND('',#2319,.F.);
#2319 = EDGE_LOOP('',(#2320,#2328,#2336,#2337));
#2320 = ORIENTED_EDGE('',*,*,#2321,.F.);
#2321 = EDGE_CURVE('',#2322,#503,#2324,.T.);
#2322 = VERTEX_POINT('',#2323);
#2323 = CARTESIAN_POINT('',(-22.1623292655,-23.22810528033,-6.));
#2324 = LINE('',#2325,#2326);
#2325 = CARTESIAN_POINT('',(-22.0044220274,-23.07019804223,-6.));
#2326 = VECTOR('',#2327,1.);
#2327 = DIRECTION('',(-0.707106781187,-0.707106781187,0.));
#2328 = ORIENTED_EDGE('',*,*,#2329,.T.);
#2329 = EDGE_CURVE('',#2322,#2299,#2330,.T.);
#2330 = B_SPLINE_CURVE_WITH_KNOTS('',4,(#2331,#2332,#2333,#2334,#2335),
  .UNSPECIFIED.,.F.,.F.,(5,5),(0.,1.),.PIECEWISE_BEZIER_KNOTS.);
#2331 = CARTESIAN_POINT('',(-22.1623292655,-23.22810528033,
    -5.99999999984));
#2332 = CARTESIAN_POINT('',(-22.1438102705,-23.20958628533,
    -4.499999999663));
#2333 = CARTESIAN_POINT('',(-22.1252912644,-23.19106727923,
    -2.999999999754));
#2334 = CARTESIAN_POINT('',(-22.10677224715,-23.17254826198,
    -1.499999999843));
#2335 = CARTESIAN_POINT('',(-22.08825321869,-23.15402923352,
    -8.000001E-11));
#2336 = ORIENTED_EDGE('',*,*,#2298,.T.);
#2337 = ORIENTED_EDGE('',*,*,#511,.F.);
#2338 = PLANE('',#2339);
#2339 = AXIS2_PLACEMENT_3D('',#2340,#2341,#2342);
#2340 = CARTESIAN_POINT('',(-22.0044220274,-23.07019804223,-6.));
#2341 = DIRECTION('',(0.707106781187,-0.707106781187,0.));
#2342 = DIRECTION('',(-0.707106781187,-0.707106781187,0.));
#2343 = ADVANCED_FACE('',(#2344),#2363,.F.);
#2344 = FACE_BOUND('',#2345,.F.);
#2345 = EDGE_LOOP('',(#2346,#2347,#2348,#2356));
#2346 = ORIENTED_EDGE('',*,*,#2321,.T.);
#2347 = ORIENTED_EDGE('',*,*,#502,.T.);
#2348 = ORIENTED_EDGE('',*,*,#2349,.T.);
#2349 = EDGE_CURVE('',#493,#2350,#2352,.T.);
#2350 = VERTEX_POINT('',#2351);
#2351 = CARTESIAN_POINT('',(-12.9721953407,-29.36725832333,-6.));
#2352 = LINE('',#2353,#2354);
#2353 = CARTESIAN_POINT('',(-13.46069701103,-30.54660568108,-6.));
#2354 = VECTOR('',#2355,1.);
#2355 = DIRECTION('',(0.382683432365,0.923879532511,0.));
#2356 = ORIENTED_EDGE('',*,*,#2357,.F.);
#2357 = EDGE_CURVE('',#2322,#2350,#2358,.T.);
#2358 = CIRCLE('',#2359,32.104730389569);
#2359 = AXIS2_PLACEMENT_3D('',#2360,#2361,#2362);
#2360 = CARTESIAN_POINT('',(0.,0.,-6.));
#2361 = DIRECTION('',(0.,0.,1.));
#2362 = DIRECTION('',(1.,0.,0.));
#2363 = PLANE('',#2364);
#2364 = AXIS2_PLACEMENT_3D('',#2365,#2366,#2367);
#2365 = CARTESIAN_POINT('',(0.,0.,-6.));
#2366 = DIRECTION('',(0.,0.,1.));
#2367 = DIRECTION('',(1.,0.,0.));
#2368 = ADVANCED_FACE('',(#2369),#2389,.F.);
#2369 = FACE_BOUND('',#2370,.F.);
#2370 = EDGE_LOOP('',(#2371,#2372,#2373,#2381));
#2371 = ORIENTED_EDGE('',*,*,#2349,.F.);
#2372 = ORIENTED_EDGE('',*,*,#492,.F.);
#2373 = ORIENTED_EDGE('',*,*,#2374,.T.);
#2374 = EDGE_CURVE('',#484,#2375,#2377,.T.);
#2375 = VERTEX_POINT('',#2376);
#2376 = CARTESIAN_POINT('',(-12.93544667561,-29.27853919767,-0.5));
#2377 = LINE('',#2378,#2379);
#2378 = CARTESIAN_POINT('',(-13.46069701103,-30.54660568108,-0.5));
#2379 = VECTOR('',#2380,1.);
#2380 = DIRECTION('',(0.382683432365,0.923879532511,0.));
#2381 = ORIENTED_EDGE('',*,*,#2382,.T.);
#2382 = EDGE_CURVE('',#2375,#2350,#2383,.T.);
#2383 = B_SPLINE_CURVE_WITH_KNOTS('',4,(#2384,#2385,#2386,#2387,#2388),
  .UNSPECIFIED.,.F.,.F.,(5,5),(0.,1.),.PIECEWISE_BEZIER_KNOTS.);
#2384 = CARTESIAN_POINT('',(-12.93210588491,-29.27047381545,
    -8.000001E-11));
#2385 = CARTESIAN_POINT('',(-12.94212825775,-29.2946699639,
    -1.499999999847));
#2386 = CARTESIAN_POINT('',(-12.95215062465,-29.31886609798,
    -2.999999999759));
#2387 = CARTESIAN_POINT('',(-12.96217298562,-29.34306221777,
    -4.499999999667));
#2388 = CARTESIAN_POINT('',(-12.9721953407,-29.36725832333,
    -5.99999999984));
#2389 = PLANE('',#2390);
#2390 = AXIS2_PLACEMENT_3D('',#2391,#2392,#2393);
#2391 = CARTESIAN_POINT('',(-13.46069701103,-30.54660568108,-6.));
#2392 = DIRECTION('',(-0.923879532511,0.382683432365,0.));
#2393 = DIRECTION('',(0.382683432365,0.923879532511,0.));
#2394 = ADVANCED_FACE('',(#2395),#2414,.F.);
#2395 = FACE_BOUND('',#2396,.F.);
#2396 = EDGE_LOOP('',(#2397,#2398,#2399,#2407));
#2397 = ORIENTED_EDGE('',*,*,#2374,.F.);
#2398 = ORIENTED_EDGE('',*,*,#483,.F.);
#2399 = ORIENTED_EDGE('',*,*,#2400,.F.);
#2400 = EDGE_CURVE('',#2401,#474,#2403,.T.);
#2401 = VERTEX_POINT('',#2402);
#2402 = CARTESIAN_POINT('',(-11.54956248592,-29.85240768566,-0.5));
#2403 = LINE('',#2404,#2405);
#2404 = CARTESIAN_POINT('',(-11.50085256371,-29.73481153086,-0.5));
#2405 = VECTOR('',#2406,1.);
#2406 = DIRECTION('',(-0.382683432365,-0.923879532511,0.));
#2407 = ORIENTED_EDGE('',*,*,#2408,.T.);
#2408 = EDGE_CURVE('',#2401,#2375,#2409,.T.);
#2409 = CIRCLE('',#2410,32.008727532464);
#2410 = AXIS2_PLACEMENT_3D('',#2411,#2412,#2413);
#2411 = CARTESIAN_POINT('',(0.,0.,-0.5));
#2412 = DIRECTION('',(0.,0.,-1.));
#2413 = DIRECTION('',(1.,0.,0.));
#2414 = PLANE('',#2415);
#2415 = AXIS2_PLACEMENT_3D('',#2416,#2417,#2418);
#2416 = CARTESIAN_POINT('',(-12.48077478737,-30.14070860597,-0.5));
#2417 = DIRECTION('',(0.,0.,1.));
#2418 = DIRECTION('',(0.923879532511,-0.382683432365,0.));
#2419 = ADVANCED_FACE('',(#2420),#2440,.F.);
#2420 = FACE_BOUND('',#2421,.F.);
#2421 = EDGE_LOOP('',(#2422,#2430,#2438,#2439));
#2422 = ORIENTED_EDGE('',*,*,#2423,.F.);
#2423 = EDGE_CURVE('',#2424,#465,#2426,.T.);
#2424 = VERTEX_POINT('',#2425);
#2425 = CARTESIAN_POINT('',(-11.58631134515,-29.94112728004,-6.));
#2426 = LINE('',#2427,#2428);
#2427 = CARTESIAN_POINT('',(-11.50085256371,-29.73481153086,-6.));
#2428 = VECTOR('',#2429,1.);
#2429 = DIRECTION('',(-0.382683432365,-0.923879532511,0.));
#2430 = ORIENTED_EDGE('',*,*,#2431,.T.);
#2431 = EDGE_CURVE('',#2424,#2401,#2432,.T.);
#2432 = B_SPLINE_CURVE_WITH_KNOTS('',4,(#2433,#2434,#2435,#2436,#2437),
  .UNSPECIFIED.,.F.,.F.,(5,5),(0.,1.),.PIECEWISE_BEZIER_KNOTS.);
#2433 = CARTESIAN_POINT('',(-11.58631134515,-29.94112728004,
    -5.99999999984));
#2434 = CARTESIAN_POINT('',(-11.57628893728,-29.91693104703,
    -4.499999999663));
#2435 = CARTESIAN_POINT('',(-11.56626652341,-29.89273479952,
    -2.999999999754));
#2436 = CARTESIAN_POINT('',(-11.55624410349,-29.86853853743,
    -1.499999999843));
#2437 = CARTESIAN_POINT('',(-11.54622167751,-29.8443422607,-8.000001E-11
    ));
#2438 = ORIENTED_EDGE('',*,*,#2400,.T.);
#2439 = ORIENTED_EDGE('',*,*,#473,.F.);
#2440 = PLANE('',#2441);
#2441 = AXIS2_PLACEMENT_3D('',#2442,#2443,#2444);
#2442 = CARTESIAN_POINT('',(-11.50085256371,-29.73481153086,-6.));
#2443 = DIRECTION('',(0.923879532511,-0.382683432365,0.));
#2444 = DIRECTION('',(-0.382683432365,-0.923879532511,0.));
#2445 = ADVANCED_FACE('',(#2446),#2465,.F.);
#2446 = FACE_BOUND('',#2447,.F.);
#2447 = EDGE_LOOP('',(#2448,#2449,#2450,#2458));
#2448 = ORIENTED_EDGE('',*,*,#2423,.T.);
#2449 = ORIENTED_EDGE('',*,*,#464,.T.);
#2450 = ORIENTED_EDGE('',*,*,#2451,.T.);
#2451 = EDGE_CURVE('',#455,#2452,#2454,.T.);
#2452 = VERTEX_POINT('',#2453);
#2453 = CARTESIAN_POINT('',(-0.746382552689,-32.09605312919,-6.));
#2454 = LINE('',#2455,#2456);
#2455 = CARTESIAN_POINT('',(-0.746382552688,-33.37256951065,-6.));
#2456 = VECTOR('',#2457,1.);
#2457 = DIRECTION('',(0.,1.,0.));
#2458 = ORIENTED_EDGE('',*,*,#2459,.F.);
#2459 = EDGE_CURVE('',#2424,#2452,#2460,.T.);
#2460 = CIRCLE('',#2461,32.104730389569);
#2461 = AXIS2_PLACEMENT_3D('',#2462,#2463,#2464);
#2462 = CARTESIAN_POINT('',(0.,0.,-6.));
#2463 = DIRECTION('',(0.,0.,1.));
#2464 = DIRECTION('',(1.,0.,0.));
#2465 = PLANE('',#2466);
#2466 = AXIS2_PLACEMENT_3D('',#2467,#2468,#2469);
#2467 = CARTESIAN_POINT('',(0.,0.,-6.));
#2468 = DIRECTION('',(0.,0.,1.));
#2469 = DIRECTION('',(1.,0.,0.));
#2470 = ADVANCED_FACE('',(#2471),#2491,.F.);
#2471 = FACE_BOUND('',#2472,.F.);
#2472 = EDGE_LOOP('',(#2473,#2474,#2475,#2483));
#2473 = ORIENTED_EDGE('',*,*,#2451,.F.);
#2474 = ORIENTED_EDGE('',*,*,#454,.F.);
#2475 = ORIENTED_EDGE('',*,*,#2476,.T.);
#2476 = EDGE_CURVE('',#446,#2477,#2479,.T.);
#2477 = VERTEX_POINT('',#2478);
#2478 = CARTESIAN_POINT('',(-0.746382552688,-32.00002423956,-0.5));
#2479 = LINE('',#2480,#2481);
#2480 = CARTESIAN_POINT('',(-0.746382552688,-33.37256951065,-0.5));
#2481 = VECTOR('',#2482,1.);
#2482 = DIRECTION('',(0.,1.,0.));
#2483 = ORIENTED_EDGE('',*,*,#2484,.T.);
#2484 = EDGE_CURVE('',#2477,#2452,#2485,.T.);
#2485 = B_SPLINE_CURVE_WITH_KNOTS('',4,(#2486,#2487,#2488,#2489,#2490),
  .UNSPECIFIED.,.F.,.F.,(5,5),(0.,1.),.PIECEWISE_BEZIER_KNOTS.);
#2486 = CARTESIAN_POINT('',(-0.746382552688,-31.99129433275,
    -8.000001E-11));
#2487 = CARTESIAN_POINT('',(-0.746382552688,-32.01748405511,
    -1.499999999847));
#2488 = CARTESIAN_POINT('',(-0.746382552688,-32.04367376192,
    -2.999999999759));
#2489 = CARTESIAN_POINT('',(-0.746382552688,-32.06986345325,
    -4.499999999667));
#2490 = CARTESIAN_POINT('',(-0.746382552688,-32.09605312919,
    -5.99999999984));
#2491 = PLANE('',#2492);
#2492 = AXIS2_PLACEMENT_3D('',#2493,#2494,#2495);
#2493 = CARTESIAN_POINT('',(-0.746382552688,-33.37256951065,-6.));
#2494 = DIRECTION('',(-1.,0.,0.));
#2495 = DIRECTION('',(0.,1.,0.));
#2496 = ADVANCED_FACE('',(#2497),#2516,.F.);
#2497 = FACE_BOUND('',#2498,.F.);
#2498 = EDGE_LOOP('',(#2499,#2500,#2501,#2509));
#2499 = ORIENTED_EDGE('',*,*,#2476,.F.);
#2500 = ORIENTED_EDGE('',*,*,#445,.F.);
#2501 = ORIENTED_EDGE('',*,*,#2502,.F.);
#2502 = EDGE_CURVE('',#2503,#436,#2505,.T.);
#2503 = VERTEX_POINT('',#2504);
#2504 = CARTESIAN_POINT('',(0.753617447312,-31.99985467139,-0.5));
#2505 = LINE('',#2506,#2507);
#2506 = CARTESIAN_POINT('',(0.753617447312,-31.87256951065,-0.5));
#2507 = VECTOR('',#2508,1.);
#2508 = DIRECTION('',(0.,-1.,0.));
#2509 = ORIENTED_EDGE('',*,*,#2510,.T.);
#2510 = EDGE_CURVE('',#2503,#2477,#2511,.T.);
#2511 = CIRCLE('',#2512,32.008727532464);
#2512 = AXIS2_PLACEMENT_3D('',#2513,#2514,#2515);
#2513 = CARTESIAN_POINT('',(0.,0.,-0.5));
#2514 = DIRECTION('',(0.,0.,-1.));
#2515 = DIRECTION('',(1.,0.,0.));
#2516 = PLANE('',#2517);
#2517 = AXIS2_PLACEMENT_3D('',#2518,#2519,#2520);
#2518 = CARTESIAN_POINT('',(3.617447312049E-03,-32.62256951065,-0.5));
#2519 = DIRECTION('',(0.,0.,1.));
#2520 = DIRECTION('',(1.,0.,0.));
#2521 = ADVANCED_FACE('',(#2522),#2542,.F.);
#2522 = FACE_BOUND('',#2523,.F.);
#2523 = EDGE_LOOP('',(#2524,#2532,#2540,#2541));
#2524 = ORIENTED_EDGE('',*,*,#2525,.F.);
#2525 = EDGE_CURVE('',#2526,#427,#2528,.T.);
#2526 = VERTEX_POINT('',#2527);
#2527 = CARTESIAN_POINT('',(0.753617447312,-32.09588406836,-6.));
#2528 = LINE('',#2529,#2530);
#2529 = CARTESIAN_POINT('',(0.753617447312,-31.87256951065,-6.));
#2530 = VECTOR('',#2531,1.);
#2531 = DIRECTION('',(0.,-1.,0.));
#2532 = ORIENTED_EDGE('',*,*,#2533,.T.);
#2533 = EDGE_CURVE('',#2526,#2503,#2534,.T.);
#2534 = B_SPLINE_CURVE_WITH_KNOTS('',4,(#2535,#2536,#2537,#2538,#2539),
  .UNSPECIFIED.,.F.,.F.,(5,5),(0.,1.),.PIECEWISE_BEZIER_KNOTS.);
#2535 = CARTESIAN_POINT('',(0.753617447312,-32.09588406836,
    -5.99999999984));
#2536 = CARTESIAN_POINT('',(0.753617447312,-32.06969425447,
    -4.499999999663));
#2537 = CARTESIAN_POINT('',(0.753617447312,-32.04350442489,
    -2.999999999754));
#2538 = CARTESIAN_POINT('',(0.753617447312,-32.01731457953,
    -1.499999999843));
#2539 = CARTESIAN_POINT('',(0.753617447312,-31.99112471832,-8.000001E-11
    ));
#2540 = ORIENTED_EDGE('',*,*,#2502,.T.);
#2541 = ORIENTED_EDGE('',*,*,#435,.F.);
#2542 = PLANE('',#2543);
#2543 = AXIS2_PLACEMENT_3D('',#2544,#2545,#2546);
#2544 = CARTESIAN_POINT('',(0.753617447312,-31.87256951065,-6.));
#2545 = DIRECTION('',(1.,0.,0.));
#2546 = DIRECTION('',(0.,-1.,0.));
#2547 = ADVANCED_FACE('',(#2548),#2567,.F.);
#2548 = FACE_BOUND('',#2549,.F.);
#2549 = EDGE_LOOP('',(#2550,#2551,#2552,#2560));
#2550 = ORIENTED_EDGE('',*,*,#2525,.T.);
#2551 = ORIENTED_EDGE('',*,*,#426,.T.);
#2552 = ORIENTED_EDGE('',*,*,#2553,.T.);
#2553 = EDGE_CURVE('',#417,#2554,#2556,.T.);
#2554 = VERTEX_POINT('',#2555);
#2555 = CARTESIAN_POINT('',(11.593060213,-29.93851479757,-6.));
#2556 = LINE('',#2557,#2558);
#2557 = CARTESIAN_POINT('',(12.081561883328,-31.11786215532,-6.));
#2558 = VECTOR('',#2559,1.);
#2559 = DIRECTION('',(-0.382683432365,0.923879532511,0.));
#2560 = ORIENTED_EDGE('',*,*,#2561,.F.);
#2561 = EDGE_CURVE('',#2526,#2554,#2562,.T.);
#2562 = CIRCLE('',#2563,32.104730389569);
#2563 = AXIS2_PLACEMENT_3D('',#2564,#2565,#2566);
#2564 = CARTESIAN_POINT('',(0.,0.,-6.));
#2565 = DIRECTION('',(0.,0.,1.));
#2566 = DIRECTION('',(1.,0.,0.));
#2567 = PLANE('',#2568);
#2568 = AXIS2_PLACEMENT_3D('',#2569,#2570,#2571);
#2569 = CARTESIAN_POINT('',(0.,0.,-6.));
#2570 = DIRECTION('',(0.,0.,1.));
#2571 = DIRECTION('',(1.,0.,0.));
#2572 = ADVANCED_FACE('',(#2573),#2593,.F.);
#2573 = FACE_BOUND('',#2574,.F.);
#2574 = EDGE_LOOP('',(#2575,#2576,#2577,#2585));
#2575 = ORIENTED_EDGE('',*,*,#2553,.F.);
#2576 = ORIENTED_EDGE('',*,*,#416,.F.);
#2577 = ORIENTED_EDGE('',*,*,#2578,.T.);
#2578 = EDGE_CURVE('',#408,#2579,#2581,.T.);
#2579 = VERTEX_POINT('',#2580);
#2580 = CARTESIAN_POINT('',(11.55631154791,-29.84979567191,-0.5));
#2581 = LINE('',#2582,#2583);
#2582 = CARTESIAN_POINT('',(12.081561883328,-31.11786215532,-0.5));
#2583 = VECTOR('',#2584,1.);
#2584 = DIRECTION('',(-0.382683432365,0.923879532511,0.));
#2585 = ORIENTED_EDGE('',*,*,#2586,.T.);
#2586 = EDGE_CURVE('',#2579,#2554,#2587,.T.);
#2587 = B_SPLINE_CURVE_WITH_KNOTS('',4,(#2588,#2589,#2590,#2591,#2592),
  .UNSPECIFIED.,.F.,.F.,(5,5),(0.,1.),.PIECEWISE_BEZIER_KNOTS.);
#2588 = CARTESIAN_POINT('',(11.55297075721,-29.84173028969,-8.000001E-11
    ));
#2589 = CARTESIAN_POINT('',(11.562993130054,-29.86592643814,
    -1.499999999847));
#2590 = CARTESIAN_POINT('',(11.573015496948,-29.89012257222,
    -2.999999999759));
#2591 = CARTESIAN_POINT('',(11.583037857919,-29.91431869201,
    -4.499999999667));
#2592 = CARTESIAN_POINT('',(11.593060212999,-29.93851479757,
    -5.99999999984));
#2593 = PLANE('',#2594);
#2594 = AXIS2_PLACEMENT_3D('',#2595,#2596,#2597);
#2595 = CARTESIAN_POINT('',(12.081561883328,-31.11786215532,-6.));
#2596 = DIRECTION('',(-0.923879532511,-0.382683432365,0.));
#2597 = DIRECTION('',(-0.382683432365,0.923879532511,0.));
#2598 = ADVANCED_FACE('',(#2599),#2618,.F.);
#2599 = FACE_BOUND('',#2600,.F.);
#2600 = EDGE_LOOP('',(#2601,#2602,#2603,#2611));
#2601 = ORIENTED_EDGE('',*,*,#2578,.F.);
#2602 = ORIENTED_EDGE('',*,*,#407,.F.);
#2603 = ORIENTED_EDGE('',*,*,#2604,.F.);
#2604 = EDGE_CURVE('',#2605,#398,#2607,.T.);
#2605 = VERTEX_POINT('',#2606);
#2606 = CARTESIAN_POINT('',(12.94206595575,-29.27561386281,-0.5));
#2607 = LINE('',#2608,#2609);
#2608 = CARTESIAN_POINT('',(12.893356033548,-29.15801770801,-0.5));
#2609 = VECTOR('',#2610,1.);
#2610 = DIRECTION('',(0.382683432365,-0.923879532511,0.));
#2611 = ORIENTED_EDGE('',*,*,#2612,.T.);
#2612 = EDGE_CURVE('',#2605,#2579,#2613,.T.);
#2613 = CIRCLE('',#2614,32.008727532464);
#2614 = AXIS2_PLACEMENT_3D('',#2615,#2616,#2617);
#2615 = CARTESIAN_POINT('',(0.,0.,-0.5));
#2616 = DIRECTION('',(0.,0.,-1.));
#2617 = DIRECTION('',(1.,0.,0.));
#2618 = PLANE('',#2619);
#2619 = AXIS2_PLACEMENT_3D('',#2620,#2621,#2622);
#2620 = CARTESIAN_POINT('',(12.487458958438,-30.13793993166,-0.5));
#2621 = DIRECTION('',(0.,0.,1.));
#2622 = DIRECTION('',(0.923879532511,0.382683432365,0.));
#2623 = ADVANCED_FACE('',(#2624),#2644,.F.);
#2624 = FACE_BOUND('',#2625,.F.);
#2625 = EDGE_LOOP('',(#2626,#2634,#2642,#2643));
#2626 = ORIENTED_EDGE('',*,*,#2627,.F.);
#2627 = EDGE_CURVE('',#2628,#389,#2630,.T.);
#2628 = VERTEX_POINT('',#2629);
#2629 = CARTESIAN_POINT('',(12.978814814989,-29.36433345719,-6.));
#2630 = LINE('',#2631,#2632);
#2631 = CARTESIAN_POINT('',(12.893356033548,-29.15801770801,-6.));
#2632 = VECTOR('',#2633,1.);
#2633 = DIRECTION('',(0.382683432365,-0.923879532511,0.));
#2634 = ORIENTED_EDGE('',*,*,#2635,.T.);
#2635 = EDGE_CURVE('',#2628,#2605,#2636,.T.);
#2636 = B_SPLINE_CURVE_WITH_KNOTS('',4,(#2637,#2638,#2639,#2640,#2641),
  .UNSPECIFIED.,.F.,.F.,(5,5),(0.,1.),.PIECEWISE_BEZIER_KNOTS.);
#2637 = CARTESIAN_POINT('',(12.978814814989,-29.36433345718,
    -5.99999999984));
#2638 = CARTESIAN_POINT('',(12.968792407117,-29.34013722417,
    -4.499999999663));
#2639 = CARTESIAN_POINT('',(12.95876999324,-29.31594097666,
    -2.999999999754));
#2640 = CARTESIAN_POINT('',(12.948747573324,-29.29174471458,
    -1.499999999843));
#2641 = CARTESIAN_POINT('',(12.938725147342,-29.26754843784,
    -8.000001E-11));
#2642 = ORIENTED_EDGE('',*,*,#2604,.T.);
#2643 = ORIENTED_EDGE('',*,*,#397,.F.);
#2644 = PLANE('',#2645);
#2645 = AXIS2_PLACEMENT_3D('',#2646,#2647,#2648);
#2646 = CARTESIAN_POINT('',(12.893356033548,-29.15801770801,-6.));
#2647 = DIRECTION('',(0.923879532511,0.382683432365,0.));
#2648 = DIRECTION('',(0.382683432365,-0.923879532511,0.));
#2649 = ADVANCED_FACE('',(#2650),#2669,.F.);
#2650 = FACE_BOUND('',#2651,.F.);
#2651 = EDGE_LOOP('',(#2652,#2653,#2654,#2662));
#2652 = ORIENTED_EDGE('',*,*,#2627,.T.);
#2653 = ORIENTED_EDGE('',*,*,#388,.T.);
#2654 = ORIENTED_EDGE('',*,*,#2655,.T.);
#2655 = EDGE_CURVE('',#379,#2656,#2658,.T.);
#2656 = VERTEX_POINT('',#2657);
#2657 = CARTESIAN_POINT('',(22.167564652611,-23.22310898134,-6.));
#2658 = LINE('',#2659,#2660);
#2659 = CARTESIAN_POINT('',(23.070198042239,-24.12574237096,-6.));
#2660 = VECTOR('',#2661,1.);
#2661 = DIRECTION('',(-0.707106781187,0.707106781187,0.));
#2662 = ORIENTED_EDGE('',*,*,#2663,.F.);
#2663 = EDGE_CURVE('',#2628,#2656,#2664,.T.);
#2664 = CIRCLE('',#2665,32.104730389569);
#2665 = AXIS2_PLACEMENT_3D('',#2666,#2667,#2668);
#2666 = CARTESIAN_POINT('',(0.,0.,-6.));
#2667 = DIRECTION('',(0.,0.,1.));
#2668 = DIRECTION('',(1.,0.,0.));
#2669 = PLANE('',#2670);
#2670 = AXIS2_PLACEMENT_3D('',#2671,#2672,#2673);
#2671 = CARTESIAN_POINT('',(0.,0.,-6.));
#2672 = DIRECTION('',(0.,0.,1.));
#2673 = DIRECTION('',(1.,0.,0.));
#2674 = ADVANCED_FACE('',(#2675),#2695,.F.);
#2675 = FACE_BOUND('',#2676,.F.);
#2676 = EDGE_LOOP('',(#2677,#2678,#2679,#2687));
#2677 = ORIENTED_EDGE('',*,*,#2655,.F.);
#2678 = ORIENTED_EDGE('',*,*,#378,.F.);
#2679 = ORIENTED_EDGE('',*,*,#2680,.T.);
#2680 = EDGE_CURVE('',#370,#2681,#2683,.T.);
#2681 = VERTEX_POINT('',#2682);
#2682 = CARTESIAN_POINT('',(22.099661973563,-23.15520630229,-0.5));
#2683 = LINE('',#2684,#2685);
#2684 = CARTESIAN_POINT('',(23.070198042239,-24.12574237096,-0.5));
#2685 = VECTOR('',#2686,1.);
#2686 = DIRECTION('',(-0.707106781187,0.707106781187,0.));
#2687 = ORIENTED_EDGE('',*,*,#2688,.T.);
#2688 = EDGE_CURVE('',#2681,#2656,#2689,.T.);
#2689 = B_SPLINE_CURVE_WITH_KNOTS('',4,(#2690,#2691,#2692,#2693,#2694),
  .UNSPECIFIED.,.F.,.F.,(5,5),(0.,1.),.PIECEWISE_BEZIER_KNOTS.);
#2690 = CARTESIAN_POINT('',(22.093488997263,-23.14903332599,
    -8.000001E-11));
#2691 = CARTESIAN_POINT('',(22.112007927539,-23.16755225626,
    -1.499999999847));
#2692 = CARTESIAN_POINT('',(22.13052684682,-23.18607117555,
    -2.999999999759));
#2693 = CARTESIAN_POINT('',(22.149045755158,-23.20459008388,
    -4.499999999667));
#2694 = CARTESIAN_POINT('',(22.167564652609,-23.22310898133,
    -5.99999999984));
#2695 = PLANE('',#2696);
#2696 = AXIS2_PLACEMENT_3D('',#2697,#2698,#2699);
#2697 = CARTESIAN_POINT('',(23.070198042239,-24.12574237096,-6.));
#2698 = DIRECTION('',(-0.707106781187,-0.707106781187,0.));
#2699 = DIRECTION('',(-0.707106781187,0.707106781187,0.));
#2700 = ADVANCED_FACE('',(#2701),#2720,.F.);
#2701 = FACE_BOUND('',#2702,.F.);
#2702 = EDGE_LOOP('',(#2703,#2704,#2705,#2713));
#2703 = ORIENTED_EDGE('',*,*,#2680,.F.);
#2704 = ORIENTED_EDGE('',*,*,#369,.F.);
#2705 = ORIENTED_EDGE('',*,*,#2706,.F.);
#2706 = EDGE_CURVE('',#2707,#360,#2709,.T.);
#2707 = VERTEX_POINT('',#2708);
#2708 = CARTESIAN_POINT('',(23.160202242545,-22.09442622771,-0.5));
#2709 = LINE('',#2710,#2711);
#2710 = CARTESIAN_POINT('',(23.070198042239,-22.0044220274,-0.5));
#2711 = VECTOR('',#2712,1.);
#2712 = DIRECTION('',(0.707106781187,-0.707106781187,0.));
#2713 = ORIENTED_EDGE('',*,*,#2714,.T.);
#2714 = EDGE_CURVE('',#2707,#2681,#2715,.T.);
#2715 = CIRCLE('',#2716,32.008727532464);
#2716 = AXIS2_PLACEMENT_3D('',#2717,#2718,#2719);
#2717 = CARTESIAN_POINT('',(0.,0.,-0.5));
#2718 = DIRECTION('',(0.,0.,-1.));
#2719 = DIRECTION('',(1.,0.,0.));
#2720 = PLANE('',#2721);
#2721 = AXIS2_PLACEMENT_3D('',#2722,#2723,#2724);
#2722 = CARTESIAN_POINT('',(23.070198042239,-23.06508219918,-0.5));
#2723 = DIRECTION('',(0.,0.,1.));
#2724 = DIRECTION('',(0.707106781187,0.707106781187,0.));
#2725 = ADVANCED_FACE('',(#2726),#2746,.F.);
#2726 = FACE_BOUND('',#2727,.F.);
#2727 = EDGE_LOOP('',(#2728,#2736,#2744,#2745));
#2728 = ORIENTED_EDGE('',*,*,#2729,.F.);
#2729 = EDGE_CURVE('',#2730,#351,#2732,.T.);
#2730 = VERTEX_POINT('',#2731);
#2731 = CARTESIAN_POINT('',(23.228105280334,-22.1623292655,-6.));
#2732 = LINE('',#2733,#2734);
#2733 = CARTESIAN_POINT('',(23.070198042239,-22.0044220274,-6.));
#2734 = VECTOR('',#2735,1.);
#2735 = DIRECTION('',(0.707106781187,-0.707106781187,0.));
#2736 = ORIENTED_EDGE('',*,*,#2737,.T.);
#2737 = EDGE_CURVE('',#2730,#2707,#2738,.T.);
#2738 = B_SPLINE_CURVE_WITH_KNOTS('',4,(#2739,#2740,#2741,#2742,#2743),
  .UNSPECIFIED.,.F.,.F.,(5,5),(0.,1.),.PIECEWISE_BEZIER_KNOTS.);
#2739 = CARTESIAN_POINT('',(23.228105280332,-22.1623292655,
    -5.99999999984));
#2740 = CARTESIAN_POINT('',(23.209586285335,-22.1438102705,
    -4.499999999663));
#2741 = CARTESIAN_POINT('',(23.191067279239,-22.1252912644,
    -2.999999999754));
#2742 = CARTESIAN_POINT('',(23.172548261987,-22.10677224715,
    -1.499999999843));
#2743 = CARTESIAN_POINT('',(23.154029233525,-22.08825321869,
    -8.000001E-11));
#2744 = ORIENTED_EDGE('',*,*,#2706,.T.);
#2745 = ORIENTED_EDGE('',*,*,#359,.F.);
#2746 = PLANE('',#2747);
#2747 = AXIS2_PLACEMENT_3D('',#2748,#2749,#2750);
#2748 = CARTESIAN_POINT('',(23.070198042239,-22.0044220274,-6.));
#2749 = DIRECTION('',(0.707106781187,0.707106781187,0.));
#2750 = DIRECTION('',(0.707106781187,-0.707106781187,0.));
#2751 = ADVANCED_FACE('',(#2752),#2771,.F.);
#2752 = FACE_BOUND('',#2753,.F.);
#2753 = EDGE_LOOP('',(#2754,#2755,#2756,#2764));
#2754 = ORIENTED_EDGE('',*,*,#2729,.T.);
#2755 = ORIENTED_EDGE('',*,*,#350,.T.);
#2756 = ORIENTED_EDGE('',*,*,#2757,.T.);
#2757 = EDGE_CURVE('',#341,#2758,#2760,.T.);
#2758 = VERTEX_POINT('',#2759);
#2759 = CARTESIAN_POINT('',(29.367258323336,-12.9721953407,-6.));
#2760 = LINE('',#2761,#2762);
#2761 = CARTESIAN_POINT('',(30.546605681085,-13.46069701103,-6.));
#2762 = VECTOR('',#2763,1.);
#2763 = DIRECTION('',(-0.923879532511,0.382683432365,0.));
#2764 = ORIENTED_EDGE('',*,*,#2765,.F.);
#2765 = EDGE_CURVE('',#2730,#2758,#2766,.T.);
#2766 = CIRCLE('',#2767,32.104730389569);
#2767 = AXIS2_PLACEMENT_3D('',#2768,#2769,#2770);
#2768 = CARTESIAN_POINT('',(0.,0.,-6.));
#2769 = DIRECTION('',(0.,0.,1.));
#2770 = DIRECTION('',(1.,0.,0.));
#2771 = PLANE('',#2772);
#2772 = AXIS2_PLACEMENT_3D('',#2773,#2774,#2775);
#2773 = CARTESIAN_POINT('',(0.,0.,-6.));
#2774 = DIRECTION('',(0.,0.,1.));
#2775 = DIRECTION('',(1.,0.,0.));
#2776 = ADVANCED_FACE('',(#2777),#2797,.F.);
#2777 = FACE_BOUND('',#2778,.F.);
#2778 = EDGE_LOOP('',(#2779,#2780,#2781,#2789));
#2779 = ORIENTED_EDGE('',*,*,#2757,.F.);
#2780 = ORIENTED_EDGE('',*,*,#340,.F.);
#2781 = ORIENTED_EDGE('',*,*,#2782,.T.);
#2782 = EDGE_CURVE('',#332,#2783,#2785,.T.);
#2783 = VERTEX_POINT('',#2784);
#2784 = CARTESIAN_POINT('',(29.278539197677,-12.93544667561,-0.5));
#2785 = LINE('',#2786,#2787);
#2786 = CARTESIAN_POINT('',(30.546605681085,-13.46069701103,-0.5));
#2787 = VECTOR('',#2788,1.);
#2788 = DIRECTION('',(-0.923879532511,0.382683432365,0.));
#2789 = ORIENTED_EDGE('',*,*,#2790,.T.);
#2790 = EDGE_CURVE('',#2783,#2758,#2791,.T.);
#2791 = B_SPLINE_CURVE_WITH_KNOTS('',4,(#2792,#2793,#2794,#2795,#2796),
  .UNSPECIFIED.,.F.,.F.,(5,5),(0.,1.),.PIECEWISE_BEZIER_KNOTS.);
#2792 = CARTESIAN_POINT('',(29.270473815459,-12.93210588491,
    -8.000001E-11));
#2793 = CARTESIAN_POINT('',(29.294669963907,-12.94212825775,
    -1.499999999847));
#2794 = CARTESIAN_POINT('',(29.318866097989,-12.95215062465,
    -2.999999999759));
#2795 = CARTESIAN_POINT('',(29.343062217773,-12.96217298562,
    -4.499999999667));
#2796 = CARTESIAN_POINT('',(29.367258323334,-12.9721953407,
    -5.99999999984));
#2797 = PLANE('',#2798);
#2798 = AXIS2_PLACEMENT_3D('',#2799,#2800,#2801);
#2799 = CARTESIAN_POINT('',(30.546605681085,-13.46069701103,-6.));
#2800 = DIRECTION('',(-0.382683432365,-0.923879532511,0.));
#2801 = DIRECTION('',(-0.923879532511,0.382683432365,0.));
#2802 = ADVANCED_FACE('',(#2803),#2822,.F.);
#2803 = FACE_BOUND('',#2804,.F.);
#2804 = EDGE_LOOP('',(#2805,#2806,#2807,#2815));
#2805 = ORIENTED_EDGE('',*,*,#2782,.F.);
#2806 = ORIENTED_EDGE('',*,*,#331,.F.);
#2807 = ORIENTED_EDGE('',*,*,#2808,.F.);
#2808 = EDGE_CURVE('',#2809,#322,#2811,.T.);
#2809 = VERTEX_POINT('',#2810);
#2810 = CARTESIAN_POINT('',(29.852407685668,-11.54956248592,-0.5));
#2811 = LINE('',#2812,#2813);
#2812 = CARTESIAN_POINT('',(29.734811530866,-11.50085256371,-0.5));
#2813 = VECTOR('',#2814,1.);
#2814 = DIRECTION('',(0.923879532511,-0.382683432365,0.));
#2815 = ORIENTED_EDGE('',*,*,#2816,.T.);
#2816 = EDGE_CURVE('',#2809,#2783,#2817,.T.);
#2817 = CIRCLE('',#2818,32.008727532464);
#2818 = AXIS2_PLACEMENT_3D('',#2819,#2820,#2821);
#2819 = CARTESIAN_POINT('',(0.,0.,-0.5));
#2820 = DIRECTION('',(0.,0.,-1.));
#2821 = DIRECTION('',(1.,0.,0.));
#2822 = PLANE('',#2823);
#2823 = AXIS2_PLACEMENT_3D('',#2824,#2825,#2826);
#2824 = CARTESIAN_POINT('',(30.140708605975,-12.48077478737,-0.5));
#2825 = DIRECTION('',(0.,0.,1.));
#2826 = DIRECTION('',(0.382683432365,0.923879532511,0.));
#2827 = ADVANCED_FACE('',(#2828),#2848,.F.);
#2828 = FACE_BOUND('',#2829,.F.);
#2829 = EDGE_LOOP('',(#2830,#2838,#2846,#2847));
#2830 = ORIENTED_EDGE('',*,*,#2831,.F.);
#2831 = EDGE_CURVE('',#2832,#313,#2834,.T.);
#2832 = VERTEX_POINT('',#2833);
#2833 = CARTESIAN_POINT('',(29.941127280047,-11.58631134515,-6.));
#2834 = LINE('',#2835,#2836);
#2835 = CARTESIAN_POINT('',(29.734811530866,-11.50085256371,-6.));
#2836 = VECTOR('',#2837,1.);
#2837 = DIRECTION('',(0.923879532511,-0.382683432365,0.));
#2838 = ORIENTED_EDGE('',*,*,#2839,.T.);
#2839 = EDGE_CURVE('',#2832,#2809,#2840,.T.);
#2840 = B_SPLINE_CURVE_WITH_KNOTS('',4,(#2841,#2842,#2843,#2844,#2845),
  .UNSPECIFIED.,.F.,.F.,(5,5),(0.,1.),.PIECEWISE_BEZIER_KNOTS.);
#2841 = CARTESIAN_POINT('',(29.941127280044,-11.58631134515,
    -5.99999999984));
#2842 = CARTESIAN_POINT('',(29.916931047034,-11.57628893728,
    -4.499999999663));
#2843 = CARTESIAN_POINT('',(29.892734799523,-11.56626652341,
    -2.999999999754));
#2844 = CARTESIAN_POINT('',(29.868538537435,-11.55624410349,
    -1.499999999843));
#2845 = CARTESIAN_POINT('',(29.844342260701,-11.54622167751,
    -8.000001E-11));
#2846 = ORIENTED_EDGE('',*,*,#2808,.T.);
#2847 = ORIENTED_EDGE('',*,*,#321,.F.);
#2848 = PLANE('',#2849);
#2849 = AXIS2_PLACEMENT_3D('',#2850,#2851,#2852);
#2850 = CARTESIAN_POINT('',(29.734811530866,-11.50085256371,-6.));
#2851 = DIRECTION('',(0.382683432365,0.923879532511,0.));
#2852 = DIRECTION('',(0.923879532511,-0.382683432365,0.));
#2853 = ADVANCED_FACE('',(#2854),#2873,.F.);
#2854 = FACE_BOUND('',#2855,.F.);
#2855 = EDGE_LOOP('',(#2856,#2857,#2858,#2866));
#2856 = ORIENTED_EDGE('',*,*,#2831,.T.);
#2857 = ORIENTED_EDGE('',*,*,#312,.T.);
#2858 = ORIENTED_EDGE('',*,*,#2859,.T.);
#2859 = EDGE_CURVE('',#303,#2860,#2862,.T.);
#2860 = VERTEX_POINT('',#2861);
#2861 = CARTESIAN_POINT('',(32.096053129193,-0.746382552688,-6.));
#2862 = LINE('',#2863,#2864);
#2863 = CARTESIAN_POINT('',(33.372569510656,-0.746382552688,-6.));
#2864 = VECTOR('',#2865,1.);
#2865 = DIRECTION('',(-1.,0.,0.));
#2866 = ORIENTED_EDGE('',*,*,#2867,.F.);
#2867 = EDGE_CURVE('',#2832,#2860,#2868,.T.);
#2868 = CIRCLE('',#2869,32.104730389569);
#2869 = AXIS2_PLACEMENT_3D('',#2870,#2871,#2872);
#2870 = CARTESIAN_POINT('',(0.,0.,-6.));
#2871 = DIRECTION('',(0.,0.,1.));
#2872 = DIRECTION('',(1.,0.,0.));
#2873 = PLANE('',#2874);
#2874 = AXIS2_PLACEMENT_3D('',#2875,#2876,#2877);
#2875 = CARTESIAN_POINT('',(0.,0.,-6.));
#2876 = DIRECTION('',(0.,0.,1.));
#2877 = DIRECTION('',(1.,0.,0.));
#2878 = ADVANCED_FACE('',(#2879),#2892,.F.);
#2879 = FACE_BOUND('',#2880,.F.);
#2880 = EDGE_LOOP('',(#2881,#2882,#2883,#2884));
#2881 = ORIENTED_EDGE('',*,*,#2859,.F.);
#2882 = ORIENTED_EDGE('',*,*,#302,.F.);
#2883 = ORIENTED_EDGE('',*,*,#1259,.T.);
#2884 = ORIENTED_EDGE('',*,*,#2885,.T.);
#2885 = EDGE_CURVE('',#1260,#2860,#2886,.T.);
#2886 = B_SPLINE_CURVE_WITH_KNOTS('',4,(#2887,#2888,#2889,#2890,#2891),
  .UNSPECIFIED.,.F.,.F.,(5,5),(0.,1.),.PIECEWISE_BEZIER_KNOTS.);
#2887 = CARTESIAN_POINT('',(31.991294332758,-0.746382552688,
    -8.000001E-11));
#2888 = CARTESIAN_POINT('',(32.017484055115,-0.746382552688,
    -1.499999999847));
#2889 = CARTESIAN_POINT('',(32.043673761923,-0.746382552688,
    -2.999999999759));
#2890 = CARTESIAN_POINT('',(32.069863453254,-0.746382552688,
    -4.499999999667));
#2891 = CARTESIAN_POINT('',(32.09605312919,-0.746382552688,
    -5.99999999984));
#2892 = PLANE('',#2893);
#2893 = AXIS2_PLACEMENT_3D('',#2894,#2895,#2896);
#2894 = CARTESIAN_POINT('',(33.372569510656,-0.746382552688,-6.));
#2895 = DIRECTION('',(0.,-1.,0.));
#2896 = DIRECTION('',(-1.,0.,0.));
#2897 = ADVANCED_FACE('',(#2898,#2909),#2925,.F.);
#2898 = FACE_BOUND('',#2899,.F.);
#2899 = EDGE_LOOP('',(#2900));
#2900 = ORIENTED_EDGE('',*,*,#2901,.T.);
#2901 = EDGE_CURVE('',#2902,#2902,#2904,.T.);
#2902 = VERTEX_POINT('',#2903);
#2903 = CARTESIAN_POINT('',(32.,0.,0.));
#2904 = CIRCLE('',#2905,32.);
#2905 = AXIS2_PLACEMENT_3D('',#2906,#2907,#2908);
#2906 = CARTESIAN_POINT('',(0.,0.,0.));
#2907 = DIRECTION('',(0.,0.,1.));
#2908 = DIRECTION('',(1.,0.,0.));
#2909 = FACE_BOUND('',#2910,.F.);
#2910 = EDGE_LOOP('',(#2911,#2912,#2913,#2914,#2915,#2916,#2917,#2918,
    #2919,#2920,#2921,#2922,#2923,#2924));
#2911 = ORIENTED_EDGE('',*,*,#926,.F.);
#2912 = ORIENTED_EDGE('',*,*,#1244,.F.);
#2913 = ORIENTED_EDGE('',*,*,#1220,.T.);
#2914 = ORIENTED_EDGE('',*,*,#1195,.F.);
#2915 = ORIENTED_EDGE('',*,*,#1171,.T.);
#2916 = ORIENTED_EDGE('',*,*,#1146,.F.);
#2917 = ORIENTED_EDGE('',*,*,#1129,.F.);
#2918 = ORIENTED_EDGE('',*,*,#1105,.F.);
#2919 = ORIENTED_EDGE('',*,*,#1073,.F.);
#2920 = ORIENTED_EDGE('',*,*,#1049,.T.);
#2921 = ORIENTED_EDGE('',*,*,#1024,.F.);
#2922 = ORIENTED_EDGE('',*,*,#1000,.T.);
#2923 = ORIENTED_EDGE('',*,*,#975,.F.);
#2924 = ORIENTED_EDGE('',*,*,#951,.T.);
#2925 = PLANE('',#2926);
#2926 = AXIS2_PLACEMENT_3D('',#2927,#2928,#2929);
#2927 = CARTESIAN_POINT('',(-5.83E-15,8.E-16,0.));
#2928 = DIRECTION('',(0.,0.,1.));
#2929 = DIRECTION('',(1.,0.,0.));
#2930 = ADVANCED_FACE('',(#2931),#3005,.F.);
#2931 = FACE_BOUND('',#2932,.T.);
#2932 = EDGE_LOOP('',(#2933,#2934,#2939,#2940,#2941,#2942,#2943,#2944,
    #2945,#2946,#2947,#2948,#2949,#2950,#2951,#2952,#2953,#2954,#2955,
    #2956,#2957,#2958,#2959,#2960,#2961,#2962,#2963,#2964,#2965,#2966,
    #2967,#2968,#2969,#2970,#2971,#2972,#2973,#2974,#2975,#2976,#2977,
    #2978,#2979,#2980,#2981,#2982,#2983,#2984,#2985,#2986,#2987,#2988,
    #2989,#2990,#2991,#2992,#2993,#2994,#2995,#2996,#2997,#2998,#2999,
    #3000,#3001,#3002,#3003,#3004));
#2933 = ORIENTED_EDGE('',*,*,#2901,.T.);
#2934 = ORIENTED_EDGE('',*,*,#2935,.T.);
#2935 = EDGE_CURVE('',#2902,#1278,#2936,.T.);
#2936 = B_SPLINE_CURVE_WITH_KNOTS('',1,(#2937,#2938),.UNSPECIFIED.,.F.,
  .F.,(2,2),(0.,1.),.PIECEWISE_BEZIER_KNOTS.);
#2937 = CARTESIAN_POINT('',(32.,0.,0.));
#2938 = CARTESIAN_POINT('',(32.104730389569,0.,-6.));
#2939 = ORIENTED_EDGE('',*,*,#1286,.T.);
#2940 = ORIENTED_EDGE('',*,*,#2885,.T.);
#2941 = ORIENTED_EDGE('',*,*,#2867,.F.);
#2942 = ORIENTED_EDGE('',*,*,#2839,.T.);
#2943 = ORIENTED_EDGE('',*,*,#2816,.T.);
#2944 = ORIENTED_EDGE('',*,*,#2790,.T.);
#2945 = ORIENTED_EDGE('',*,*,#2765,.F.);
#2946 = ORIENTED_EDGE('',*,*,#2737,.T.);
#2947 = ORIENTED_EDGE('',*,*,#2714,.T.);
#2948 = ORIENTED_EDGE('',*,*,#2688,.T.);
#2949 = ORIENTED_EDGE('',*,*,#2663,.F.);
#2950 = ORIENTED_EDGE('',*,*,#2635,.T.);
#2951 = ORIENTED_EDGE('',*,*,#2612,.T.);
#2952 = ORIENTED_EDGE('',*,*,#2586,.T.);
#2953 = ORIENTED_EDGE('',*,*,#2561,.F.);
#2954 = ORIENTED_EDGE('',*,*,#2533,.T.);
#2955 = ORIENTED_EDGE('',*,*,#2510,.T.);
#2956 = ORIENTED_EDGE('',*,*,#2484,.T.);
#2957 = ORIENTED_EDGE('',*,*,#2459,.F.);
#2958 = ORIENTED_EDGE('',*,*,#2431,.T.);
#2959 = ORIENTED_EDGE('',*,*,#2408,.T.);
#2960 = ORIENTED_EDGE('',*,*,#2382,.T.);
#2961 = ORIENTED_EDGE('',*,*,#2357,.F.);
#2962 = ORIENTED_EDGE('',*,*,#2329,.T.);
#2963 = ORIENTED_EDGE('',*,*,#2306,.T.);
#2964 = ORIENTED_EDGE('',*,*,#2280,.T.);
#2965 = ORIENTED_EDGE('',*,*,#2255,.F.);
#2966 = ORIENTED_EDGE('',*,*,#2227,.T.);
#2967 = ORIENTED_EDGE('',*,*,#2204,.T.);
#2968 = ORIENTED_EDGE('',*,*,#2178,.T.);
#2969 = ORIENTED_EDGE('',*,*,#2153,.F.);
#2970 = ORIENTED_EDGE('',*,*,#2125,.T.);
#2971 = ORIENTED_EDGE('',*,*,#2102,.T.);
#2972 = ORIENTED_EDGE('',*,*,#2076,.T.);
#2973 = ORIENTED_EDGE('',*,*,#2051,.F.);
#2974 = ORIENTED_EDGE('',*,*,#2023,.T.);
#2975 = ORIENTED_EDGE('',*,*,#2000,.T.);
#2976 = ORIENTED_EDGE('',*,*,#1974,.T.);
#2977 = ORIENTED_EDGE('',*,*,#1949,.F.);
#2978 = ORIENTED_EDGE('',*,*,#1921,.T.);
#2979 = ORIENTED_EDGE('',*,*,#1898,.T.);
#2980 = ORIENTED_EDGE('',*,*,#1872,.T.);
#2981 = ORIENTED_EDGE('',*,*,#1847,.F.);
#2982 = ORIENTED_EDGE('',*,*,#1819,.T.);
#2983 = ORIENTED_EDGE('',*,*,#1796,.T.);
#2984 = ORIENTED_EDGE('',*,*,#1770,.T.);
#2985 = ORIENTED_EDGE('',*,*,#1745,.F.);
#2986 = ORIENTED_EDGE('',*,*,#1717,.T.);
#2987 = ORIENTED_EDGE('',*,*,#1694,.T.);
#2988 = ORIENTED_EDGE('',*,*,#1668,.T.);
#2989 = ORIENTED_EDGE('',*,*,#1643,.F.);
#2990 = ORIENTED_EDGE('',*,*,#1615,.T.);
#2991 = ORIENTED_EDGE('',*,*,#1592,.T.);
#2992 = ORIENTED_EDGE('',*,*,#1566,.T.);
#2993 = ORIENTED_EDGE('',*,*,#1541,.F.);
#2994 = ORIENTED_EDGE('',*,*,#1513,.T.);
#2995 = ORIENTED_EDGE('',*,*,#1490,.T.);
#2996 = ORIENTED_EDGE('',*,*,#1464,.T.);
#2997 = ORIENTED_EDGE('',*,*,#1439,.F.);
#2998 = ORIENTED_EDGE('',*,*,#1411,.T.);
#2999 = ORIENTED_EDGE('',*,*,#1388,.T.);
#3000 = ORIENTED_EDGE('',*,*,#1362,.T.);
#3001 = ORIENTED_EDGE('',*,*,#1337,.F.);
#3002 = ORIENTED_EDGE('',*,*,#1309,.T.);
#3003 = ORIENTED_EDGE('',*,*,#1277,.T.);
#3004 = ORIENTED_EDGE('',*,*,#2935,.F.);
#3005 = CONICAL_SURFACE('',#3006,32.,1.745329251994E-02);
#3006 = AXIS2_PLACEMENT_3D('',#3007,#3008,#3009);
#3007 = CARTESIAN_POINT('',(0.,0.,0.));
#3008 = DIRECTION('',(-0.,-0.,-1.));
#3009 = DIRECTION('',(1.,0.,0.));
#3010 = ( GEOMETRIC_REPRESENTATION_CONTEXT(3) 
GLOBAL_UNCERTAINTY_ASSIGNED_CONTEXT((#3014)) 
GLOBAL_UNIT_ASSIGNED_CONTEXT((#3011,#3012,#3013)) REPRESENTATION_CONTEXT
('Context #1','3D Context with UNIT and UNCERTAINTY') );
#3011 = ( LENGTH_UNIT() NAMED_UNIT(*) SI_UNIT(.MILLI.,.METRE.) );
#3012 = ( NAMED_UNIT(*) PLANE_ANGLE_UNIT() SI_UNIT($,.RADIAN.) );
#3013 = ( NAMED_UNIT(*) SI_UNIT($,.STERADIAN.) SOLID_ANGLE_UNIT() );
#3014 = UNCERTAINTY_MEASURE_WITH_UNIT(LENGTH_MEASURE(1.E-07),#3011,
  'distance_accuracy_value','confusion accuracy');
#3015 = CONTEXT_DEPENDENT_SHAPE_REPRESENTATION(#3016,#3018);
#3016 = ( REPRESENTATION_RELATIONSHIP('','',#70,#10) 
REPRESENTATION_RELATIONSHIP_WITH_TRANSFORMATION(#3017) 
SHAPE_REPRESENTATION_RELATIONSHIP() );
#3017 = ITEM_DEFINED_TRANSFORMATION('','',#11,#15);
#3018 = PRODUCT_DEFINITION_SHAPE('Placement','Placement of an item',
  #3019);
#3019 = NEXT_ASSEMBLY_USAGE_OCCURRENCE('1','Top','',#5,#65,$);
#3020 = CC_DESIGN_SECURITY_CLASSIFICATION(#3021,(#3019));
#3021 = SECURITY_CLASSIFICATION('','',#47);
#3022 = CC_DESIGN_PERSON_AND_ORGANIZATION_ASSIGNMENT(#36,#45,(#3021));
#3023 = CC_DESIGN_DATE_AND_TIME_ASSIGNMENT(#50,#56,(#3021));
#3024 = CC_DESIGN_APPROVAL(#58,(#3021));
#3025 = PRODUCT_RELATED_PRODUCT_CATEGORY('detail',$,(#67));
#3026 = PRODUCT_CATEGORY_RELATIONSHIP('','',#3027,#3025);
#3027 = PRODUCT_CATEGORY('part',$);
#3028 = CC_DESIGN_PERSON_AND_ORGANIZATION_ASSIGNMENT(#36,#39,(#66,#65));
#3029 = CC_DESIGN_PERSON_AND_ORGANIZATION_ASSIGNMENT(#36,#41,(#67));
#3030 = CC_DESIGN_PERSON_AND_ORGANIZATION_ASSIGNMENT(#36,#43,(#66));
#3031 = CC_DESIGN_PERSON_AND_ORGANIZATION_ASSIGNMENT(#36,#45,(#3032));
#3032 = SECURITY_CLASSIFICATION('','',#47);
#3033 = CC_DESIGN_SECURITY_CLASSIFICATION(#3032,(#66));
#3034 = CC_DESIGN_DATE_AND_TIME_ASSIGNMENT(#50,#54,(#65));
#3035 = CC_DESIGN_DATE_AND_TIME_ASSIGNMENT(#50,#56,(#3032));
#3036 = CC_DESIGN_APPROVAL(#58,(#66,#65,#3032));
#3037 = SHAPE_DEFINITION_REPRESENTATION(#3038,#3044);
#3038 = PRODUCT_DEFINITION_SHAPE('','',#3039);
#3039 = PRODUCT_DEFINITION('design','',#3040,#3043);
#3040 = PRODUCT_DEFINITION_FORMATION_WITH_SPECIFIED_SOURCE('','',#3041,
  .NOT_KNOWN.);
#3041 = PRODUCT('Body001','Body001','',(#3042));
#3042 = MECHANICAL_CONTEXT('',#2,'mechanical');
#3043 = DESIGN_CONTEXT('',#2,'design');
#3044 = ADVANCED_BREP_SHAPE_REPRESENTATION('',(#11,#3045),#3181);
#3045 = MANIFOLD_SOLID_BREP('',#3046);
#3046 = CLOSED_SHELL('',(#3047,#3075,#3100,#3120,#3145,#3165));
#3047 = ADVANCED_FACE('',(#3048,#3059),#3070,.F.);
#3048 = FACE_BOUND('',#3049,.F.);
#3049 = EDGE_LOOP('',(#3050));
#3050 = ORIENTED_EDGE('',*,*,#3051,.T.);
#3051 = EDGE_CURVE('',#3052,#3052,#3054,.T.);
#3052 = VERTEX_POINT('',#3053);
#3053 = CARTESIAN_POINT('',(37.5,0.,0.));
#3054 = CIRCLE('',#3055,37.5);
#3055 = AXIS2_PLACEMENT_3D('',#3056,#3057,#3058);
#3056 = CARTESIAN_POINT('',(0.,0.,0.));
#3057 = DIRECTION('',(0.,0.,1.));
#3058 = DIRECTION('',(1.,0.,-0.));
#3059 = FACE_BOUND('',#3060,.T.);
#3060 = EDGE_LOOP('',(#3061));
#3061 = ORIENTED_EDGE('',*,*,#3062,.T.);
#3062 = EDGE_CURVE('',#3063,#3063,#3065,.T.);
#3063 = VERTEX_POINT('',#3064);
#3064 = CARTESIAN_POINT('',(35.05,0.,0.));
#3065 = CIRCLE('',#3066,35.05);
#3066 = AXIS2_PLACEMENT_3D('',#3067,#3068,#3069);
#3067 = CARTESIAN_POINT('',(0.,0.,0.));
#3068 = DIRECTION('',(0.,0.,1.));
#3069 = DIRECTION('',(1.,0.,0.));
#3070 = PLANE('',#3071);
#3071 = AXIS2_PLACEMENT_3D('',#3072,#3073,#3074);
#3072 = CARTESIAN_POINT('',(-3.62E-15,4.2E-16,0.));
#3073 = DIRECTION('',(0.,0.,1.));
#3074 = DIRECTION('',(1.,0.,0.));
#3075 = ADVANCED_FACE('',(#3076),#3095,.F.);
#3076 = FACE_BOUND('',#3077,.T.);
#3077 = EDGE_LOOP('',(#3078,#3086,#3093,#3094));
#3078 = ORIENTED_EDGE('',*,*,#3079,.T.);
#3079 = EDGE_CURVE('',#3063,#3080,#3082,.T.);
#3080 = VERTEX_POINT('',#3081);
#3081 = CARTESIAN_POINT('',(35.05,0.,11.));
#3082 = LINE('',#3083,#3084);
#3083 = CARTESIAN_POINT('',(35.05,0.,0.));
#3084 = VECTOR('',#3085,1.);
#3085 = DIRECTION('',(0.,0.,1.));
#3086 = ORIENTED_EDGE('',*,*,#3087,.T.);
#3087 = EDGE_CURVE('',#3080,#3080,#3088,.T.);
#3088 = CIRCLE('',#3089,35.05);
#3089 = AXIS2_PLACEMENT_3D('',#3090,#3091,#3092);
#3090 = CARTESIAN_POINT('',(0.,0.,11.));
#3091 = DIRECTION('',(0.,0.,1.));
#3092 = DIRECTION('',(1.,0.,0.));
#3093 = ORIENTED_EDGE('',*,*,#3079,.F.);
#3094 = ORIENTED_EDGE('',*,*,#3062,.F.);
#3095 = CYLINDRICAL_SURFACE('',#3096,35.05);
#3096 = AXIS2_PLACEMENT_3D('',#3097,#3098,#3099);
#3097 = CARTESIAN_POINT('',(0.,0.,0.));
#3098 = DIRECTION('',(-0.,-0.,-1.));
#3099 = DIRECTION('',(1.,0.,0.));
#3100 = ADVANCED_FACE('',(#3101,#3104),#3115,.F.);
#3101 = FACE_BOUND('',#3102,.F.);
#3102 = EDGE_LOOP('',(#3103));
#3103 = ORIENTED_EDGE('',*,*,#3087,.T.);
#3104 = FACE_BOUND('',#3105,.F.);
#3105 = EDGE_LOOP('',(#3106));
#3106 = ORIENTED_EDGE('',*,*,#3107,.F.);
#3107 = EDGE_CURVE('',#3108,#3108,#3110,.T.);
#3108 = VERTEX_POINT('',#3109);
#3109 = CARTESIAN_POINT('',(33.,0.,11.));
#3110 = CIRCLE('',#3111,33.);
#3111 = AXIS2_PLACEMENT_3D('',#3112,#3113,#3114);
#3112 = CARTESIAN_POINT('',(0.,0.,11.));
#3113 = DIRECTION('',(0.,0.,1.));
#3114 = DIRECTION('',(1.,0.,0.));
#3115 = PLANE('',#3116);
#3116 = AXIS2_PLACEMENT_3D('',#3117,#3118,#3119);
#3117 = CARTESIAN_POINT('',(-4.97E-15,4.3E-16,11.));
#3118 = DIRECTION('',(0.,0.,1.));
#3119 = DIRECTION('',(1.,0.,0.));
#3120 = ADVANCED_FACE('',(#3121),#3140,.F.);
#3121 = FACE_BOUND('',#3122,.T.);
#3122 = EDGE_LOOP('',(#3123,#3131,#3138,#3139));
#3123 = ORIENTED_EDGE('',*,*,#3124,.T.);
#3124 = EDGE_CURVE('',#3108,#3125,#3127,.T.);
#3125 = VERTEX_POINT('',#3126);
#3126 = CARTESIAN_POINT('',(33.,0.,18.));
#3127 = LINE('',#3128,#3129);
#3128 = CARTESIAN_POINT('',(33.,0.,11.));
#3129 = VECTOR('',#3130,1.);
#3130 = DIRECTION('',(0.,0.,1.));
#3131 = ORIENTED_EDGE('',*,*,#3132,.T.);
#3132 = EDGE_CURVE('',#3125,#3125,#3133,.T.);
#3133 = CIRCLE('',#3134,33.);
#3134 = AXIS2_PLACEMENT_3D('',#3135,#3136,#3137);
#3135 = CARTESIAN_POINT('',(0.,0.,18.));
#3136 = DIRECTION('',(0.,0.,1.));
#3137 = DIRECTION('',(1.,0.,0.));
#3138 = ORIENTED_EDGE('',*,*,#3124,.F.);
#3139 = ORIENTED_EDGE('',*,*,#3107,.F.);
#3140 = CYLINDRICAL_SURFACE('',#3141,33.);
#3141 = AXIS2_PLACEMENT_3D('',#3142,#3143,#3144);
#3142 = CARTESIAN_POINT('',(0.,0.,11.));
#3143 = DIRECTION('',(-0.,-0.,-1.));
#3144 = DIRECTION('',(1.,0.,0.));
#3145 = ADVANCED_FACE('',(#3146,#3157),#3160,.T.);
#3146 = FACE_BOUND('',#3147,.T.);
#3147 = EDGE_LOOP('',(#3148));
#3148 = ORIENTED_EDGE('',*,*,#3149,.T.);
#3149 = EDGE_CURVE('',#3150,#3150,#3152,.T.);
#3150 = VERTEX_POINT('',#3151);
#3151 = CARTESIAN_POINT('',(37.5,0.,18.));
#3152 = CIRCLE('',#3153,37.5);
#3153 = AXIS2_PLACEMENT_3D('',#3154,#3155,#3156);
#3154 = CARTESIAN_POINT('',(0.,0.,18.));
#3155 = DIRECTION('',(0.,0.,1.));
#3156 = DIRECTION('',(1.,0.,-0.));
#3157 = FACE_BOUND('',#3158,.F.);
#3158 = EDGE_LOOP('',(#3159));
#3159 = ORIENTED_EDGE('',*,*,#3132,.T.);
#3160 = PLANE('',#3161);
#3161 = AXIS2_PLACEMENT_3D('',#3162,#3163,#3164);
#3162 = CARTESIAN_POINT('',(-4.97E-15,4.3E-16,18.));
#3163 = DIRECTION('',(0.,0.,1.));
#3164 = DIRECTION('',(1.,0.,0.));
#3165 = ADVANCED_FACE('',(#3166),#3176,.T.);
#3166 = FACE_BOUND('',#3167,.F.);
#3167 = EDGE_LOOP('',(#3168,#3169,#3174,#3175));
#3168 = ORIENTED_EDGE('',*,*,#3149,.T.);
#3169 = ORIENTED_EDGE('',*,*,#3170,.T.);
#3170 = EDGE_CURVE('',#3150,#3052,#3171,.T.);
#3171 = B_SPLINE_CURVE_WITH_KNOTS('',1,(#3172,#3173),.UNSPECIFIED.,.F.,
  .F.,(2,2),(-18.,0.),.PIECEWISE_BEZIER_KNOTS.);
#3172 = CARTESIAN_POINT('',(37.5,0.,18.));
#3173 = CARTESIAN_POINT('',(37.5,0.,0.));
#3174 = ORIENTED_EDGE('',*,*,#3051,.F.);
#3175 = ORIENTED_EDGE('',*,*,#3170,.F.);
#3176 = CYLINDRICAL_SURFACE('',#3177,37.5);
#3177 = AXIS2_PLACEMENT_3D('',#3178,#3179,#3180);
#3178 = CARTESIAN_POINT('',(0.,0.,0.));
#3179 = DIRECTION('',(-0.,-0.,-1.));
#3180 = DIRECTION('',(1.,0.,0.));
#3181 = ( GEOMETRIC_REPRESENTATION_CONTEXT(3) 
GLOBAL_UNCERTAINTY_ASSIGNED_CONTEXT((#3185)) 
GLOBAL_UNIT_ASSIGNED_CONTEXT((#3182,#3183,#3184)) REPRESENTATION_CONTEXT
('Context #1','3D Context with UNIT and UNCERTAINTY') );
#3182 = ( LENGTH_UNIT() NAMED_UNIT(*) SI_UNIT(.MILLI.,.METRE.) );
#3183 = ( NAMED_UNIT(*) PLANE_ANGLE_UNIT() SI_UNIT($,.RADIAN.) );
#3184 = ( NAMED_UNIT(*) SI_UNIT($,.STERADIAN.) SOLID_ANGLE_UNIT() );
#3185 = UNCERTAINTY_MEASURE_WITH_UNIT(LENGTH_MEASURE(2.E-06),#3182,
  'distance_accuracy_value','confusion accuracy');
#3186 = CONTEXT_DEPENDENT_SHAPE_REPRESENTATION(#3187,#3189);
#3187 = ( REPRESENTATION_RELATIONSHIP('','',#3044,#10) 
REPRESENTATION_RELATIONSHIP_WITH_TRANSFORMATION(#3188) 
SHAPE_REPRESENTATION_RELATIONSHIP() );
#3188 = ITEM_DEFINED_TRANSFORMATION('','',#11,#19);
#3189 = PRODUCT_DEFINITION_SHAPE('Placement','Placement of an item',
  #3190);
#3190 = NEXT_ASSEMBLY_USAGE_OCCURRENCE('2','Body001','',#5,#3039,$);
#3191 = CC_DESIGN_SECURITY_CLASSIFICATION(#3192,(#3190));
#3192 = SECURITY_CLASSIFICATION('','',#47);
#3193 = CC_DESIGN_PERSON_AND_ORGANIZATION_ASSIGNMENT(#36,#45,(#3192));
#3194 = CC_DESIGN_DATE_AND_TIME_ASSIGNMENT(#50,#56,(#3192));
#3195 = CC_DESIGN_APPROVAL(#58,(#3192));
#3196 = PRODUCT_RELATED_PRODUCT_CATEGORY('detail',$,(#3041));
#3197 = PRODUCT_CATEGORY_RELATIONSHIP('','',#3198,#3196);
#3198 = PRODUCT_CATEGORY('part',$);
#3199 = CC_DESIGN_PERSON_AND_ORGANIZATION_ASSIGNMENT(#36,#39,(#3040,
    #3039));
#3200 = CC_DESIGN_PERSON_AND_ORGANIZATION_ASSIGNMENT(#36,#41,(#3041));
#3201 = CC_DESIGN_PERSON_AND_ORGANIZATION_ASSIGNMENT(#36,#43,(#3040));
#3202 = CC_DESIGN_PERSON_AND_ORGANIZATION_ASSIGNMENT(#36,#45,(#3203));
#3203 = SECURITY_CLASSIFICATION('','',#47);
#3204 = CC_DESIGN_SECURITY_CLASSIFICATION(#3203,(#3040));
#3205 = CC_DESIGN_DATE_AND_TIME_ASSIGNMENT(#50,#54,(#3039));
#3206 = CC_DESIGN_DATE_AND_TIME_ASSIGNMENT(#50,#56,(#3203));
#3207 = CC_DESIGN_APPROVAL(#58,(#3040,#3039,#3203));
#3208 = SHAPE_DEFINITION_REPRESENTATION(#3209,#3215);
#3209 = PRODUCT_DEFINITION_SHAPE('','',#3210);
#3210 = PRODUCT_DEFINITION('design','',#3211,#3214);
#3211 = PRODUCT_DEFINITION_FORMATION_WITH_SPECIFIED_SOURCE('','',#3212,
  .NOT_KNOWN.);
#3212 = PRODUCT('Body','Body','',(#3213));
#3213 = MECHANICAL_CONTEXT('',#2,'mechanical');
#3214 = DESIGN_CONTEXT('',#2,'design');
#3215 = ADVANCED_BREP_SHAPE_REPRESENTATION('',(#11,#3216),#8447);
#3216 = MANIFOLD_SOLID_BREP('',#3217);
#3217 = CLOSED_SHELL('',(#3218,#3262,#3324,#3372,#3397,#3438,#4031,#4049
    ,#4598,#4615,#4632,#4694,#4734,#4751,#4791,#4848,#4865,#4905,#4962,
    #5002,#5042,#5059,#5099,#5156,#5173,#5213,#5270,#5310,#5350,#5367,
    #5407,#5464,#5481,#5521,#5578,#5618,#5658,#5675,#5710,#5767,#5807,
    #5847,#5864,#5921,#5961,#6018,#6058,#6098,#6115,#6155,#6212,#6229,
    #6269,#6326,#6366,#6406,#6423,#6463,#6520,#6537,#6577,#6634,#6674,
    #6714,#6731,#6771,#6828,#6845,#6885,#6920,#6946,#7009,#7034,#7058,
    #7090,#7107,#7141,#7165,#7183,#7201,#7219,#7237,#7255,#7273,#7291,
    #7309,#7327,#7345,#7363,#7381,#7399,#7417,#7435,#7453,#7471,#7489,
    #7501,#7519,#7531,#7549,#7561,#7579,#7591,#7609,#7621,#7639,#7651,
    #7669,#7681,#7699,#7711,#7729,#7741,#7759,#7771,#7789,#7801,#7819,
    #7831,#7849,#7861,#7879,#7891,#7909,#7921,#8031,#8055,#8216,#8226,
    #8258,#8289,#8306,#8323,#8340,#8366,#8391,#8415,#8433));
#3218 = ADVANCED_FACE('',(#3219),#3257,.T.);
#3219 = FACE_BOUND('',#3220,.T.);
#3220 = EDGE_LOOP('',(#3221,#3232,#3241,#3250));
#3221 = ORIENTED_EDGE('',*,*,#3222,.F.);
#3222 = EDGE_CURVE('',#3223,#3225,#3227,.T.);
#3223 = VERTEX_POINT('',#3224);
#3224 = CARTESIAN_POINT('',(34.921590579863,0.499491,12.311338480768));
#3225 = VERTEX_POINT('',#3226);
#3226 = CARTESIAN_POINT('',(32.454865815505,12.901498548005,
    12.311338480768));
#3227 = CIRCLE('',#3228,34.925162560633);
#3228 = AXIS2_PLACEMENT_3D('',#3229,#3230,#3231);
#3229 = CARTESIAN_POINT('',(0.,0.,12.311338480768));
#3230 = DIRECTION('',(-0.,0.,1.));
#3231 = DIRECTION('',(1.,-6.123233995737E-17,0.));
#3232 = ORIENTED_EDGE('',*,*,#3233,.F.);
#3233 = EDGE_CURVE('',#3234,#3223,#3236,.T.);
#3234 = VERTEX_POINT('',#3235);
#3235 = CARTESIAN_POINT('',(35.246460939234,0.499491,10.));
#3236 = HYPERBOLA('',#3237,3.554063138003,0.499491);
#3237 = AXIS2_PLACEMENT_3D('',#3238,#3239,#3240);
#3238 = CARTESIAN_POINT('',(-1.109092817586E-16,0.499491,260.81678271404
    ));
#3239 = DIRECTION('',(-2.22044604925E-16,1.,0.));
#3240 = DIRECTION('',(0.,0.,-1.));
#3241 = ORIENTED_EDGE('',*,*,#3242,.T.);
#3242 = EDGE_CURVE('',#3234,#3243,#3245,.T.);
#3243 = VERTEX_POINT('',#3244);
#3244 = CARTESIAN_POINT('',(32.755007015366,13.025821103614,10.));
#3245 = CIRCLE('',#3246,35.25);
#3246 = AXIS2_PLACEMENT_3D('',#3247,#3248,#3249);
#3247 = CARTESIAN_POINT('',(0.,0.,10.));
#3248 = DIRECTION('',(0.,0.,1.));
#3249 = DIRECTION('',(1.,0.,0.));
#3250 = ORIENTED_EDGE('',*,*,#3251,.F.);
#3251 = EDGE_CURVE('',#3225,#3243,#3252,.T.);
#3252 = HYPERBOLA('',#3253,3.561306584381,0.500509);
#3253 = AXIS2_PLACEMENT_3D('',#3254,#3255,#3256);
#3254 = CARTESIAN_POINT('',(0.19153650205,-0.462410020938,
    260.81678271404));
#3255 = DIRECTION('',(0.382683432365,-0.923879532511,0.));
#3256 = DIRECTION('',(0.,0.,-1.));
#3257 = CONICAL_SURFACE('',#3258,35.25,0.13962634016);
#3258 = AXIS2_PLACEMENT_3D('',#3259,#3260,#3261);
#3259 = CARTESIAN_POINT('',(0.,0.,10.));
#3260 = DIRECTION('',(-0.,-0.,-1.));
#3261 = DIRECTION('',(1.,0.,0.));
#3262 = ADVANCED_FACE('',(#3263),#3319,.T.);
#3263 = FACE_BOUND('',#3264,.T.);
#3264 = EDGE_LOOP('',(#3265,#3288,#3289,#3312));
#3265 = ORIENTED_EDGE('',*,*,#3266,.F.);
#3266 = EDGE_CURVE('',#3223,#3267,#3269,.T.);
#3267 = VERTEX_POINT('',#3268);
#3268 = CARTESIAN_POINT('',(34.129293211598,0.499491,13.));
#3269 = B_SPLINE_CURVE_WITH_KNOTS('',5,(#3270,#3271,#3272,#3273,#3274,
    #3275,#3276,#3277,#3278,#3279,#3280,#3281,#3282,#3283,#3284,#3285,
    #3286,#3287),.UNSPECIFIED.,.F.,.F.,(6,4,4,4,6),(0.,0.237995817203,
    0.473994248265,0.736995724161,1.),.UNSPECIFIED.);
#3270 = CARTESIAN_POINT('',(34.921590579863,0.499491,12.311338480768));
#3271 = CARTESIAN_POINT('',(34.914005018023,0.499491,12.365307037594));
#3272 = CARTESIAN_POINT('',(34.901823150036,0.499491,12.418630525273));
#3273 = CARTESIAN_POINT('',(34.885118719758,0.499491,12.470784601716));
#3274 = CARTESIAN_POINT('',(34.864053826266,0.499491,12.521263295067));
#3275 = CARTESIAN_POINT('',(34.813903759572,0.499491,12.61752513534));
#3276 = CARTESIAN_POINT('',(34.7848865956,0.499491,12.663345644368));
#3277 = CARTESIAN_POINT('',(34.752060214743,0.499491,12.706600780524));
#3278 = CARTESIAN_POINT('',(34.715737777896,0.499491,12.746878001261));
#3279 = CARTESIAN_POINT('',(34.632341346607,0.499491,12.82499830775));
#3280 = CARTESIAN_POINT('',(34.584510858421,0.499491,12.862037238748));
#3281 = CARTESIAN_POINT('',(34.533326641494,0.499491,12.894452373729));
#3282 = CARTESIAN_POINT('',(34.479395523531,0.499491,12.921859514776));
#3283 = CARTESIAN_POINT('',(34.367369142421,0.499491,12.966132355553));
#3284 = CARTESIAN_POINT('',(34.309271166544,0.499491,12.982998997575));
#3285 = CARTESIAN_POINT('',(34.249753885188,0.499491,12.994332983963));
#3286 = CARTESIAN_POINT('',(34.189522840033,0.499491,13.));
#3287 = CARTESIAN_POINT('',(34.129293211598,0.499491,13.));
#3288 = ORIENTED_EDGE('',*,*,#3222,.T.);
#3289 = ORIENTED_EDGE('',*,*,#3290,.T.);
#3290 = EDGE_CURVE('',#3225,#3291,#3293,.T.);
#3291 = VERTEX_POINT('',#3292);
#3292 = CARTESIAN_POINT('',(31.722878180695,12.598299342177,13.));
#3293 = B_SPLINE_CURVE_WITH_KNOTS('',5,(#3294,#3295,#3296,#3297,#3298,
    #3299,#3300,#3301,#3302,#3303,#3304,#3305,#3306,#3307,#3308,#3309,
    #3310,#3311),.UNSPECIFIED.,.F.,.F.,(6,4,4,4,6),(0.,0.23799579928,
    0.473994222981,0.736995705805,1.),.UNSPECIFIED.);
#3294 = CARTESIAN_POINT('',(32.454865815506,12.901498548005,
    12.311338480768));
#3295 = CARTESIAN_POINT('',(32.447857667161,12.898595677914,
    12.365307038313));
#3296 = CARTESIAN_POINT('',(32.436603083781,12.893933876839,
    12.41863052649));
#3297 = CARTESIAN_POINT('',(32.421170195919,12.88754136538,
    12.470784603023));
#3298 = CARTESIAN_POINT('',(32.401708763844,12.879480176271,
    12.521263295961));
#3299 = CARTESIAN_POINT('',(32.35537612408,12.8602885685,12.617525136567
    ));
#3300 = CARTESIAN_POINT('',(32.328567748415,12.849184175715,
    12.66334564617));
#3301 = CARTESIAN_POINT('',(32.298240114035,12.83662205824,
    12.706600782214));
#3302 = CARTESIAN_POINT('',(32.264682544225,12.822722057704,
    12.746878002277));
#3303 = CARTESIAN_POINT('',(32.18763425544,12.790807611532,
    12.824998308987));
#3304 = CARTESIAN_POINT('',(32.143444626824,12.772503668043,
    12.862037240319));
#3305 = CARTESIAN_POINT('',(32.096156556175,12.752916307842,
    12.89445237496));
#3306 = CARTESIAN_POINT('',(32.046330679519,12.732277753974,
    12.921859515375));
#3307 = CARTESIAN_POINT('',(31.942831755003,12.689407095748,
    12.966132355916));
#3308 = CARTESIAN_POINT('',(31.889156200749,12.667173953208,
    12.982998997872));
#3309 = CARTESIAN_POINT('',(31.834169379034,12.644397665902,
    12.994332984067));
#3310 = CARTESIAN_POINT('',(31.778523125462,12.621348232977,13.));
#3311 = CARTESIAN_POINT('',(31.722878180695,12.598299342177,13.));
#3312 = ORIENTED_EDGE('',*,*,#3313,.F.);
#3313 = EDGE_CURVE('',#3267,#3291,#3314,.T.);
#3314 = CIRCLE('',#3315,34.13294810564);
#3315 = AXIS2_PLACEMENT_3D('',#3316,#3317,#3318);
#3316 = CARTESIAN_POINT('',(0.,0.,13.));
#3317 = DIRECTION('',(-0.,0.,1.));
#3318 = DIRECTION('',(1.,-6.123233995737E-17,0.));
#3319 = TOROIDAL_SURFACE('',#3320,34.13294810564,0.8);
#3320 = AXIS2_PLACEMENT_3D('',#3321,#3322,#3323);
#3321 = CARTESIAN_POINT('',(0.,0.,12.2));
#3322 = DIRECTION('',(0.,0.,1.));
#3323 = DIRECTION('',(1.,-6.123233995737E-17,0.));
#3324 = ADVANCED_FACE('',(#3325),#3367,.F.);
#3325 = FACE_BOUND('',#3326,.F.);
#3326 = EDGE_LOOP('',(#3327,#3335,#3336,#3337,#3345,#3353,#3361));
#3327 = ORIENTED_EDGE('',*,*,#3328,.F.);
#3328 = EDGE_CURVE('',#3243,#3329,#3331,.T.);
#3329 = VERTEX_POINT('',#3330);
#3330 = CARTESIAN_POINT('',(31.461439873592,12.490008049651,10.));
#3331 = LINE('',#3332,#3333);
#3332 = CARTESIAN_POINT('',(32.796522005887,13.04301717573,10.));
#3333 = VECTOR('',#3334,1.);
#3334 = DIRECTION('',(-0.923879532511,-0.382683432365,0.));
#3335 = ORIENTED_EDGE('',*,*,#3251,.F.);
#3336 = ORIENTED_EDGE('',*,*,#3290,.T.);
#3337 = ORIENTED_EDGE('',*,*,#3338,.F.);
#3338 = EDGE_CURVE('',#3339,#3291,#3341,.T.);
#3339 = VERTEX_POINT('',#3340);
#3340 = CARTESIAN_POINT('',(31.41070270712,12.468992027182,13.));
#3341 = LINE('',#3342,#3343);
#3342 = CARTESIAN_POINT('',(16.494029253968,6.290303577396,13.));
#3343 = VECTOR('',#3344,1.);
#3344 = DIRECTION('',(0.923879532511,0.382683432365,0.));
#3345 = ORIENTED_EDGE('',*,*,#3346,.F.);
#3346 = EDGE_CURVE('',#3347,#3339,#3349,.T.);
#3347 = VERTEX_POINT('',#3348);
#3348 = CARTESIAN_POINT('',(31.41070270712,12.468992027182,12.));
#3349 = LINE('',#3350,#3351);
#3350 = CARTESIAN_POINT('',(31.41070270712,12.468992027182,10.));
#3351 = VECTOR('',#3352,1.);
#3352 = DIRECTION('',(0.,0.,1.));
#3353 = ORIENTED_EDGE('',*,*,#3354,.T.);
#3354 = EDGE_CURVE('',#3347,#3355,#3357,.T.);
#3355 = VERTEX_POINT('',#3356);
#3356 = CARTESIAN_POINT('',(31.461439873592,12.490008049651,12.));
#3357 = LINE('',#3358,#3359);
#3358 = CARTESIAN_POINT('',(16.494029253968,6.290303577396,12.));
#3359 = VECTOR('',#3360,1.);
#3360 = DIRECTION('',(0.923879532511,0.382683432365,0.));
#3361 = ORIENTED_EDGE('',*,*,#3362,.T.);
#3362 = EDGE_CURVE('',#3355,#3329,#3363,.T.);
#3363 = LINE('',#3364,#3365);
#3364 = CARTESIAN_POINT('',(31.461439873592,12.490008049651,10.));
#3365 = VECTOR('',#3366,1.);
#3366 = DIRECTION('',(0.,0.,-1.));
#3367 = PLANE('',#3368);
#3368 = AXIS2_PLACEMENT_3D('',#3369,#3370,#3371);
#3369 = CARTESIAN_POINT('',(32.796522005887,13.04301717573,10.));
#3370 = DIRECTION('',(0.382683432365,-0.923879532511,0.));
#3371 = DIRECTION('',(-0.923879532511,-0.382683432365,0.));
#3372 = ADVANCED_FACE('',(#3373),#3392,.F.);
#3373 = FACE_BOUND('',#3374,.F.);
#3374 = EDGE_LOOP('',(#3375,#3383,#3384,#3385));
#3375 = ORIENTED_EDGE('',*,*,#3376,.T.);
#3376 = EDGE_CURVE('',#3377,#3234,#3379,.T.);
#3377 = VERTEX_POINT('',#3378);
#3378 = CARTESIAN_POINT('',(33.846314551823,0.499491,10.));
#3379 = LINE('',#3380,#3381);
#3380 = CARTESIAN_POINT('',(33.791382,0.499491,10.));
#3381 = VECTOR('',#3382,1.);
#3382 = DIRECTION('',(1.,2.22044604925E-16,0.));
#3383 = ORIENTED_EDGE('',*,*,#3242,.T.);
#3384 = ORIENTED_EDGE('',*,*,#3328,.T.);
#3385 = ORIENTED_EDGE('',*,*,#3386,.T.);
#3386 = EDGE_CURVE('',#3329,#3377,#3387,.T.);
#3387 = CIRCLE('',#3388,33.85);
#3388 = AXIS2_PLACEMENT_3D('',#3389,#3390,#3391);
#3389 = CARTESIAN_POINT('',(0.,0.,10.));
#3390 = DIRECTION('',(0.,0.,-1.));
#3391 = DIRECTION('',(1.,0.,0.));
#3392 = PLANE('',#3393);
#3393 = AXIS2_PLACEMENT_3D('',#3394,#3395,#3396);
#3394 = CARTESIAN_POINT('',(0.,0.,10.));
#3395 = DIRECTION('',(0.,0.,1.));
#3396 = DIRECTION('',(1.,0.,0.));
#3397 = ADVANCED_FACE('',(#3398),#3433,.F.);
#3398 = FACE_BOUND('',#3399,.F.);
#3399 = EDGE_LOOP('',(#3400,#3410,#3418,#3424,#3425,#3426,#3427));
#3400 = ORIENTED_EDGE('',*,*,#3401,.T.);
#3401 = EDGE_CURVE('',#3402,#3404,#3406,.T.);
#3402 = VERTEX_POINT('',#3403);
#3403 = CARTESIAN_POINT('',(33.846314551823,0.499491,12.));
#3404 = VERTEX_POINT('',#3405);
#3405 = CARTESIAN_POINT('',(33.791382,0.499491,12.));
#3406 = LINE('',#3407,#3408);
#3407 = CARTESIAN_POINT('',(16.895691,0.499491,12.));
#3408 = VECTOR('',#3409,1.);
#3409 = DIRECTION('',(-1.,-2.22044604925E-16,0.));
#3410 = ORIENTED_EDGE('',*,*,#3411,.T.);
#3411 = EDGE_CURVE('',#3404,#3412,#3414,.T.);
#3412 = VERTEX_POINT('',#3413);
#3413 = CARTESIAN_POINT('',(33.791382,0.499491,13.));
#3414 = LINE('',#3415,#3416);
#3415 = CARTESIAN_POINT('',(33.791382,0.499491,10.));
#3416 = VECTOR('',#3417,1.);
#3417 = DIRECTION('',(0.,0.,1.));
#3418 = ORIENTED_EDGE('',*,*,#3419,.F.);
#3419 = EDGE_CURVE('',#3267,#3412,#3420,.T.);
#3420 = LINE('',#3421,#3422);
#3421 = CARTESIAN_POINT('',(16.895691,0.499491,13.));
#3422 = VECTOR('',#3423,1.);
#3423 = DIRECTION('',(-1.,-2.22044604925E-16,0.));
#3424 = ORIENTED_EDGE('',*,*,#3266,.F.);
#3425 = ORIENTED_EDGE('',*,*,#3233,.F.);
#3426 = ORIENTED_EDGE('',*,*,#3376,.F.);
#3427 = ORIENTED_EDGE('',*,*,#3428,.F.);
#3428 = EDGE_CURVE('',#3402,#3377,#3429,.T.);
#3429 = LINE('',#3430,#3431);
#3430 = CARTESIAN_POINT('',(33.846314551823,0.499491,10.));
#3431 = VECTOR('',#3432,1.);
#3432 = DIRECTION('',(0.,0.,-1.));
#3433 = PLANE('',#3434);
#3434 = AXIS2_PLACEMENT_3D('',#3435,#3436,#3437);
#3435 = CARTESIAN_POINT('',(33.791382,0.499491,10.));
#3436 = DIRECTION('',(-2.22044604925E-16,1.,0.));
#3437 = DIRECTION('',(1.,2.22044604925E-16,0.));
#3438 = ADVANCED_FACE('',(#3439,#3945,#3956),#4026,.T.);
#3439 = FACE_BOUND('',#3440,.T.);
#3440 = EDGE_LOOP('',(#3441,#3451,#3460,#3468,#3476,#3484,#3493,#3501,
    #3509,#3517,#3526,#3534,#3542,#3550,#3559,#3567,#3573,#3574,#3575,
    #3576,#3584,#3592,#3601,#3609,#3617,#3625,#3634,#3642,#3650,#3658,
    #3667,#3675,#3683,#3691,#3700,#3708,#3716,#3724,#3733,#3741,#3749,
    #3757,#3766,#3774,#3782,#3790,#3799,#3807,#3815,#3823,#3832,#3840,
    #3848,#3856,#3865,#3873,#3881,#3889,#3898,#3906,#3914,#3922,#3931,
    #3939));
#3441 = ORIENTED_EDGE('',*,*,#3442,.F.);
#3442 = EDGE_CURVE('',#3443,#3445,#3447,.T.);
#3443 = VERTEX_POINT('',#3444);
#3444 = CARTESIAN_POINT('',(0.499491,-34.12929321159,13.));
#3445 = VERTEX_POINT('',#3446);
#3446 = CARTESIAN_POINT('',(0.499491,-33.791382,13.));
#3447 = LINE('',#3448,#3449);
#3448 = CARTESIAN_POINT('',(0.499491,-16.895691,13.));
#3449 = VECTOR('',#3450,1.);
#3450 = DIRECTION('',(0.,1.,0.));
#3451 = ORIENTED_EDGE('',*,*,#3452,.T.);
#3452 = EDGE_CURVE('',#3443,#3453,#3455,.T.);
#3453 = VERTEX_POINT('',#3454);
#3454 = CARTESIAN_POINT('',(12.598299342177,-31.72287818069,13.));
#3455 = CIRCLE('',#3456,34.13294810564);
#3456 = AXIS2_PLACEMENT_3D('',#3457,#3458,#3459);
#3457 = CARTESIAN_POINT('',(0.,0.,13.));
#3458 = DIRECTION('',(-0.,0.,1.));
#3459 = DIRECTION('',(1.,-6.123233995737E-17,0.));
#3460 = ORIENTED_EDGE('',*,*,#3461,.F.);
#3461 = EDGE_CURVE('',#3462,#3453,#3464,.T.);
#3462 = VERTEX_POINT('',#3463);
#3463 = CARTESIAN_POINT('',(12.468992027182,-31.41070270712,13.));
#3464 = LINE('',#3465,#3466);
#3465 = CARTESIAN_POINT('',(6.290303577396,-16.49402925396,13.));
#3466 = VECTOR('',#3467,1.);
#3467 = DIRECTION('',(0.382683432365,-0.923879532511,0.));
#3468 = ORIENTED_EDGE('',*,*,#3469,.F.);
#3469 = EDGE_CURVE('',#3470,#3462,#3472,.T.);
#3470 = VERTEX_POINT('',#3471);
#3471 = CARTESIAN_POINT('',(13.392871559694,-31.02801927475,13.));
#3472 = LINE('',#3473,#3474);
#3473 = CARTESIAN_POINT('',(12.700197037651,-31.31493445609,13.));
#3474 = VECTOR('',#3475,1.);
#3475 = DIRECTION('',(-0.923879532511,-0.382683432365,0.));
#3476 = ORIENTED_EDGE('',*,*,#3477,.F.);
#3477 = EDGE_CURVE('',#3478,#3470,#3480,.T.);
#3478 = VERTEX_POINT('',#3479);
#3479 = CARTESIAN_POINT('',(13.522184581982,-31.34020852695,13.));
#3480 = LINE('',#3481,#3482);
#3481 = CARTESIAN_POINT('',(6.927170535634,-15.41843617222,13.));
#3482 = VECTOR('',#3483,1.);
#3483 = DIRECTION('',(-0.382683432365,0.923879532511,0.));
#3484 = ORIENTED_EDGE('',*,*,#3485,.T.);
#3485 = EDGE_CURVE('',#3478,#3486,#3488,.T.);
#3486 = VERTEX_POINT('',#3487);
#3487 = CARTESIAN_POINT('',(23.779130813376,-24.48695742926,13.));
#3488 = CIRCLE('',#3489,34.13294810564);
#3489 = AXIS2_PLACEMENT_3D('',#3490,#3491,#3492);
#3490 = CARTESIAN_POINT('',(0.,0.,13.));
#3491 = DIRECTION('',(-0.,0.,1.));
#3492 = DIRECTION('',(1.,-6.123233995737E-17,0.));
#3493 = ORIENTED_EDGE('',*,*,#3494,.F.);
#3494 = EDGE_CURVE('',#3495,#3486,#3497,.T.);
#3495 = VERTEX_POINT('',#3496);
#3496 = CARTESIAN_POINT('',(23.54020204992,-24.24802866581,13.));
#3497 = LINE('',#3498,#3499);
#3498 = CARTESIAN_POINT('',(12.123474456878,-12.83130107276,13.));
#3499 = VECTOR('',#3500,1.);
#3500 = DIRECTION('',(0.707106781187,-0.707106781187,0.));
#3501 = ORIENTED_EDGE('',*,*,#3502,.F.);
#3502 = EDGE_CURVE('',#3503,#3495,#3505,.T.);
#3503 = VERTEX_POINT('',#3504);
#3504 = CARTESIAN_POINT('',(24.247308831107,-23.54092188462,13.));
#3505 = LINE('',#3506,#3507);
#3506 = CARTESIAN_POINT('',(23.717158703893,-24.07107201183,13.));
#3507 = VECTOR('',#3508,1.);
#3508 = DIRECTION('',(-0.707106781187,-0.707106781187,0.));
#3509 = ORIENTED_EDGE('',*,*,#3510,.F.);
#3510 = EDGE_CURVE('',#3511,#3503,#3513,.T.);
#3511 = VERTEX_POINT('',#3512);
#3512 = CARTESIAN_POINT('',(24.486248140267,-23.77986119378,13.));
#3513 = LINE('',#3514,#3515);
#3514 = CARTESIAN_POINT('',(12.300251152174,-11.59386420569,13.));
#3515 = VECTOR('',#3516,1.);
#3516 = DIRECTION('',(-0.707106781187,0.707106781187,0.));
#3517 = ORIENTED_EDGE('',*,*,#3518,.T.);
#3518 = EDGE_CURVE('',#3511,#3519,#3521,.T.);
#3519 = VERTEX_POINT('',#3520);
#3520 = CARTESIAN_POINT('',(31.339805176596,-13.52311938405,13.));
#3521 = CIRCLE('',#3522,34.13294810564);
#3522 = AXIS2_PLACEMENT_3D('',#3523,#3524,#3525);
#3523 = CARTESIAN_POINT('',(0.,0.,13.));
#3524 = DIRECTION('',(-0.,0.,1.));
#3525 = DIRECTION('',(1.,-6.123233995737E-17,0.));
#3526 = ORIENTED_EDGE('',*,*,#3527,.F.);
#3527 = EDGE_CURVE('',#3528,#3519,#3530,.T.);
#3528 = VERTEX_POINT('',#3529);
#3529 = CARTESIAN_POINT('',(31.027629703021,-13.39381206905,13.));
#3530 = LINE('',#3531,#3532);
#3531 = CARTESIAN_POINT('',(16.110956249869,-7.215123619271,13.));
#3532 = VECTOR('',#3533,1.);
#3533 = DIRECTION('',(0.923879532511,-0.382683432365,0.));
#3534 = ORIENTED_EDGE('',*,*,#3535,.F.);
#3535 = EDGE_CURVE('',#3536,#3528,#3538,.T.);
#3536 = VERTEX_POINT('',#3537);
#3537 = CARTESIAN_POINT('',(31.410313135386,-12.46993253654,13.));
#3538 = LINE('',#3539,#3540);
#3539 = CARTESIAN_POINT('',(31.123397954045,-13.16260705858,13.));
#3540 = VECTOR('',#3541,1.);
#3541 = DIRECTION('',(-0.382683432365,-0.923879532511,0.));
#3542 = ORIENTED_EDGE('',*,*,#3543,.F.);
#3543 = EDGE_CURVE('',#3544,#3536,#3546,.T.);
#3544 = VERTEX_POINT('',#3545);
#3545 = CARTESIAN_POINT('',(31.722502387587,-12.59924555883,13.));
#3546 = LINE('',#3547,#3548);
#3547 = CARTESIAN_POINT('',(15.800730032851,-6.004231512486,13.));
#3548 = VECTOR('',#3549,1.);
#3549 = DIRECTION('',(-0.923879532511,0.382683432365,0.));
#3550 = ORIENTED_EDGE('',*,*,#3551,.T.);
#3551 = EDGE_CURVE('',#3544,#3552,#3554,.T.);
#3552 = VERTEX_POINT('',#3553);
#3553 = CARTESIAN_POINT('',(34.12927829772,-0.500509,13.));
#3554 = CIRCLE('',#3555,34.13294810564);
#3555 = AXIS2_PLACEMENT_3D('',#3556,#3557,#3558);
#3556 = CARTESIAN_POINT('',(0.,0.,13.));
#3557 = DIRECTION('',(-0.,0.,1.));
#3558 = DIRECTION('',(1.,-6.123233995737E-17,0.));
#3559 = ORIENTED_EDGE('',*,*,#3560,.F.);
#3560 = EDGE_CURVE('',#3561,#3552,#3563,.T.);
#3561 = VERTEX_POINT('',#3562);
#3562 = CARTESIAN_POINT('',(33.791382,-0.500509,13.));
#3563 = LINE('',#3564,#3565);
#3564 = CARTESIAN_POINT('',(17.645691,-0.500509,13.));
#3565 = VECTOR('',#3566,1.);
#3566 = DIRECTION('',(1.,2.22044604925E-16,0.));
#3567 = ORIENTED_EDGE('',*,*,#3568,.F.);
#3568 = EDGE_CURVE('',#3412,#3561,#3569,.T.);
#3569 = LINE('',#3570,#3571);
#3570 = CARTESIAN_POINT('',(33.791382,-0.2502545,13.));
#3571 = VECTOR('',#3572,1.);
#3572 = DIRECTION('',(2.22044604925E-16,-1.,0.));
#3573 = ORIENTED_EDGE('',*,*,#3419,.F.);
#3574 = ORIENTED_EDGE('',*,*,#3313,.T.);
#3575 = ORIENTED_EDGE('',*,*,#3338,.F.);
#3576 = ORIENTED_EDGE('',*,*,#3577,.F.);
#3577 = EDGE_CURVE('',#3578,#3339,#3580,.T.);
#3578 = VERTEX_POINT('',#3579);
#3579 = CARTESIAN_POINT('',(31.028019274755,13.392871559694,13.));
#3580 = LINE('',#3581,#3582);
#3581 = CARTESIAN_POINT('',(31.314934456095,12.700197037651,13.));
#3582 = VECTOR('',#3583,1.);
#3583 = DIRECTION('',(0.382683432365,-0.923879532511,0.));
#3584 = ORIENTED_EDGE('',*,*,#3585,.F.);
#3585 = EDGE_CURVE('',#3586,#3578,#3588,.T.);
#3586 = VERTEX_POINT('',#3587);
#3587 = CARTESIAN_POINT('',(31.340208526956,13.522184581982,13.));
#3588 = LINE('',#3589,#3590);
#3589 = CARTESIAN_POINT('',(15.41843617222,6.927170535634,13.));
#3590 = VECTOR('',#3591,1.);
#3591 = DIRECTION('',(-0.923879532511,-0.382683432365,0.));
#3592 = ORIENTED_EDGE('',*,*,#3593,.T.);
#3593 = EDGE_CURVE('',#3586,#3594,#3596,.T.);
#3594 = VERTEX_POINT('',#3595);
#3595 = CARTESIAN_POINT('',(24.486957429266,23.779130813376,13.));
#3596 = CIRCLE('',#3597,34.13294810564);
#3597 = AXIS2_PLACEMENT_3D('',#3598,#3599,#3600);
#3598 = CARTESIAN_POINT('',(0.,0.,13.));
#3599 = DIRECTION('',(-0.,0.,1.));
#3600 = DIRECTION('',(1.,-6.123233995737E-17,0.));
#3601 = ORIENTED_EDGE('',*,*,#3602,.F.);
#3602 = EDGE_CURVE('',#3603,#3594,#3605,.T.);
#3603 = VERTEX_POINT('',#3604);
#3604 = CARTESIAN_POINT('',(24.24802866581,23.54020204992,13.));
#3605 = LINE('',#3606,#3607);
#3606 = CARTESIAN_POINT('',(12.831301072767,12.123474456878,13.));
#3607 = VECTOR('',#3608,1.);
#3608 = DIRECTION('',(0.707106781187,0.707106781187,0.));
#3609 = ORIENTED_EDGE('',*,*,#3610,.F.);
#3610 = EDGE_CURVE('',#3611,#3603,#3613,.T.);
#3611 = VERTEX_POINT('',#3612);
#3612 = CARTESIAN_POINT('',(23.540921884623,24.247308831107,13.));
#3613 = LINE('',#3614,#3615);
#3614 = CARTESIAN_POINT('',(24.071072011837,23.717158703893,13.));
#3615 = VECTOR('',#3616,1.);
#3616 = DIRECTION('',(0.707106781187,-0.707106781187,0.));
#3617 = ORIENTED_EDGE('',*,*,#3618,.F.);
#3618 = EDGE_CURVE('',#3619,#3611,#3621,.T.);
#3619 = VERTEX_POINT('',#3620);
#3620 = CARTESIAN_POINT('',(23.779861193783,24.486248140267,13.));
#3621 = LINE('',#3622,#3623);
#3622 = CARTESIAN_POINT('',(11.593864205691,12.300251152174,13.));
#3623 = VECTOR('',#3624,1.);
#3624 = DIRECTION('',(-0.707106781187,-0.707106781187,0.));
#3625 = ORIENTED_EDGE('',*,*,#3626,.T.);
#3626 = EDGE_CURVE('',#3619,#3627,#3629,.T.);
#3627 = VERTEX_POINT('',#3628);
#3628 = CARTESIAN_POINT('',(13.523119384053,31.339805176596,13.));
#3629 = CIRCLE('',#3630,34.13294810564);
#3630 = AXIS2_PLACEMENT_3D('',#3631,#3632,#3633);
#3631 = CARTESIAN_POINT('',(0.,0.,13.));
#3632 = DIRECTION('',(-0.,0.,1.));
#3633 = DIRECTION('',(1.,-6.123233995737E-17,0.));
#3634 = ORIENTED_EDGE('',*,*,#3635,.F.);
#3635 = EDGE_CURVE('',#3636,#3627,#3638,.T.);
#3636 = VERTEX_POINT('',#3637);
#3637 = CARTESIAN_POINT('',(13.393812069058,31.027629703021,13.));
#3638 = LINE('',#3639,#3640);
#3639 = CARTESIAN_POINT('',(7.215123619271,16.110956249869,13.));
#3640 = VECTOR('',#3641,1.);
#3641 = DIRECTION('',(0.382683432365,0.923879532511,0.));
#3642 = ORIENTED_EDGE('',*,*,#3643,.F.);
#3643 = EDGE_CURVE('',#3644,#3636,#3646,.T.);
#3644 = VERTEX_POINT('',#3645);
#3645 = CARTESIAN_POINT('',(12.469932536546,31.410313135386,13.));
#3646 = LINE('',#3647,#3648);
#3647 = CARTESIAN_POINT('',(13.162607058589,31.123397954046,13.));
#3648 = VECTOR('',#3649,1.);
#3649 = DIRECTION('',(0.923879532511,-0.382683432365,0.));
#3650 = ORIENTED_EDGE('',*,*,#3651,.F.);
#3651 = EDGE_CURVE('',#3652,#3644,#3654,.T.);
#3652 = VERTEX_POINT('',#3653);
#3653 = CARTESIAN_POINT('',(12.599245558835,31.722502387587,13.));
#3654 = LINE('',#3655,#3656);
#3655 = CARTESIAN_POINT('',(6.004231512486,15.800730032851,13.));
#3656 = VECTOR('',#3657,1.);
#3657 = DIRECTION('',(-0.382683432365,-0.923879532511,0.));
#3658 = ORIENTED_EDGE('',*,*,#3659,.T.);
#3659 = EDGE_CURVE('',#3652,#3660,#3662,.T.);
#3660 = VERTEX_POINT('',#3661);
#3661 = CARTESIAN_POINT('',(0.500509,34.12927829772,13.));
#3662 = CIRCLE('',#3663,34.13294810564);
#3663 = AXIS2_PLACEMENT_3D('',#3664,#3665,#3666);
#3664 = CARTESIAN_POINT('',(0.,0.,13.));
#3665 = DIRECTION('',(-0.,0.,1.));
#3666 = DIRECTION('',(1.,-6.123233995737E-17,0.));
#3667 = ORIENTED_EDGE('',*,*,#3668,.F.);
#3668 = EDGE_CURVE('',#3669,#3660,#3671,.T.);
#3669 = VERTEX_POINT('',#3670);
#3670 = CARTESIAN_POINT('',(0.500509,33.791382,13.));
#3671 = LINE('',#3672,#3673);
#3672 = CARTESIAN_POINT('',(0.500509,17.645691,13.));
#3673 = VECTOR('',#3674,1.);
#3674 = DIRECTION('',(-1.224646799147E-16,1.,0.));
#3675 = ORIENTED_EDGE('',*,*,#3676,.F.);
#3676 = EDGE_CURVE('',#3677,#3669,#3679,.T.);
#3677 = VERTEX_POINT('',#3678);
#3678 = CARTESIAN_POINT('',(-0.499491,33.791382,13.));
#3679 = LINE('',#3680,#3681);
#3680 = CARTESIAN_POINT('',(0.2502545,33.791382,13.));
#3681 = VECTOR('',#3682,1.);
#3682 = DIRECTION('',(1.,1.224646799147E-16,0.));
#3683 = ORIENTED_EDGE('',*,*,#3684,.F.);
#3684 = EDGE_CURVE('',#3685,#3677,#3687,.T.);
#3685 = VERTEX_POINT('',#3686);
#3686 = CARTESIAN_POINT('',(-0.499491,34.129293211598,13.));
#3687 = LINE('',#3688,#3689);
#3688 = CARTESIAN_POINT('',(-0.499491,16.895691,13.));
#3689 = VECTOR('',#3690,1.);
#3690 = DIRECTION('',(1.224646799147E-16,-1.,0.));
#3691 = ORIENTED_EDGE('',*,*,#3692,.T.);
#3692 = EDGE_CURVE('',#3685,#3693,#3695,.T.);
#3693 = VERTEX_POINT('',#3694);
#3694 = CARTESIAN_POINT('',(-12.59829934217,31.722878180695,13.));
#3695 = CIRCLE('',#3696,34.13294810564);
#3696 = AXIS2_PLACEMENT_3D('',#3697,#3698,#3699);
#3697 = CARTESIAN_POINT('',(0.,0.,13.));
#3698 = DIRECTION('',(-0.,0.,1.));
#3699 = DIRECTION('',(1.,-6.123233995737E-17,0.));
#3700 = ORIENTED_EDGE('',*,*,#3701,.F.);
#3701 = EDGE_CURVE('',#3702,#3693,#3704,.T.);
#3702 = VERTEX_POINT('',#3703);
#3703 = CARTESIAN_POINT('',(-12.46899202718,31.41070270712,13.));
#3704 = LINE('',#3705,#3706);
#3705 = CARTESIAN_POINT('',(-6.290303577396,16.494029253968,13.));
#3706 = VECTOR('',#3707,1.);
#3707 = DIRECTION('',(-0.382683432365,0.923879532511,0.));
#3708 = ORIENTED_EDGE('',*,*,#3709,.F.);
#3709 = EDGE_CURVE('',#3710,#3702,#3712,.T.);
#3710 = VERTEX_POINT('',#3711);
#3711 = CARTESIAN_POINT('',(-13.39287155969,31.028019274755,13.));
#3712 = LINE('',#3713,#3714);
#3713 = CARTESIAN_POINT('',(-12.70019703765,31.314934456095,13.));
#3714 = VECTOR('',#3715,1.);
#3715 = DIRECTION('',(0.923879532511,0.382683432365,0.));
#3716 = ORIENTED_EDGE('',*,*,#3717,.F.);
#3717 = EDGE_CURVE('',#3718,#3710,#3720,.T.);
#3718 = VERTEX_POINT('',#3719);
#3719 = CARTESIAN_POINT('',(-13.52218458198,31.340208526956,13.));
#3720 = LINE('',#3721,#3722);
#3721 = CARTESIAN_POINT('',(-6.927170535634,15.41843617222,13.));
#3722 = VECTOR('',#3723,1.);
#3723 = DIRECTION('',(0.382683432365,-0.923879532511,0.));
#3724 = ORIENTED_EDGE('',*,*,#3725,.T.);
#3725 = EDGE_CURVE('',#3718,#3726,#3728,.T.);
#3726 = VERTEX_POINT('',#3727);
#3727 = CARTESIAN_POINT('',(-23.77913081337,24.486957429266,13.));
#3728 = CIRCLE('',#3729,34.13294810564);
#3729 = AXIS2_PLACEMENT_3D('',#3730,#3731,#3732);
#3730 = CARTESIAN_POINT('',(0.,0.,13.));
#3731 = DIRECTION('',(-0.,0.,1.));
#3732 = DIRECTION('',(1.,-6.123233995737E-17,0.));
#3733 = ORIENTED_EDGE('',*,*,#3734,.F.);
#3734 = EDGE_CURVE('',#3735,#3726,#3737,.T.);
#3735 = VERTEX_POINT('',#3736);
#3736 = CARTESIAN_POINT('',(-23.54020204992,24.24802866581,13.));
#3737 = LINE('',#3738,#3739);
#3738 = CARTESIAN_POINT('',(-12.12347445687,12.831301072767,13.));
#3739 = VECTOR('',#3740,1.);
#3740 = DIRECTION('',(-0.707106781187,0.707106781187,0.));
#3741 = ORIENTED_EDGE('',*,*,#3742,.F.);
#3742 = EDGE_CURVE('',#3743,#3735,#3745,.T.);
#3743 = VERTEX_POINT('',#3744);
#3744 = CARTESIAN_POINT('',(-24.2473088311,23.540921884623,13.));
#3745 = LINE('',#3746,#3747);
#3746 = CARTESIAN_POINT('',(-23.71715870389,24.071072011837,13.));
#3747 = VECTOR('',#3748,1.);
#3748 = DIRECTION('',(0.707106781187,0.707106781187,0.));
#3749 = ORIENTED_EDGE('',*,*,#3750,.F.);
#3750 = EDGE_CURVE('',#3751,#3743,#3753,.T.);
#3751 = VERTEX_POINT('',#3752);
#3752 = CARTESIAN_POINT('',(-24.48624814026,23.779861193783,13.));
#3753 = LINE('',#3754,#3755);
#3754 = CARTESIAN_POINT('',(-12.30025115217,11.593864205691,13.));
#3755 = VECTOR('',#3756,1.);
#3756 = DIRECTION('',(0.707106781187,-0.707106781187,0.));
#3757 = ORIENTED_EDGE('',*,*,#3758,.T.);
#3758 = EDGE_CURVE('',#3751,#3759,#3761,.T.);
#3759 = VERTEX_POINT('',#3760);
#3760 = CARTESIAN_POINT('',(-31.33980517659,13.523119384053,13.));
#3761 = CIRCLE('',#3762,34.13294810564);
#3762 = AXIS2_PLACEMENT_3D('',#3763,#3764,#3765);
#3763 = CARTESIAN_POINT('',(0.,0.,13.));
#3764 = DIRECTION('',(-0.,0.,1.));
#3765 = DIRECTION('',(1.,-6.123233995737E-17,0.));
#3766 = ORIENTED_EDGE('',*,*,#3767,.F.);
#3767 = EDGE_CURVE('',#3768,#3759,#3770,.T.);
#3768 = VERTEX_POINT('',#3769);
#3769 = CARTESIAN_POINT('',(-31.02762970302,13.393812069058,13.));
#3770 = LINE('',#3771,#3772);
#3771 = CARTESIAN_POINT('',(-16.11095624986,7.215123619271,13.));
#3772 = VECTOR('',#3773,1.);
#3773 = DIRECTION('',(-0.923879532511,0.382683432365,0.));
#3774 = ORIENTED_EDGE('',*,*,#3775,.F.);
#3775 = EDGE_CURVE('',#3776,#3768,#3778,.T.);
#3776 = VERTEX_POINT('',#3777);
#3777 = CARTESIAN_POINT('',(-31.41031313538,12.469932536546,13.));
#3778 = LINE('',#3779,#3780);
#3779 = CARTESIAN_POINT('',(-31.12339795404,13.162607058589,13.));
#3780 = VECTOR('',#3781,1.);
#3781 = DIRECTION('',(0.382683432365,0.923879532511,0.));
#3782 = ORIENTED_EDGE('',*,*,#3783,.F.);
#3783 = EDGE_CURVE('',#3784,#3776,#3786,.T.);
#3784 = VERTEX_POINT('',#3785);
#3785 = CARTESIAN_POINT('',(-31.72250238758,12.599245558835,13.));
#3786 = LINE('',#3787,#3788);
#3787 = CARTESIAN_POINT('',(-15.80073003285,6.004231512486,13.));
#3788 = VECTOR('',#3789,1.);
#3789 = DIRECTION('',(0.923879532511,-0.382683432365,0.));
#3790 = ORIENTED_EDGE('',*,*,#3791,.T.);
#3791 = EDGE_CURVE('',#3784,#3792,#3794,.T.);
#3792 = VERTEX_POINT('',#3793);
#3793 = CARTESIAN_POINT('',(-34.12927829772,0.500509,13.));
#3794 = CIRCLE('',#3795,34.13294810564);
#3795 = AXIS2_PLACEMENT_3D('',#3796,#3797,#3798);
#3796 = CARTESIAN_POINT('',(0.,0.,13.));
#3797 = DIRECTION('',(-0.,0.,1.));
#3798 = DIRECTION('',(1.,-6.123233995737E-17,0.));
#3799 = ORIENTED_EDGE('',*,*,#3800,.F.);
#3800 = EDGE_CURVE('',#3801,#3792,#3803,.T.);
#3801 = VERTEX_POINT('',#3802);
#3802 = CARTESIAN_POINT('',(-33.791382,0.500509,13.));
#3803 = LINE('',#3804,#3805);
#3804 = CARTESIAN_POINT('',(-17.645691,0.500509,13.));
#3805 = VECTOR('',#3806,1.);
#3806 = DIRECTION('',(-1.,-1.110223024625E-16,0.));
#3807 = ORIENTED_EDGE('',*,*,#3808,.F.);
#3808 = EDGE_CURVE('',#3809,#3801,#3811,.T.);
#3809 = VERTEX_POINT('',#3810);
#3810 = CARTESIAN_POINT('',(-33.791382,-0.499491,13.));
#3811 = LINE('',#3812,#3813);
#3812 = CARTESIAN_POINT('',(-33.791382,0.2502545,13.));
#3813 = VECTOR('',#3814,1.);
#3814 = DIRECTION('',(-1.110223024625E-16,1.,0.));
#3815 = ORIENTED_EDGE('',*,*,#3816,.F.);
#3816 = EDGE_CURVE('',#3817,#3809,#3819,.T.);
#3817 = VERTEX_POINT('',#3818);
#3818 = CARTESIAN_POINT('',(-34.12929321159,-0.499491,13.));
#3819 = LINE('',#3820,#3821);
#3820 = CARTESIAN_POINT('',(-16.895691,-0.499491,13.));
#3821 = VECTOR('',#3822,1.);
#3822 = DIRECTION('',(1.,1.110223024625E-16,0.));
#3823 = ORIENTED_EDGE('',*,*,#3824,.T.);
#3824 = EDGE_CURVE('',#3817,#3825,#3827,.T.);
#3825 = VERTEX_POINT('',#3826);
#3826 = CARTESIAN_POINT('',(-31.72287818069,-12.59829934217,13.));
#3827 = CIRCLE('',#3828,34.13294810564);
#3828 = AXIS2_PLACEMENT_3D('',#3829,#3830,#3831);
#3829 = CARTESIAN_POINT('',(0.,0.,13.));
#3830 = DIRECTION('',(-0.,0.,1.));
#3831 = DIRECTION('',(1.,-6.123233995737E-17,0.));
#3832 = ORIENTED_EDGE('',*,*,#3833,.F.);
#3833 = EDGE_CURVE('',#3834,#3825,#3836,.T.);
#3834 = VERTEX_POINT('',#3835);
#3835 = CARTESIAN_POINT('',(-31.41070270712,-12.46899202718,13.));
#3836 = LINE('',#3837,#3838);
#3837 = CARTESIAN_POINT('',(-16.49402925396,-6.290303577396,13.));
#3838 = VECTOR('',#3839,1.);
#3839 = DIRECTION('',(-0.923879532511,-0.382683432365,0.));
#3840 = ORIENTED_EDGE('',*,*,#3841,.F.);
#3841 = EDGE_CURVE('',#3842,#3834,#3844,.T.);
#3842 = VERTEX_POINT('',#3843);
#3843 = CARTESIAN_POINT('',(-31.02801927475,-13.39287155969,13.));
#3844 = LINE('',#3845,#3846);
#3845 = CARTESIAN_POINT('',(-31.31493445609,-12.70019703765,13.));
#3846 = VECTOR('',#3847,1.);
#3847 = DIRECTION('',(-0.382683432365,0.923879532511,0.));
#3848 = ORIENTED_EDGE('',*,*,#3849,.F.);
#3849 = EDGE_CURVE('',#3850,#3842,#3852,.T.);
#3850 = VERTEX_POINT('',#3851);
#3851 = CARTESIAN_POINT('',(-31.34020852695,-13.52218458198,13.));
#3852 = LINE('',#3853,#3854);
#3853 = CARTESIAN_POINT('',(-15.41843617222,-6.927170535634,13.));
#3854 = VECTOR('',#3855,1.);
#3855 = DIRECTION('',(0.923879532511,0.382683432365,0.));
#3856 = ORIENTED_EDGE('',*,*,#3857,.T.);
#3857 = EDGE_CURVE('',#3850,#3858,#3860,.T.);
#3858 = VERTEX_POINT('',#3859);
#3859 = CARTESIAN_POINT('',(-24.48695742926,-23.77913081337,13.));
#3860 = CIRCLE('',#3861,34.13294810564);
#3861 = AXIS2_PLACEMENT_3D('',#3862,#3863,#3864);
#3862 = CARTESIAN_POINT('',(0.,0.,13.));
#3863 = DIRECTION('',(-0.,0.,1.));
#3864 = DIRECTION('',(1.,-6.123233995737E-17,0.));
#3865 = ORIENTED_EDGE('',*,*,#3866,.F.);
#3866 = EDGE_CURVE('',#3867,#3858,#3869,.T.);
#3867 = VERTEX_POINT('',#3868);
#3868 = CARTESIAN_POINT('',(-24.24802866581,-23.54020204992,13.));
#3869 = LINE('',#3870,#3871);
#3870 = CARTESIAN_POINT('',(-12.83130107276,-12.12347445687,13.));
#3871 = VECTOR('',#3872,1.);
#3872 = DIRECTION('',(-0.707106781187,-0.707106781187,0.));
#3873 = ORIENTED_EDGE('',*,*,#3874,.F.);
#3874 = EDGE_CURVE('',#3875,#3867,#3877,.T.);
#3875 = VERTEX_POINT('',#3876);
#3876 = CARTESIAN_POINT('',(-23.54092188462,-24.2473088311,13.));
#3877 = LINE('',#3878,#3879);
#3878 = CARTESIAN_POINT('',(-24.07107201183,-23.71715870389,13.));
#3879 = VECTOR('',#3880,1.);
#3880 = DIRECTION('',(-0.707106781187,0.707106781187,0.));
#3881 = ORIENTED_EDGE('',*,*,#3882,.F.);
#3882 = EDGE_CURVE('',#3883,#3875,#3885,.T.);
#3883 = VERTEX_POINT('',#3884);
#3884 = CARTESIAN_POINT('',(-23.77986119378,-24.48624814026,13.));
#3885 = LINE('',#3886,#3887);
#3886 = CARTESIAN_POINT('',(-11.59386420569,-12.30025115217,13.));
#3887 = VECTOR('',#3888,1.);
#3888 = DIRECTION('',(0.707106781187,0.707106781187,0.));
#3889 = ORIENTED_EDGE('',*,*,#3890,.T.);
#3890 = EDGE_CURVE('',#3883,#3891,#3893,.T.);
#3891 = VERTEX_POINT('',#3892);
#3892 = CARTESIAN_POINT('',(-13.52311938405,-31.33980517659,13.));
#3893 = CIRCLE('',#3894,34.13294810564);
#3894 = AXIS2_PLACEMENT_3D('',#3895,#3896,#3897);
#3895 = CARTESIAN_POINT('',(0.,0.,13.));
#3896 = DIRECTION('',(-0.,0.,1.));
#3897 = DIRECTION('',(1.,-6.123233995737E-17,0.));
#3898 = ORIENTED_EDGE('',*,*,#3899,.F.);
#3899 = EDGE_CURVE('',#3900,#3891,#3902,.T.);
#3900 = VERTEX_POINT('',#3901);
#3901 = CARTESIAN_POINT('',(-13.39381206905,-31.02762970302,13.));
#3902 = LINE('',#3903,#3904);
#3903 = CARTESIAN_POINT('',(-7.215123619271,-16.11095624986,13.));
#3904 = VECTOR('',#3905,1.);
#3905 = DIRECTION('',(-0.382683432365,-0.923879532511,0.));
#3906 = ORIENTED_EDGE('',*,*,#3907,.F.);
#3907 = EDGE_CURVE('',#3908,#3900,#3910,.T.);
#3908 = VERTEX_POINT('',#3909);
#3909 = CARTESIAN_POINT('',(-12.46993253654,-31.41031313538,13.));
#3910 = LINE('',#3911,#3912);
#3911 = CARTESIAN_POINT('',(-13.16260705858,-31.12339795404,13.));
#3912 = VECTOR('',#3913,1.);
#3913 = DIRECTION('',(-0.923879532511,0.382683432365,0.));
#3914 = ORIENTED_EDGE('',*,*,#3915,.F.);
#3915 = EDGE_CURVE('',#3916,#3908,#3918,.T.);
#3916 = VERTEX_POINT('',#3917);
#3917 = CARTESIAN_POINT('',(-12.59924555883,-31.72250238758,13.));
#3918 = LINE('',#3919,#3920);
#3919 = CARTESIAN_POINT('',(-6.004231512486,-15.80073003285,13.));
#3920 = VECTOR('',#3921,1.);
#3921 = DIRECTION('',(0.382683432365,0.923879532511,0.));
#3922 = ORIENTED_EDGE('',*,*,#3923,.T.);
#3923 = EDGE_CURVE('',#3916,#3924,#3926,.T.);
#3924 = VERTEX_POINT('',#3925);
#3925 = CARTESIAN_POINT('',(-0.500509,-34.12927829772,13.));
#3926 = CIRCLE('',#3927,34.13294810564);
#3927 = AXIS2_PLACEMENT_3D('',#3928,#3929,#3930);
#3928 = CARTESIAN_POINT('',(0.,0.,13.));
#3929 = DIRECTION('',(-0.,0.,1.));
#3930 = DIRECTION('',(1.,-6.123233995737E-17,0.));
#3931 = ORIENTED_EDGE('',*,*,#3932,.F.);
#3932 = EDGE_CURVE('',#3933,#3924,#3935,.T.);
#3933 = VERTEX_POINT('',#3934);
#3934 = CARTESIAN_POINT('',(-0.500509,-33.791382,13.));
#3935 = LINE('',#3936,#3937);
#3936 = CARTESIAN_POINT('',(-0.500509,-17.645691,13.));
#3937 = VECTOR('',#3938,1.);
#3938 = DIRECTION('',(0.,-1.,0.));
#3939 = ORIENTED_EDGE('',*,*,#3940,.F.);
#3940 = EDGE_CURVE('',#3445,#3933,#3941,.T.);
#3941 = LINE('',#3942,#3943);
#3942 = CARTESIAN_POINT('',(-0.2502545,-33.791382,13.));
#3943 = VECTOR('',#3944,1.);
#3944 = DIRECTION('',(-1.,0.,0.));
#3945 = FACE_BOUND('',#3946,.T.);
#3946 = EDGE_LOOP('',(#3947));
#3947 = ORIENTED_EDGE('',*,*,#3948,.F.);
#3948 = EDGE_CURVE('',#3949,#3949,#3951,.T.);
#3949 = VERTEX_POINT('',#3950);
#3950 = CARTESIAN_POINT('',(22.8,0.,13.));
#3951 = CIRCLE('',#3952,22.8);
#3952 = AXIS2_PLACEMENT_3D('',#3953,#3954,#3955);
#3953 = CARTESIAN_POINT('',(0.,0.,13.));
#3954 = DIRECTION('',(0.,0.,1.));
#3955 = DIRECTION('',(1.,0.,0.));
#3956 = FACE_BOUND('',#3957,.T.);
#3957 = EDGE_LOOP('',(#3958,#3968,#3977,#3985,#3994,#4002,#4011,#4019));
#3958 = ORIENTED_EDGE('',*,*,#3959,.F.);
#3959 = EDGE_CURVE('',#3960,#3962,#3964,.T.);
#3960 = VERTEX_POINT('',#3961);
#3961 = CARTESIAN_POINT('',(24.5,5.,13.));
#3962 = VERTEX_POINT('',#3963);
#3963 = CARTESIAN_POINT('',(24.5,-5.,13.));
#3964 = LINE('',#3965,#3966);
#3965 = CARTESIAN_POINT('',(24.5,5.,13.));
#3966 = VECTOR('',#3967,1.);
#3967 = DIRECTION('',(0.,-1.,0.));
#3968 = ORIENTED_EDGE('',*,*,#3969,.F.);
#3969 = EDGE_CURVE('',#3970,#3960,#3972,.T.);
#3970 = VERTEX_POINT('',#3971);
#3971 = CARTESIAN_POINT('',(25.5,6.,13.));
#3972 = CIRCLE('',#3973,1.);
#3973 = AXIS2_PLACEMENT_3D('',#3974,#3975,#3976);
#3974 = CARTESIAN_POINT('',(25.5,5.,13.));
#3975 = DIRECTION('',(0.,0.,1.));
#3976 = DIRECTION('',(1.,0.,0.));
#3977 = ORIENTED_EDGE('',*,*,#3978,.F.);
#3978 = EDGE_CURVE('',#3979,#3970,#3981,.T.);
#3979 = VERTEX_POINT('',#3980);
#3980 = CARTESIAN_POINT('',(32.,6.,13.));
#3981 = LINE('',#3982,#3983);
#3982 = CARTESIAN_POINT('',(32.,6.,13.));
#3983 = VECTOR('',#3984,1.);
#3984 = DIRECTION('',(-1.,0.,0.));
#3985 = ORIENTED_EDGE('',*,*,#3986,.F.);
#3986 = EDGE_CURVE('',#3987,#3979,#3989,.T.);
#3987 = VERTEX_POINT('',#3988);
#3988 = CARTESIAN_POINT('',(33.,5.,13.));
#3989 = CIRCLE('',#3990,1.);
#3990 = AXIS2_PLACEMENT_3D('',#3991,#3992,#3993);
#3991 = CARTESIAN_POINT('',(32.,5.,13.));
#3992 = DIRECTION('',(0.,0.,1.));
#3993 = DIRECTION('',(1.,0.,0.));
#3994 = ORIENTED_EDGE('',*,*,#3995,.F.);
#3995 = EDGE_CURVE('',#3996,#3987,#3998,.T.);
#3996 = VERTEX_POINT('',#3997);
#3997 = CARTESIAN_POINT('',(33.,-5.,13.));
#3998 = LINE('',#3999,#4000);
#3999 = CARTESIAN_POINT('',(33.,-5.,13.));
#4000 = VECTOR('',#4001,1.);
#4001 = DIRECTION('',(0.,1.,0.));
#4002 = ORIENTED_EDGE('',*,*,#4003,.F.);
#4003 = EDGE_CURVE('',#4004,#3996,#4006,.T.);
#4004 = VERTEX_POINT('',#4005);
#4005 = CARTESIAN_POINT('',(32.,-6.,13.));
#4006 = CIRCLE('',#4007,1.);
#4007 = AXIS2_PLACEMENT_3D('',#4008,#4009,#4010);
#4008 = CARTESIAN_POINT('',(32.,-5.,13.));
#4009 = DIRECTION('',(0.,0.,1.));
#4010 = DIRECTION('',(1.,0.,0.));
#4011 = ORIENTED_EDGE('',*,*,#4012,.F.);
#4012 = EDGE_CURVE('',#4013,#4004,#4015,.T.);
#4013 = VERTEX_POINT('',#4014);
#4014 = CARTESIAN_POINT('',(25.5,-6.,13.));
#4015 = LINE('',#4016,#4017);
#4016 = CARTESIAN_POINT('',(25.5,-6.,13.));
#4017 = VECTOR('',#4018,1.);
#4018 = DIRECTION('',(1.,0.,0.));
#4019 = ORIENTED_EDGE('',*,*,#4020,.F.);
#4020 = EDGE_CURVE('',#3962,#4013,#4021,.T.);
#4021 = CIRCLE('',#4022,1.);
#4022 = AXIS2_PLACEMENT_3D('',#4023,#4024,#4025);
#4023 = CARTESIAN_POINT('',(25.5,-5.,13.));
#4024 = DIRECTION('',(0.,0.,1.));
#4025 = DIRECTION('',(1.,0.,0.));
#4026 = PLANE('',#4027);
#4027 = AXIS2_PLACEMENT_3D('',#4028,#4029,#4030);
#4028 = CARTESIAN_POINT('',(0.,0.,13.));
#4029 = DIRECTION('',(0.,0.,1.));
#4030 = DIRECTION('',(1.,0.,0.));
#4031 = ADVANCED_FACE('',(#4032),#4044,.F.);
#4032 = FACE_BOUND('',#4033,.F.);
#4033 = EDGE_LOOP('',(#4034,#4041,#4042,#4043));
#4034 = ORIENTED_EDGE('',*,*,#4035,.T.);
#4035 = EDGE_CURVE('',#3355,#3402,#4036,.T.);
#4036 = CIRCLE('',#4037,33.85);
#4037 = AXIS2_PLACEMENT_3D('',#4038,#4039,#4040);
#4038 = CARTESIAN_POINT('',(0.,0.,12.));
#4039 = DIRECTION('',(0.,0.,-1.));
#4040 = DIRECTION('',(1.,0.,0.));
#4041 = ORIENTED_EDGE('',*,*,#3428,.T.);
#4042 = ORIENTED_EDGE('',*,*,#3386,.F.);
#4043 = ORIENTED_EDGE('',*,*,#3362,.F.);
#4044 = CYLINDRICAL_SURFACE('',#4045,33.85);
#4045 = AXIS2_PLACEMENT_3D('',#4046,#4047,#4048);
#4046 = CARTESIAN_POINT('',(0.,0.,10.));
#4047 = DIRECTION('',(0.,0.,-1.));
#4048 = DIRECTION('',(1.,0.,0.));
#4049 = ADVANCED_FACE('',(#4050,#4556),#4593,.F.);
#4050 = FACE_BOUND('',#4051,.F.);
#4051 = EDGE_LOOP('',(#4052,#4063,#4071,#4077,#4078,#4079,#4080,#4088,
    #4096,#4105,#4113,#4121,#4129,#4138,#4146,#4154,#4162,#4171,#4179,
    #4187,#4195,#4204,#4212,#4220,#4228,#4237,#4245,#4253,#4261,#4270,
    #4278,#4286,#4294,#4303,#4311,#4319,#4327,#4336,#4344,#4352,#4360,
    #4369,#4377,#4385,#4393,#4402,#4410,#4418,#4426,#4435,#4443,#4451,
    #4459,#4468,#4476,#4484,#4492,#4501,#4509,#4517,#4525,#4534,#4542,
    #4550));
#4052 = ORIENTED_EDGE('',*,*,#4053,.F.);
#4053 = EDGE_CURVE('',#4054,#4056,#4058,.T.);
#4054 = VERTEX_POINT('',#4055);
#4055 = CARTESIAN_POINT('',(33.846299513254,-0.500509,12.));
#4056 = VERTEX_POINT('',#4057);
#4057 = CARTESIAN_POINT('',(31.461064195683,-12.49095431402,12.));
#4058 = CIRCLE('',#4059,33.85);
#4059 = AXIS2_PLACEMENT_3D('',#4060,#4061,#4062);
#4060 = CARTESIAN_POINT('',(0.,0.,12.));
#4061 = DIRECTION('',(0.,0.,-1.));
#4062 = DIRECTION('',(1.,0.,0.));
#4063 = ORIENTED_EDGE('',*,*,#4064,.F.);
#4064 = EDGE_CURVE('',#4065,#4054,#4067,.T.);
#4065 = VERTEX_POINT('',#4066);
#4066 = CARTESIAN_POINT('',(33.791382,-0.500509,12.));
#4067 = LINE('',#4068,#4069);
#4068 = CARTESIAN_POINT('',(17.645691,-0.500509,12.));
#4069 = VECTOR('',#4070,1.);
#4070 = DIRECTION('',(1.,2.22044604925E-16,0.));
#4071 = ORIENTED_EDGE('',*,*,#4072,.F.);
#4072 = EDGE_CURVE('',#3404,#4065,#4073,.T.);
#4073 = LINE('',#4074,#4075);
#4074 = CARTESIAN_POINT('',(33.791382,-0.2502545,12.));
#4075 = VECTOR('',#4076,1.);
#4076 = DIRECTION('',(2.22044604925E-16,-1.,0.));
#4077 = ORIENTED_EDGE('',*,*,#3401,.F.);
#4078 = ORIENTED_EDGE('',*,*,#4035,.F.);
#4079 = ORIENTED_EDGE('',*,*,#3354,.F.);
#4080 = ORIENTED_EDGE('',*,*,#4081,.F.);
#4081 = EDGE_CURVE('',#4082,#3347,#4084,.T.);
#4082 = VERTEX_POINT('',#4083);
#4083 = CARTESIAN_POINT('',(31.028019274755,13.392871559694,12.));
#4084 = LINE('',#4085,#4086);
#4085 = CARTESIAN_POINT('',(31.314934456095,12.700197037651,12.));
#4086 = VECTOR('',#4087,1.);
#4087 = DIRECTION('',(0.382683432365,-0.923879532511,0.));
#4088 = ORIENTED_EDGE('',*,*,#4089,.F.);
#4089 = EDGE_CURVE('',#4090,#4082,#4092,.T.);
#4090 = VERTEX_POINT('',#4091);
#4091 = CARTESIAN_POINT('',(31.078770335052,13.413893337174,12.));
#4092 = LINE('',#4093,#4094);
#4093 = CARTESIAN_POINT('',(15.41843617222,6.927170535634,12.));
#4094 = VECTOR('',#4095,1.);
#4095 = DIRECTION('',(-0.923879532511,-0.382683432365,0.));
#4096 = ORIENTED_EDGE('',*,*,#4097,.F.);
#4097 = EDGE_CURVE('',#4098,#4090,#4100,.T.);
#4098 = VERTEX_POINT('',#4099);
#4099 = CARTESIAN_POINT('',(24.286861211838,23.579034595948,12.));
#4100 = CIRCLE('',#4101,33.85);
#4101 = AXIS2_PLACEMENT_3D('',#4102,#4103,#4104);
#4102 = CARTESIAN_POINT('',(0.,0.,12.));
#4103 = DIRECTION('',(0.,0.,-1.));
#4104 = DIRECTION('',(1.,0.,0.));
#4105 = ORIENTED_EDGE('',*,*,#4106,.F.);
#4106 = EDGE_CURVE('',#4107,#4098,#4109,.T.);
#4107 = VERTEX_POINT('',#4108);
#4108 = CARTESIAN_POINT('',(24.24802866581,23.54020204992,12.));
#4109 = LINE('',#4110,#4111);
#4110 = CARTESIAN_POINT('',(12.831301072767,12.123474456878,12.));
#4111 = VECTOR('',#4112,1.);
#4112 = DIRECTION('',(0.707106781187,0.707106781187,0.));
#4113 = ORIENTED_EDGE('',*,*,#4114,.F.);
#4114 = EDGE_CURVE('',#4115,#4107,#4117,.T.);
#4115 = VERTEX_POINT('',#4116);
#4116 = CARTESIAN_POINT('',(23.540921884623,24.247308831107,12.));
#4117 = LINE('',#4118,#4119);
#4118 = CARTESIAN_POINT('',(24.071072011837,23.717158703893,12.));
#4119 = VECTOR('',#4120,1.);
#4120 = DIRECTION('',(0.707106781187,-0.707106781187,0.));
#4121 = ORIENTED_EDGE('',*,*,#4122,.F.);
#4122 = EDGE_CURVE('',#4123,#4115,#4125,.T.);
#4123 = VERTEX_POINT('',#4124);
#4124 = CARTESIAN_POINT('',(23.579765064525,24.286152011008,12.));
#4125 = LINE('',#4126,#4127);
#4126 = CARTESIAN_POINT('',(11.593864205691,12.300251152174,12.));
#4127 = VECTOR('',#4128,1.);
#4128 = DIRECTION('',(-0.707106781187,-0.707106781187,0.));
#4129 = ORIENTED_EDGE('',*,*,#4130,.F.);
#4130 = EDGE_CURVE('',#4131,#4123,#4133,.T.);
#4131 = VERTEX_POINT('',#4132);
#4132 = CARTESIAN_POINT('',(13.414828091527,31.078366869493,12.));
#4133 = CIRCLE('',#4134,33.85);
#4134 = AXIS2_PLACEMENT_3D('',#4135,#4136,#4137);
#4135 = CARTESIAN_POINT('',(0.,0.,12.));
#4136 = DIRECTION('',(0.,0.,-1.));
#4137 = DIRECTION('',(1.,0.,0.));
#4138 = ORIENTED_EDGE('',*,*,#4139,.F.);
#4139 = EDGE_CURVE('',#4140,#4131,#4142,.T.);
#4140 = VERTEX_POINT('',#4141);
#4141 = CARTESIAN_POINT('',(13.393812069058,31.027629703021,12.));
#4142 = LINE('',#4143,#4144);
#4143 = CARTESIAN_POINT('',(7.215123619271,16.110956249869,12.));
#4144 = VECTOR('',#4145,1.);
#4145 = DIRECTION('',(0.382683432365,0.923879532511,0.));
#4146 = ORIENTED_EDGE('',*,*,#4147,.F.);
#4147 = EDGE_CURVE('',#4148,#4140,#4150,.T.);
#4148 = VERTEX_POINT('',#4149);
#4149 = CARTESIAN_POINT('',(12.469932536546,31.410313135386,12.));
#4150 = LINE('',#4151,#4152);
#4151 = CARTESIAN_POINT('',(13.162607058589,31.123397954046,12.));
#4152 = VECTOR('',#4153,1.);
#4153 = DIRECTION('',(0.923879532511,-0.382683432365,0.));
#4154 = ORIENTED_EDGE('',*,*,#4155,.F.);
#4155 = EDGE_CURVE('',#4156,#4148,#4158,.T.);
#4156 = VERTEX_POINT('',#4157);
#4157 = CARTESIAN_POINT('',(12.490954314026,31.461064195683,12.));
#4158 = LINE('',#4159,#4160);
#4159 = CARTESIAN_POINT('',(6.004231512486,15.800730032851,12.));
#4160 = VECTOR('',#4161,1.);
#4161 = DIRECTION('',(-0.382683432365,-0.923879532511,0.));
#4162 = ORIENTED_EDGE('',*,*,#4163,.F.);
#4163 = EDGE_CURVE('',#4164,#4156,#4166,.T.);
#4164 = VERTEX_POINT('',#4165);
#4165 = CARTESIAN_POINT('',(0.500509,33.846299513254,12.));
#4166 = CIRCLE('',#4167,33.85);
#4167 = AXIS2_PLACEMENT_3D('',#4168,#4169,#4170);
#4168 = CARTESIAN_POINT('',(0.,0.,12.));
#4169 = DIRECTION('',(0.,0.,-1.));
#4170 = DIRECTION('',(1.,0.,0.));
#4171 = ORIENTED_EDGE('',*,*,#4172,.F.);
#4172 = EDGE_CURVE('',#4173,#4164,#4175,.T.);
#4173 = VERTEX_POINT('',#4174);
#4174 = CARTESIAN_POINT('',(0.500509,33.791382,12.));
#4175 = LINE('',#4176,#4177);
#4176 = CARTESIAN_POINT('',(0.500509,17.645691,12.));
#4177 = VECTOR('',#4178,1.);
#4178 = DIRECTION('',(-1.224646799147E-16,1.,0.));
#4179 = ORIENTED_EDGE('',*,*,#4180,.F.);
#4180 = EDGE_CURVE('',#4181,#4173,#4183,.T.);
#4181 = VERTEX_POINT('',#4182);
#4182 = CARTESIAN_POINT('',(-0.499491,33.791382,12.));
#4183 = LINE('',#4184,#4185);
#4184 = CARTESIAN_POINT('',(0.2502545,33.791382,12.));
#4185 = VECTOR('',#4186,1.);
#4186 = DIRECTION('',(1.,1.224646799147E-16,0.));
#4187 = ORIENTED_EDGE('',*,*,#4188,.F.);
#4188 = EDGE_CURVE('',#4189,#4181,#4191,.T.);
#4189 = VERTEX_POINT('',#4190);
#4190 = CARTESIAN_POINT('',(-0.499491,33.846314551823,12.));
#4191 = LINE('',#4192,#4193);
#4192 = CARTESIAN_POINT('',(-0.499491,16.895691,12.));
#4193 = VECTOR('',#4194,1.);
#4194 = DIRECTION('',(1.224646799147E-16,-1.,0.));
#4195 = ORIENTED_EDGE('',*,*,#4196,.F.);
#4196 = EDGE_CURVE('',#4197,#4189,#4199,.T.);
#4197 = VERTEX_POINT('',#4198);
#4198 = CARTESIAN_POINT('',(-12.49000804965,31.461439873592,12.));
#4199 = CIRCLE('',#4200,33.85);
#4200 = AXIS2_PLACEMENT_3D('',#4201,#4202,#4203);
#4201 = CARTESIAN_POINT('',(0.,0.,12.));
#4202 = DIRECTION('',(0.,0.,-1.));
#4203 = DIRECTION('',(1.,0.,0.));
#4204 = ORIENTED_EDGE('',*,*,#4205,.F.);
#4205 = EDGE_CURVE('',#4206,#4197,#4208,.T.);
#4206 = VERTEX_POINT('',#4207);
#4207 = CARTESIAN_POINT('',(-12.46899202718,31.41070270712,12.));
#4208 = LINE('',#4209,#4210);
#4209 = CARTESIAN_POINT('',(-6.290303577396,16.494029253968,12.));
#4210 = VECTOR('',#4211,1.);
#4211 = DIRECTION('',(-0.382683432365,0.923879532511,0.));
#4212 = ORIENTED_EDGE('',*,*,#4213,.F.);
#4213 = EDGE_CURVE('',#4214,#4206,#4216,.T.);
#4214 = VERTEX_POINT('',#4215);
#4215 = CARTESIAN_POINT('',(-13.39287155969,31.028019274755,12.));
#4216 = LINE('',#4217,#4218);
#4217 = CARTESIAN_POINT('',(-12.70019703765,31.314934456095,12.));
#4218 = VECTOR('',#4219,1.);
#4219 = DIRECTION('',(0.923879532511,0.382683432365,0.));
#4220 = ORIENTED_EDGE('',*,*,#4221,.F.);
#4221 = EDGE_CURVE('',#4222,#4214,#4224,.T.);
#4222 = VERTEX_POINT('',#4223);
#4223 = CARTESIAN_POINT('',(-13.41389333717,31.078770335052,12.));
#4224 = LINE('',#4225,#4226);
#4225 = CARTESIAN_POINT('',(-6.927170535634,15.41843617222,12.));
#4226 = VECTOR('',#4227,1.);
#4227 = DIRECTION('',(0.382683432365,-0.923879532511,0.));
#4228 = ORIENTED_EDGE('',*,*,#4229,.F.);
#4229 = EDGE_CURVE('',#4230,#4222,#4232,.T.);
#4230 = VERTEX_POINT('',#4231);
#4231 = CARTESIAN_POINT('',(-23.57903459594,24.286861211838,12.));
#4232 = CIRCLE('',#4233,33.85);
#4233 = AXIS2_PLACEMENT_3D('',#4234,#4235,#4236);
#4234 = CARTESIAN_POINT('',(0.,0.,12.));
#4235 = DIRECTION('',(0.,0.,-1.));
#4236 = DIRECTION('',(1.,0.,0.));
#4237 = ORIENTED_EDGE('',*,*,#4238,.F.);
#4238 = EDGE_CURVE('',#4239,#4230,#4241,.T.);
#4239 = VERTEX_POINT('',#4240);
#4240 = CARTESIAN_POINT('',(-23.54020204992,24.24802866581,12.));
#4241 = LINE('',#4242,#4243);
#4242 = CARTESIAN_POINT('',(-12.12347445687,12.831301072767,12.));
#4243 = VECTOR('',#4244,1.);
#4244 = DIRECTION('',(-0.707106781187,0.707106781187,0.));
#4245 = ORIENTED_EDGE('',*,*,#4246,.F.);
#4246 = EDGE_CURVE('',#4247,#4239,#4249,.T.);
#4247 = VERTEX_POINT('',#4248);
#4248 = CARTESIAN_POINT('',(-24.2473088311,23.540921884623,12.));
#4249 = LINE('',#4250,#4251);
#4250 = CARTESIAN_POINT('',(-23.71715870389,24.071072011837,12.));
#4251 = VECTOR('',#4252,1.);
#4252 = DIRECTION('',(0.707106781187,0.707106781187,0.));
#4253 = ORIENTED_EDGE('',*,*,#4254,.F.);
#4254 = EDGE_CURVE('',#4255,#4247,#4257,.T.);
#4255 = VERTEX_POINT('',#4256);
#4256 = CARTESIAN_POINT('',(-24.286152011,23.579765064525,12.));
#4257 = LINE('',#4258,#4259);
#4258 = CARTESIAN_POINT('',(-12.30025115217,11.593864205691,12.));
#4259 = VECTOR('',#4260,1.);
#4260 = DIRECTION('',(0.707106781187,-0.707106781187,0.));
#4261 = ORIENTED_EDGE('',*,*,#4262,.F.);
#4262 = EDGE_CURVE('',#4263,#4255,#4265,.T.);
#4263 = VERTEX_POINT('',#4264);
#4264 = CARTESIAN_POINT('',(-31.07836686949,13.414828091527,12.));
#4265 = CIRCLE('',#4266,33.85);
#4266 = AXIS2_PLACEMENT_3D('',#4267,#4268,#4269);
#4267 = CARTESIAN_POINT('',(0.,0.,12.));
#4268 = DIRECTION('',(0.,0.,-1.));
#4269 = DIRECTION('',(1.,0.,0.));
#4270 = ORIENTED_EDGE('',*,*,#4271,.F.);
#4271 = EDGE_CURVE('',#4272,#4263,#4274,.T.);
#4272 = VERTEX_POINT('',#4273);
#4273 = CARTESIAN_POINT('',(-31.02762970302,13.393812069058,12.));
#4274 = LINE('',#4275,#4276);
#4275 = CARTESIAN_POINT('',(-16.11095624986,7.215123619271,12.));
#4276 = VECTOR('',#4277,1.);
#4277 = DIRECTION('',(-0.923879532511,0.382683432365,0.));
#4278 = ORIENTED_EDGE('',*,*,#4279,.F.);
#4279 = EDGE_CURVE('',#4280,#4272,#4282,.T.);
#4280 = VERTEX_POINT('',#4281);
#4281 = CARTESIAN_POINT('',(-31.41031313538,12.469932536546,12.));
#4282 = LINE('',#4283,#4284);
#4283 = CARTESIAN_POINT('',(-31.12339795404,13.162607058589,12.));
#4284 = VECTOR('',#4285,1.);
#4285 = DIRECTION('',(0.382683432365,0.923879532511,0.));
#4286 = ORIENTED_EDGE('',*,*,#4287,.F.);
#4287 = EDGE_CURVE('',#4288,#4280,#4290,.T.);
#4288 = VERTEX_POINT('',#4289);
#4289 = CARTESIAN_POINT('',(-31.46106419568,12.490954314026,12.));
#4290 = LINE('',#4291,#4292);
#4291 = CARTESIAN_POINT('',(-15.80073003285,6.004231512486,12.));
#4292 = VECTOR('',#4293,1.);
#4293 = DIRECTION('',(0.923879532511,-0.382683432365,0.));
#4294 = ORIENTED_EDGE('',*,*,#4295,.F.);
#4295 = EDGE_CURVE('',#4296,#4288,#4298,.T.);
#4296 = VERTEX_POINT('',#4297);
#4297 = CARTESIAN_POINT('',(-33.84629951325,0.500509,12.));
#4298 = CIRCLE('',#4299,33.85);
#4299 = AXIS2_PLACEMENT_3D('',#4300,#4301,#4302);
#4300 = CARTESIAN_POINT('',(0.,0.,12.));
#4301 = DIRECTION('',(0.,0.,-1.));
#4302 = DIRECTION('',(1.,0.,0.));
#4303 = ORIENTED_EDGE('',*,*,#4304,.F.);
#4304 = EDGE_CURVE('',#4305,#4296,#4307,.T.);
#4305 = VERTEX_POINT('',#4306);
#4306 = CARTESIAN_POINT('',(-33.791382,0.500509,12.));
#4307 = LINE('',#4308,#4309);
#4308 = CARTESIAN_POINT('',(-17.645691,0.500509,12.));
#4309 = VECTOR('',#4310,1.);
#4310 = DIRECTION('',(-1.,-1.110223024625E-16,0.));
#4311 = ORIENTED_EDGE('',*,*,#4312,.F.);
#4312 = EDGE_CURVE('',#4313,#4305,#4315,.T.);
#4313 = VERTEX_POINT('',#4314);
#4314 = CARTESIAN_POINT('',(-33.791382,-0.499491,12.));
#4315 = LINE('',#4316,#4317);
#4316 = CARTESIAN_POINT('',(-33.791382,0.2502545,12.));
#4317 = VECTOR('',#4318,1.);
#4318 = DIRECTION('',(-1.110223024625E-16,1.,0.));
#4319 = ORIENTED_EDGE('',*,*,#4320,.F.);
#4320 = EDGE_CURVE('',#4321,#4313,#4323,.T.);
#4321 = VERTEX_POINT('',#4322);
#4322 = CARTESIAN_POINT('',(-33.84631455182,-0.499491,12.));
#4323 = LINE('',#4324,#4325);
#4324 = CARTESIAN_POINT('',(-16.895691,-0.499491,12.));
#4325 = VECTOR('',#4326,1.);
#4326 = DIRECTION('',(1.,1.110223024625E-16,0.));
#4327 = ORIENTED_EDGE('',*,*,#4328,.F.);
#4328 = EDGE_CURVE('',#4329,#4321,#4331,.T.);
#4329 = VERTEX_POINT('',#4330);
#4330 = CARTESIAN_POINT('',(-31.46143987359,-12.49000804965,12.));
#4331 = CIRCLE('',#4332,33.85);
#4332 = AXIS2_PLACEMENT_3D('',#4333,#4334,#4335);
#4333 = CARTESIAN_POINT('',(0.,0.,12.));
#4334 = DIRECTION('',(0.,0.,-1.));
#4335 = DIRECTION('',(1.,0.,0.));
#4336 = ORIENTED_EDGE('',*,*,#4337,.F.);
#4337 = EDGE_CURVE('',#4338,#4329,#4340,.T.);
#4338 = VERTEX_POINT('',#4339);
#4339 = CARTESIAN_POINT('',(-31.41070270712,-12.46899202718,12.));
#4340 = LINE('',#4341,#4342);
#4341 = CARTESIAN_POINT('',(-16.49402925396,-6.290303577396,12.));
#4342 = VECTOR('',#4343,1.);
#4343 = DIRECTION('',(-0.923879532511,-0.382683432365,0.));
#4344 = ORIENTED_EDGE('',*,*,#4345,.F.);
#4345 = EDGE_CURVE('',#4346,#4338,#4348,.T.);
#4346 = VERTEX_POINT('',#4347);
#4347 = CARTESIAN_POINT('',(-31.02801927475,-13.39287155969,12.));
#4348 = LINE('',#4349,#4350);
#4349 = CARTESIAN_POINT('',(-31.31493445609,-12.70019703765,12.));
#4350 = VECTOR('',#4351,1.);
#4351 = DIRECTION('',(-0.382683432365,0.923879532511,0.));
#4352 = ORIENTED_EDGE('',*,*,#4353,.F.);
#4353 = EDGE_CURVE('',#4354,#4346,#4356,.T.);
#4354 = VERTEX_POINT('',#4355);
#4355 = CARTESIAN_POINT('',(-31.07877033505,-13.41389333717,12.));
#4356 = LINE('',#4357,#4358);
#4357 = CARTESIAN_POINT('',(-15.41843617222,-6.927170535634,12.));
#4358 = VECTOR('',#4359,1.);
#4359 = DIRECTION('',(0.923879532511,0.382683432365,0.));
#4360 = ORIENTED_EDGE('',*,*,#4361,.F.);
#4361 = EDGE_CURVE('',#4362,#4354,#4364,.T.);
#4362 = VERTEX_POINT('',#4363);
#4363 = CARTESIAN_POINT('',(-24.28686121183,-23.57903459594,12.));
#4364 = CIRCLE('',#4365,33.85);
#4365 = AXIS2_PLACEMENT_3D('',#4366,#4367,#4368);
#4366 = CARTESIAN_POINT('',(0.,0.,12.));
#4367 = DIRECTION('',(0.,0.,-1.));
#4368 = DIRECTION('',(1.,0.,0.));
#4369 = ORIENTED_EDGE('',*,*,#4370,.F.);
#4370 = EDGE_CURVE('',#4371,#4362,#4373,.T.);
#4371 = VERTEX_POINT('',#4372);
#4372 = CARTESIAN_POINT('',(-24.24802866581,-23.54020204992,12.));
#4373 = LINE('',#4374,#4375);
#4374 = CARTESIAN_POINT('',(-12.83130107276,-12.12347445687,12.));
#4375 = VECTOR('',#4376,1.);
#4376 = DIRECTION('',(-0.707106781187,-0.707106781187,0.));
#4377 = ORIENTED_EDGE('',*,*,#4378,.F.);
#4378 = EDGE_CURVE('',#4379,#4371,#4381,.T.);
#4379 = VERTEX_POINT('',#4380);
#4380 = CARTESIAN_POINT('',(-23.54092188462,-24.2473088311,12.));
#4381 = LINE('',#4382,#4383);
#4382 = CARTESIAN_POINT('',(-24.07107201183,-23.71715870389,12.));
#4383 = VECTOR('',#4384,1.);
#4384 = DIRECTION('',(-0.707106781187,0.707106781187,0.));
#4385 = ORIENTED_EDGE('',*,*,#4386,.F.);
#4386 = EDGE_CURVE('',#4387,#4379,#4389,.T.);
#4387 = VERTEX_POINT('',#4388);
#4388 = CARTESIAN_POINT('',(-23.57976506452,-24.286152011,12.));
#4389 = LINE('',#4390,#4391);
#4390 = CARTESIAN_POINT('',(-11.59386420569,-12.30025115217,12.));
#4391 = VECTOR('',#4392,1.);
#4392 = DIRECTION('',(0.707106781187,0.707106781187,0.));
#4393 = ORIENTED_EDGE('',*,*,#4394,.F.);
#4394 = EDGE_CURVE('',#4395,#4387,#4397,.T.);
#4395 = VERTEX_POINT('',#4396);
#4396 = CARTESIAN_POINT('',(-13.41482809152,-31.07836686949,12.));
#4397 = CIRCLE('',#4398,33.85);
#4398 = AXIS2_PLACEMENT_3D('',#4399,#4400,#4401);
#4399 = CARTESIAN_POINT('',(0.,0.,12.));
#4400 = DIRECTION('',(0.,0.,-1.));
#4401 = DIRECTION('',(1.,0.,0.));
#4402 = ORIENTED_EDGE('',*,*,#4403,.F.);
#4403 = EDGE_CURVE('',#4404,#4395,#4406,.T.);
#4404 = VERTEX_POINT('',#4405);
#4405 = CARTESIAN_POINT('',(-13.39381206905,-31.02762970302,12.));
#4406 = LINE('',#4407,#4408);
#4407 = CARTESIAN_POINT('',(-7.215123619271,-16.11095624986,12.));
#4408 = VECTOR('',#4409,1.);
#4409 = DIRECTION('',(-0.382683432365,-0.923879532511,0.));
#4410 = ORIENTED_EDGE('',*,*,#4411,.F.);
#4411 = EDGE_CURVE('',#4412,#4404,#4414,.T.);
#4412 = VERTEX_POINT('',#4413);
#4413 = CARTESIAN_POINT('',(-12.46993253654,-31.41031313538,12.));
#4414 = LINE('',#4415,#4416);
#4415 = CARTESIAN_POINT('',(-13.16260705858,-31.12339795404,12.));
#4416 = VECTOR('',#4417,1.);
#4417 = DIRECTION('',(-0.923879532511,0.382683432365,0.));
#4418 = ORIENTED_EDGE('',*,*,#4419,.F.);
#4419 = EDGE_CURVE('',#4420,#4412,#4422,.T.);
#4420 = VERTEX_POINT('',#4421);
#4421 = CARTESIAN_POINT('',(-12.49095431402,-31.46106419568,12.));
#4422 = LINE('',#4423,#4424);
#4423 = CARTESIAN_POINT('',(-6.004231512486,-15.80073003285,12.));
#4424 = VECTOR('',#4425,1.);
#4425 = DIRECTION('',(0.382683432365,0.923879532511,0.));
#4426 = ORIENTED_EDGE('',*,*,#4427,.F.);
#4427 = EDGE_CURVE('',#4428,#4420,#4430,.T.);
#4428 = VERTEX_POINT('',#4429);
#4429 = CARTESIAN_POINT('',(-0.500509,-33.84629951325,12.));
#4430 = CIRCLE('',#4431,33.85);
#4431 = AXIS2_PLACEMENT_3D('',#4432,#4433,#4434);
#4432 = CARTESIAN_POINT('',(0.,0.,12.));
#4433 = DIRECTION('',(0.,0.,-1.));
#4434 = DIRECTION('',(1.,0.,0.));
#4435 = ORIENTED_EDGE('',*,*,#4436,.F.);
#4436 = EDGE_CURVE('',#4437,#4428,#4439,.T.);
#4437 = VERTEX_POINT('',#4438);
#4438 = CARTESIAN_POINT('',(-0.500509,-33.791382,12.));
#4439 = LINE('',#4440,#4441);
#4440 = CARTESIAN_POINT('',(-0.500509,-17.645691,12.));
#4441 = VECTOR('',#4442,1.);
#4442 = DIRECTION('',(0.,-1.,0.));
#4443 = ORIENTED_EDGE('',*,*,#4444,.F.);
#4444 = EDGE_CURVE('',#4445,#4437,#4447,.T.);
#4445 = VERTEX_POINT('',#4446);
#4446 = CARTESIAN_POINT('',(0.499491,-33.791382,12.));
#4447 = LINE('',#4448,#4449);
#4448 = CARTESIAN_POINT('',(-0.2502545,-33.791382,12.));
#4449 = VECTOR('',#4450,1.);
#4450 = DIRECTION('',(-1.,0.,0.));
#4451 = ORIENTED_EDGE('',*,*,#4452,.F.);
#4452 = EDGE_CURVE('',#4453,#4445,#4455,.T.);
#4453 = VERTEX_POINT('',#4454);
#4454 = CARTESIAN_POINT('',(0.499491,-33.84631455182,12.));
#4455 = LINE('',#4456,#4457);
#4456 = CARTESIAN_POINT('',(0.499491,-16.895691,12.));
#4457 = VECTOR('',#4458,1.);
#4458 = DIRECTION('',(0.,1.,0.));
#4459 = ORIENTED_EDGE('',*,*,#4460,.F.);
#4460 = EDGE_CURVE('',#4461,#4453,#4463,.T.);
#4461 = VERTEX_POINT('',#4462);
#4462 = CARTESIAN_POINT('',(12.490008049651,-31.46143987359,12.));
#4463 = CIRCLE('',#4464,33.85);
#4464 = AXIS2_PLACEMENT_3D('',#4465,#4466,#4467);
#4465 = CARTESIAN_POINT('',(0.,0.,12.));
#4466 = DIRECTION('',(0.,0.,-1.));
#4467 = DIRECTION('',(1.,0.,0.));
#4468 = ORIENTED_EDGE('',*,*,#4469,.F.);
#4469 = EDGE_CURVE('',#4470,#4461,#4472,.T.);
#4470 = VERTEX_POINT('',#4471);
#4471 = CARTESIAN_POINT('',(12.468992027182,-31.41070270712,12.));
#4472 = LINE('',#4473,#4474);
#4473 = CARTESIAN_POINT('',(6.290303577396,-16.49402925396,12.));
#4474 = VECTOR('',#4475,1.);
#4475 = DIRECTION('',(0.382683432365,-0.923879532511,0.));
#4476 = ORIENTED_EDGE('',*,*,#4477,.F.);
#4477 = EDGE_CURVE('',#4478,#4470,#4480,.T.);
#4478 = VERTEX_POINT('',#4479);
#4479 = CARTESIAN_POINT('',(13.392871559694,-31.02801927475,12.));
#4480 = LINE('',#4481,#4482);
#4481 = CARTESIAN_POINT('',(12.700197037651,-31.31493445609,12.));
#4482 = VECTOR('',#4483,1.);
#4483 = DIRECTION('',(-0.923879532511,-0.382683432365,0.));
#4484 = ORIENTED_EDGE('',*,*,#4485,.F.);
#4485 = EDGE_CURVE('',#4486,#4478,#4488,.T.);
#4486 = VERTEX_POINT('',#4487);
#4487 = CARTESIAN_POINT('',(13.413893337174,-31.07877033505,12.));
#4488 = LINE('',#4489,#4490);
#4489 = CARTESIAN_POINT('',(6.927170535634,-15.41843617222,12.));
#4490 = VECTOR('',#4491,1.);
#4491 = DIRECTION('',(-0.382683432365,0.923879532511,0.));
#4492 = ORIENTED_EDGE('',*,*,#4493,.F.);
#4493 = EDGE_CURVE('',#4494,#4486,#4496,.T.);
#4494 = VERTEX_POINT('',#4495);
#4495 = CARTESIAN_POINT('',(23.579034595948,-24.28686121183,12.));
#4496 = CIRCLE('',#4497,33.85);
#4497 = AXIS2_PLACEMENT_3D('',#4498,#4499,#4500);
#4498 = CARTESIAN_POINT('',(0.,0.,12.));
#4499 = DIRECTION('',(0.,0.,-1.));
#4500 = DIRECTION('',(1.,0.,0.));
#4501 = ORIENTED_EDGE('',*,*,#4502,.F.);
#4502 = EDGE_CURVE('',#4503,#4494,#4505,.T.);
#4503 = VERTEX_POINT('',#4504);
#4504 = CARTESIAN_POINT('',(23.54020204992,-24.24802866581,12.));
#4505 = LINE('',#4506,#4507);
#4506 = CARTESIAN_POINT('',(12.123474456878,-12.83130107276,12.));
#4507 = VECTOR('',#4508,1.);
#4508 = DIRECTION('',(0.707106781187,-0.707106781187,0.));
#4509 = ORIENTED_EDGE('',*,*,#4510,.F.);
#4510 = EDGE_CURVE('',#4511,#4503,#4513,.T.);
#4511 = VERTEX_POINT('',#4512);
#4512 = CARTESIAN_POINT('',(24.247308831107,-23.54092188462,12.));
#4513 = LINE('',#4514,#4515);
#4514 = CARTESIAN_POINT('',(23.717158703893,-24.07107201183,12.));
#4515 = VECTOR('',#4516,1.);
#4516 = DIRECTION('',(-0.707106781187,-0.707106781187,0.));
#4517 = ORIENTED_EDGE('',*,*,#4518,.F.);
#4518 = EDGE_CURVE('',#4519,#4511,#4521,.T.);
#4519 = VERTEX_POINT('',#4520);
#4520 = CARTESIAN_POINT('',(24.286152011008,-23.57976506452,12.));
#4521 = LINE('',#4522,#4523);
#4522 = CARTESIAN_POINT('',(12.300251152174,-11.59386420569,12.));
#4523 = VECTOR('',#4524,1.);
#4524 = DIRECTION('',(-0.707106781187,0.707106781187,0.));
#4525 = ORIENTED_EDGE('',*,*,#4526,.F.);
#4526 = EDGE_CURVE('',#4527,#4519,#4529,.T.);
#4527 = VERTEX_POINT('',#4528);
#4528 = CARTESIAN_POINT('',(31.078366869493,-13.41482809152,12.));
#4529 = CIRCLE('',#4530,33.85);
#4530 = AXIS2_PLACEMENT_3D('',#4531,#4532,#4533);
#4531 = CARTESIAN_POINT('',(0.,0.,12.));
#4532 = DIRECTION('',(0.,0.,-1.));
#4533 = DIRECTION('',(1.,0.,0.));
#4534 = ORIENTED_EDGE('',*,*,#4535,.F.);
#4535 = EDGE_CURVE('',#4536,#4527,#4538,.T.);
#4536 = VERTEX_POINT('',#4537);
#4537 = CARTESIAN_POINT('',(31.027629703021,-13.39381206905,12.));
#4538 = LINE('',#4539,#4540);
#4539 = CARTESIAN_POINT('',(16.110956249869,-7.215123619271,12.));
#4540 = VECTOR('',#4541,1.);
#4541 = DIRECTION('',(0.923879532511,-0.382683432365,0.));
#4542 = ORIENTED_EDGE('',*,*,#4543,.F.);
#4543 = EDGE_CURVE('',#4544,#4536,#4546,.T.);
#4544 = VERTEX_POINT('',#4545);
#4545 = CARTESIAN_POINT('',(31.410313135386,-12.46993253654,12.));
#4546 = LINE('',#4547,#4548);
#4547 = CARTESIAN_POINT('',(31.123397954045,-13.16260705858,12.));
#4548 = VECTOR('',#4549,1.);
#4549 = DIRECTION('',(-0.382683432365,-0.923879532511,0.));
#4550 = ORIENTED_EDGE('',*,*,#4551,.F.);
#4551 = EDGE_CURVE('',#4056,#4544,#4552,.T.);
#4552 = LINE('',#4553,#4554);
#4553 = CARTESIAN_POINT('',(15.800730032851,-6.004231512486,12.));
#4554 = VECTOR('',#4555,1.);
#4555 = DIRECTION('',(-0.923879532511,0.382683432365,0.));
#4556 = FACE_BOUND('',#4557,.F.);
#4557 = EDGE_LOOP('',(#4558,#4569,#4578,#4587));
#4558 = ORIENTED_EDGE('',*,*,#4559,.F.);
#4559 = EDGE_CURVE('',#4560,#4562,#4564,.T.);
#4560 = VERTEX_POINT('',#4561);
#4561 = CARTESIAN_POINT('',(32.306299171709,-5.951935301063,12.));
#4562 = VERTEX_POINT('',#4563);
#4563 = CARTESIAN_POINT('',(33.,-5.,12.));
#4564 = CIRCLE('',#4565,1.);
#4565 = AXIS2_PLACEMENT_3D('',#4566,#4567,#4568);
#4566 = CARTESIAN_POINT('',(32.,-5.,12.));
#4567 = DIRECTION('',(0.,0.,1.));
#4568 = DIRECTION('',(1.,0.,0.));
#4569 = ORIENTED_EDGE('',*,*,#4570,.T.);
#4570 = EDGE_CURVE('',#4560,#4571,#4573,.T.);
#4571 = VERTEX_POINT('',#4572);
#4572 = CARTESIAN_POINT('',(32.306299171709,5.951935301063,12.));
#4573 = CIRCLE('',#4574,32.85);
#4574 = AXIS2_PLACEMENT_3D('',#4575,#4576,#4577);
#4575 = CARTESIAN_POINT('',(0.,0.,12.));
#4576 = DIRECTION('',(0.,0.,-1.));
#4577 = DIRECTION('',(1.,0.,0.));
#4578 = ORIENTED_EDGE('',*,*,#4579,.F.);
#4579 = EDGE_CURVE('',#4580,#4571,#4582,.T.);
#4580 = VERTEX_POINT('',#4581);
#4581 = CARTESIAN_POINT('',(33.,5.,12.));
#4582 = CIRCLE('',#4583,1.);
#4583 = AXIS2_PLACEMENT_3D('',#4584,#4585,#4586);
#4584 = CARTESIAN_POINT('',(32.,5.,12.));
#4585 = DIRECTION('',(0.,0.,1.));
#4586 = DIRECTION('',(1.,0.,0.));
#4587 = ORIENTED_EDGE('',*,*,#4588,.F.);
#4588 = EDGE_CURVE('',#4562,#4580,#4589,.T.);
#4589 = LINE('',#4590,#4591);
#4590 = CARTESIAN_POINT('',(33.,-2.5,12.));
#4591 = VECTOR('',#4592,1.);
#4592 = DIRECTION('',(0.,1.,0.));
#4593 = PLANE('',#4594);
#4594 = AXIS2_PLACEMENT_3D('',#4595,#4596,#4597);
#4595 = CARTESIAN_POINT('',(-1.968129725994E-15,-6.516447471078E-16,12.)
  );
#4596 = DIRECTION('',(0.,0.,1.));
#4597 = DIRECTION('',(1.,0.,0.));
#4598 = ADVANCED_FACE('',(#4599),#4610,.F.);
#4599 = FACE_BOUND('',#4600,.F.);
#4600 = EDGE_LOOP('',(#4601,#4602,#4603,#4604));
#4601 = ORIENTED_EDGE('',*,*,#4081,.T.);
#4602 = ORIENTED_EDGE('',*,*,#3346,.T.);
#4603 = ORIENTED_EDGE('',*,*,#3577,.F.);
#4604 = ORIENTED_EDGE('',*,*,#4605,.F.);
#4605 = EDGE_CURVE('',#4082,#3578,#4606,.T.);
#4606 = LINE('',#4607,#4608);
#4607 = CARTESIAN_POINT('',(31.028019274755,13.392871559694,10.));
#4608 = VECTOR('',#4609,1.);
#4609 = DIRECTION('',(0.,0.,1.));
#4610 = PLANE('',#4611);
#4611 = AXIS2_PLACEMENT_3D('',#4612,#4613,#4614);
#4612 = CARTESIAN_POINT('',(31.41070270712,12.468992027182,10.));
#4613 = DIRECTION('',(-0.923879532511,-0.382683432365,0.));
#4614 = DIRECTION('',(-0.382683432365,0.923879532511,0.));
#4615 = ADVANCED_FACE('',(#4616),#4627,.F.);
#4616 = FACE_BOUND('',#4617,.F.);
#4617 = EDGE_LOOP('',(#4618,#4619,#4625,#4626));
#4618 = ORIENTED_EDGE('',*,*,#4072,.T.);
#4619 = ORIENTED_EDGE('',*,*,#4620,.T.);
#4620 = EDGE_CURVE('',#4065,#3561,#4621,.T.);
#4621 = LINE('',#4622,#4623);
#4622 = CARTESIAN_POINT('',(33.791382,-0.500509,10.));
#4623 = VECTOR('',#4624,1.);
#4624 = DIRECTION('',(0.,0.,1.));
#4625 = ORIENTED_EDGE('',*,*,#3568,.F.);
#4626 = ORIENTED_EDGE('',*,*,#3411,.F.);
#4627 = PLANE('',#4628);
#4628 = AXIS2_PLACEMENT_3D('',#4629,#4630,#4631);
#4629 = CARTESIAN_POINT('',(33.791382,-0.500509,10.));
#4630 = DIRECTION('',(-1.,-2.22044604925E-16,0.));
#4631 = DIRECTION('',(-2.22044604925E-16,1.,0.));
#4632 = ADVANCED_FACE('',(#4633),#4689,.F.);
#4633 = FACE_BOUND('',#4634,.F.);
#4634 = EDGE_LOOP('',(#4635,#4636,#4642,#4643,#4666,#4675,#4683));
#4635 = ORIENTED_EDGE('',*,*,#4452,.T.);
#4636 = ORIENTED_EDGE('',*,*,#4637,.T.);
#4637 = EDGE_CURVE('',#4445,#3445,#4638,.T.);
#4638 = LINE('',#4639,#4640);
#4639 = CARTESIAN_POINT('',(0.499491,-33.791382,10.));
#4640 = VECTOR('',#4641,1.);
#4641 = DIRECTION('',(0.,0.,1.));
#4642 = ORIENTED_EDGE('',*,*,#3442,.F.);
#4643 = ORIENTED_EDGE('',*,*,#4644,.F.);
#4644 = EDGE_CURVE('',#4645,#3443,#4647,.T.);
#4645 = VERTEX_POINT('',#4646);
#4646 = CARTESIAN_POINT('',(0.499491,-34.92159057986,12.311338480768));
#4647 = B_SPLINE_CURVE_WITH_KNOTS('',5,(#4648,#4649,#4650,#4651,#4652,
    #4653,#4654,#4655,#4656,#4657,#4658,#4659,#4660,#4661,#4662,#4663,
    #4664,#4665),.UNSPECIFIED.,.F.,.F.,(6,4,4,4,6),(0.,0.237995817203,
    0.473994248265,0.736995724161,1.),.UNSPECIFIED.);
#4648 = CARTESIAN_POINT('',(0.499491,-34.92159057986,12.311338480768));
#4649 = CARTESIAN_POINT('',(0.499491,-34.91400501802,12.365307037594));
#4650 = CARTESIAN_POINT('',(0.499491,-34.90182315003,12.418630525273));
#4651 = CARTESIAN_POINT('',(0.499491,-34.88511871975,12.470784601716));
#4652 = CARTESIAN_POINT('',(0.499491,-34.86405382626,12.521263295067));
#4653 = CARTESIAN_POINT('',(0.499491,-34.81390375957,12.61752513534));
#4654 = CARTESIAN_POINT('',(0.499491,-34.7848865956,12.663345644368));
#4655 = CARTESIAN_POINT('',(0.499491,-34.75206021474,12.706600780524));
#4656 = CARTESIAN_POINT('',(0.499491,-34.71573777789,12.746878001261));
#4657 = CARTESIAN_POINT('',(0.499491,-34.6323413466,12.82499830775));
#4658 = CARTESIAN_POINT('',(0.499491,-34.58451085842,12.862037238748));
#4659 = CARTESIAN_POINT('',(0.499491,-34.53332664149,12.894452373729));
#4660 = CARTESIAN_POINT('',(0.499491,-34.47939552353,12.921859514776));
#4661 = CARTESIAN_POINT('',(0.499491,-34.36736914242,12.966132355553));
#4662 = CARTESIAN_POINT('',(0.499491,-34.30927116654,12.982998997575));
#4663 = CARTESIAN_POINT('',(0.499491,-34.24975388518,12.994332983963));
#4664 = CARTESIAN_POINT('',(0.499491,-34.18952284003,13.));
#4665 = CARTESIAN_POINT('',(0.499491,-34.12929321159,13.));
#4666 = ORIENTED_EDGE('',*,*,#4667,.F.);
#4667 = EDGE_CURVE('',#4668,#4645,#4670,.T.);
#4668 = VERTEX_POINT('',#4669);
#4669 = CARTESIAN_POINT('',(0.499490999999,-35.24646093923,10.));
#4670 = HYPERBOLA('',#4671,3.554063138003,0.499491);
#4671 = AXIS2_PLACEMENT_3D('',#4672,#4673,#4674);
#4672 = CARTESIAN_POINT('',(0.499491,0.,260.81678271404));
#4673 = DIRECTION('',(1.,-0.,0.));
#4674 = DIRECTION('',(0.,0.,-1.));
#4675 = ORIENTED_EDGE('',*,*,#4676,.F.);
#4676 = EDGE_CURVE('',#4677,#4668,#4679,.T.);
#4677 = VERTEX_POINT('',#4678);
#4678 = CARTESIAN_POINT('',(0.499491,-33.84631455182,10.));
#4679 = LINE('',#4680,#4681);
#4680 = CARTESIAN_POINT('',(0.499491,-33.791382,10.));
#4681 = VECTOR('',#4682,1.);
#4682 = DIRECTION('',(0.,-1.,0.));
#4683 = ORIENTED_EDGE('',*,*,#4684,.F.);
#4684 = EDGE_CURVE('',#4453,#4677,#4685,.T.);
#4685 = LINE('',#4686,#4687);
#4686 = CARTESIAN_POINT('',(0.499491,-33.84631455182,10.));
#4687 = VECTOR('',#4688,1.);
#4688 = DIRECTION('',(0.,0.,-1.));
#4689 = PLANE('',#4690);
#4690 = AXIS2_PLACEMENT_3D('',#4691,#4692,#4693);
#4691 = CARTESIAN_POINT('',(0.499491,-33.791382,10.));
#4692 = DIRECTION('',(1.,0.,0.));
#4693 = DIRECTION('',(0.,-1.,0.));
#4694 = ADVANCED_FACE('',(#4695),#4729,.T.);
#4695 = FACE_BOUND('',#4696,.T.);
#4696 = EDGE_LOOP('',(#4697,#4698,#4707,#4728));
#4697 = ORIENTED_EDGE('',*,*,#4644,.F.);
#4698 = ORIENTED_EDGE('',*,*,#4699,.T.);
#4699 = EDGE_CURVE('',#4645,#4700,#4702,.T.);
#4700 = VERTEX_POINT('',#4701);
#4701 = CARTESIAN_POINT('',(12.901498548005,-32.4548658155,
    12.311338480768));
#4702 = CIRCLE('',#4703,34.925162560633);
#4703 = AXIS2_PLACEMENT_3D('',#4704,#4705,#4706);
#4704 = CARTESIAN_POINT('',(0.,0.,12.311338480768));
#4705 = DIRECTION('',(-0.,0.,1.));
#4706 = DIRECTION('',(1.,-6.123233995737E-17,0.));
#4707 = ORIENTED_EDGE('',*,*,#4708,.T.);
#4708 = EDGE_CURVE('',#4700,#3453,#4709,.T.);
#4709 = B_SPLINE_CURVE_WITH_KNOTS('',5,(#4710,#4711,#4712,#4713,#4714,
    #4715,#4716,#4717,#4718,#4719,#4720,#4721,#4722,#4723,#4724,#4725,
    #4726,#4727),.UNSPECIFIED.,.F.,.F.,(6,4,4,4,6),(0.,0.23799579928,
    0.473994222981,0.736995705805,1.),.UNSPECIFIED.);
#4710 = CARTESIAN_POINT('',(12.901498548005,-32.4548658155,
    12.311338480768));
#4711 = CARTESIAN_POINT('',(12.898595677914,-32.44785766716,
    12.365307038313));
#4712 = CARTESIAN_POINT('',(12.893933876839,-32.43660308378,
    12.41863052649));
#4713 = CARTESIAN_POINT('',(12.88754136538,-32.42117019591,
    12.470784603023));
#4714 = CARTESIAN_POINT('',(12.879480176271,-32.40170876384,
    12.521263295961));
#4715 = CARTESIAN_POINT('',(12.8602885685,-32.35537612408,
    12.617525136567));
#4716 = CARTESIAN_POINT('',(12.849184175715,-32.32856774841,
    12.66334564617));
#4717 = CARTESIAN_POINT('',(12.83662205824,-32.29824011403,
    12.706600782214));
#4718 = CARTESIAN_POINT('',(12.822722057704,-32.26468254422,
    12.746878002277));
#4719 = CARTESIAN_POINT('',(12.790807611532,-32.18763425544,
    12.824998308987));
#4720 = CARTESIAN_POINT('',(12.772503668043,-32.14344462682,
    12.862037240319));
#4721 = CARTESIAN_POINT('',(12.752916307842,-32.09615655617,
    12.89445237496));
#4722 = CARTESIAN_POINT('',(12.732277753974,-32.04633067951,
    12.921859515375));
#4723 = CARTESIAN_POINT('',(12.689407095748,-31.942831755,
    12.966132355916));
#4724 = CARTESIAN_POINT('',(12.667173953208,-31.88915620074,
    12.982998997872));
#4725 = CARTESIAN_POINT('',(12.644397665902,-31.83416937903,
    12.994332984067));
#4726 = CARTESIAN_POINT('',(12.621348232977,-31.77852312546,13.));
#4727 = CARTESIAN_POINT('',(12.598299342177,-31.72287818069,13.));
#4728 = ORIENTED_EDGE('',*,*,#3452,.F.);
#4729 = TOROIDAL_SURFACE('',#4730,34.13294810564,0.8);
#4730 = AXIS2_PLACEMENT_3D('',#4731,#4732,#4733);
#4731 = CARTESIAN_POINT('',(0.,0.,12.2));
#4732 = DIRECTION('',(0.,0.,1.));
#4733 = DIRECTION('',(1.,-6.123233995737E-17,0.));
#4734 = ADVANCED_FACE('',(#4735),#4746,.F.);
#4735 = FACE_BOUND('',#4736,.F.);
#4736 = EDGE_LOOP('',(#4737,#4738,#4744,#4745));
#4737 = ORIENTED_EDGE('',*,*,#4444,.T.);
#4738 = ORIENTED_EDGE('',*,*,#4739,.T.);
#4739 = EDGE_CURVE('',#4437,#3933,#4740,.T.);
#4740 = LINE('',#4741,#4742);
#4741 = CARTESIAN_POINT('',(-0.500509,-33.791382,10.));
#4742 = VECTOR('',#4743,1.);
#4743 = DIRECTION('',(0.,0.,1.));
#4744 = ORIENTED_EDGE('',*,*,#3940,.F.);
#4745 = ORIENTED_EDGE('',*,*,#4637,.F.);
#4746 = PLANE('',#4747);
#4747 = AXIS2_PLACEMENT_3D('',#4748,#4749,#4750);
#4748 = CARTESIAN_POINT('',(-0.500509,-33.791382,10.));
#4749 = DIRECTION('',(0.,1.,0.));
#4750 = DIRECTION('',(1.,0.,0.));
#4751 = ADVANCED_FACE('',(#4752),#4786,.F.);
#4752 = FACE_BOUND('',#4753,.F.);
#4753 = EDGE_LOOP('',(#4754,#4764,#4771,#4772,#4773,#4779,#4780));
#4754 = ORIENTED_EDGE('',*,*,#4755,.F.);
#4755 = EDGE_CURVE('',#4756,#4758,#4760,.T.);
#4756 = VERTEX_POINT('',#4757);
#4757 = CARTESIAN_POINT('',(13.025821103614,-32.75500701536,10.));
#4758 = VERTEX_POINT('',#4759);
#4759 = CARTESIAN_POINT('',(12.490008049651,-31.46143987359,10.));
#4760 = LINE('',#4761,#4762);
#4761 = CARTESIAN_POINT('',(13.04301717573,-32.79652200588,10.));
#4762 = VECTOR('',#4763,1.);
#4763 = DIRECTION('',(-0.382683432365,0.923879532511,0.));
#4764 = ORIENTED_EDGE('',*,*,#4765,.F.);
#4765 = EDGE_CURVE('',#4700,#4756,#4766,.T.);
#4766 = HYPERBOLA('',#4767,3.561306584381,0.500509);
#4767 = AXIS2_PLACEMENT_3D('',#4768,#4769,#4770);
#4768 = CARTESIAN_POINT('',(-0.462410020938,-0.19153650205,
    260.81678271404));
#4769 = DIRECTION('',(-0.923879532511,-0.382683432365,-0.));
#4770 = DIRECTION('',(0.,0.,-1.));
#4771 = ORIENTED_EDGE('',*,*,#4708,.T.);
#4772 = ORIENTED_EDGE('',*,*,#3461,.F.);
#4773 = ORIENTED_EDGE('',*,*,#4774,.F.);
#4774 = EDGE_CURVE('',#4470,#3462,#4775,.T.);
#4775 = LINE('',#4776,#4777);
#4776 = CARTESIAN_POINT('',(12.468992027182,-31.41070270712,10.));
#4777 = VECTOR('',#4778,1.);
#4778 = DIRECTION('',(0.,0.,1.));
#4779 = ORIENTED_EDGE('',*,*,#4469,.T.);
#4780 = ORIENTED_EDGE('',*,*,#4781,.T.);
#4781 = EDGE_CURVE('',#4461,#4758,#4782,.T.);
#4782 = LINE('',#4783,#4784);
#4783 = CARTESIAN_POINT('',(12.490008049651,-31.46143987359,10.));
#4784 = VECTOR('',#4785,1.);
#4785 = DIRECTION('',(0.,0.,-1.));
#4786 = PLANE('',#4787);
#4787 = AXIS2_PLACEMENT_3D('',#4788,#4789,#4790);
#4788 = CARTESIAN_POINT('',(13.04301717573,-32.79652200588,10.));
#4789 = DIRECTION('',(-0.923879532511,-0.382683432365,0.));
#4790 = DIRECTION('',(-0.382683432365,0.923879532511,0.));
#4791 = ADVANCED_FACE('',(#4792),#4843,.F.);
#4792 = FACE_BOUND('',#4793,.F.);
#4793 = EDGE_LOOP('',(#4794,#4804,#4813,#4834,#4835,#4836,#4837));
#4794 = ORIENTED_EDGE('',*,*,#4795,.F.);
#4795 = EDGE_CURVE('',#4796,#4798,#4800,.T.);
#4796 = VERTEX_POINT('',#4797);
#4797 = CARTESIAN_POINT('',(-0.500509,-35.24644649806,10.));
#4798 = VERTEX_POINT('',#4799);
#4799 = CARTESIAN_POINT('',(-0.500509,-33.84629951325,10.));
#4800 = LINE('',#4801,#4802);
#4801 = CARTESIAN_POINT('',(-0.500509,-35.291382,10.));
#4802 = VECTOR('',#4803,1.);
#4803 = DIRECTION('',(0.,1.,0.));
#4804 = ORIENTED_EDGE('',*,*,#4805,.F.);
#4805 = EDGE_CURVE('',#4806,#4796,#4808,.T.);
#4806 = VERTEX_POINT('',#4807);
#4807 = CARTESIAN_POINT('',(-0.500509,-34.92157600435,12.311338480768));
#4808 = HYPERBOLA('',#4809,3.561306584381,0.500509);
#4809 = AXIS2_PLACEMENT_3D('',#4810,#4811,#4812);
#4810 = CARTESIAN_POINT('',(-0.500509,0.,260.81678271404));
#4811 = DIRECTION('',(-1.,-0.,-0.));
#4812 = DIRECTION('',(0.,0.,-1.));
#4813 = ORIENTED_EDGE('',*,*,#4814,.T.);
#4814 = EDGE_CURVE('',#4806,#3924,#4815,.T.);
#4815 = B_SPLINE_CURVE_WITH_KNOTS('',5,(#4816,#4817,#4818,#4819,#4820,
    #4821,#4822,#4823,#4824,#4825,#4826,#4827,#4828,#4829,#4830,#4831,
    #4832,#4833),.UNSPECIFIED.,.F.,.F.,(6,4,4,4,6),(0.,0.23799579928,
    0.473994222981,0.736995705805,1.),.UNSPECIFIED.);
#4816 = CARTESIAN_POINT('',(-0.500509,-34.92157600435,12.311338480768));
#4817 = CARTESIAN_POINT('',(-0.500509,-34.91399043924,12.365307038313));
#4818 = CARTESIAN_POINT('',(-0.500509,-34.90180856597,12.41863052649));
#4819 = CARTESIAN_POINT('',(-0.500509,-34.88510412852,12.470784603023));
#4820 = CARTESIAN_POINT('',(-0.500509,-34.86403922624,12.521263295961));
#4821 = CARTESIAN_POINT('',(-0.500509,-34.81388913834,12.617525136567));
#4822 = CARTESIAN_POINT('',(-0.500509,-34.78487196161,12.66334564617));
#4823 = CARTESIAN_POINT('',(-0.500509,-34.75204556671,12.706600782214));
#4824 = CARTESIAN_POINT('',(-0.500509,-34.71572311488,12.746878002277));
#4825 = CARTESIAN_POINT('',(-0.500509,-34.63232664806,12.824998308987));
#4826 = CARTESIAN_POINT('',(-0.500509,-34.58449613871,12.862037240319));
#4827 = CARTESIAN_POINT('',(-0.500509,-34.53331189987,12.89445237496));
#4828 = CARTESIAN_POINT('',(-0.500509,-34.47938075961,12.921859515375));
#4829 = CARTESIAN_POINT('',(-0.500509,-34.36735433097,12.966132355916));
#4830 = CARTESIAN_POINT('',(-0.500509,-34.3092563297,12.982998997872));
#4831 = CARTESIAN_POINT('',(-0.500509,-34.24973902276,12.994332984067));
#4832 = CARTESIAN_POINT('',(-0.500509,-34.18950795192,13.));
#4833 = CARTESIAN_POINT('',(-0.500509,-34.12927829772,13.));
#4834 = ORIENTED_EDGE('',*,*,#3932,.F.);
#4835 = ORIENTED_EDGE('',*,*,#4739,.F.);
#4836 = ORIENTED_EDGE('',*,*,#4436,.T.);
#4837 = ORIENTED_EDGE('',*,*,#4838,.T.);
#4838 = EDGE_CURVE('',#4428,#4798,#4839,.T.);
#4839 = LINE('',#4840,#4841);
#4840 = CARTESIAN_POINT('',(-0.500509,-33.84629951325,10.));
#4841 = VECTOR('',#4842,1.);
#4842 = DIRECTION('',(0.,0.,-1.));
#4843 = PLANE('',#4844);
#4844 = AXIS2_PLACEMENT_3D('',#4845,#4846,#4847);
#4845 = CARTESIAN_POINT('',(-0.500509,-35.291382,10.));
#4846 = DIRECTION('',(-1.,0.,0.));
#4847 = DIRECTION('',(0.,1.,0.));
#4848 = ADVANCED_FACE('',(#4849),#4860,.F.);
#4849 = FACE_BOUND('',#4850,.F.);
#4850 = EDGE_LOOP('',(#4851,#4852,#4853,#4854));
#4851 = ORIENTED_EDGE('',*,*,#4477,.T.);
#4852 = ORIENTED_EDGE('',*,*,#4774,.T.);
#4853 = ORIENTED_EDGE('',*,*,#3469,.F.);
#4854 = ORIENTED_EDGE('',*,*,#4855,.F.);
#4855 = EDGE_CURVE('',#4478,#3470,#4856,.T.);
#4856 = LINE('',#4857,#4858);
#4857 = CARTESIAN_POINT('',(13.392871559694,-31.02801927475,10.));
#4858 = VECTOR('',#4859,1.);
#4859 = DIRECTION('',(0.,0.,1.));
#4860 = PLANE('',#4861);
#4861 = AXIS2_PLACEMENT_3D('',#4862,#4863,#4864);
#4862 = CARTESIAN_POINT('',(12.468992027182,-31.41070270712,10.));
#4863 = DIRECTION('',(-0.382683432365,0.923879532511,0.));
#4864 = DIRECTION('',(0.923879532511,0.382683432365,0.));
#4865 = ADVANCED_FACE('',(#4866),#4900,.T.);
#4866 = FACE_BOUND('',#4867,.T.);
#4867 = EDGE_LOOP('',(#4868,#4891,#4898,#4899));
#4868 = ORIENTED_EDGE('',*,*,#4869,.F.);
#4869 = EDGE_CURVE('',#4870,#3916,#4872,.T.);
#4870 = VERTEX_POINT('',#4871);
#4871 = CARTESIAN_POINT('',(-12.90244463517,-32.45448970979,
    12.311338480768));
#4872 = B_SPLINE_CURVE_WITH_KNOTS('',5,(#4873,#4874,#4875,#4876,#4877,
    #4878,#4879,#4880,#4881,#4882,#4883,#4884,#4885,#4886,#4887,#4888,
    #4889,#4890),.UNSPECIFIED.,.F.,.F.,(6,4,4,4,6),(0.,0.237995817203,
    0.473994248265,0.736995724161,1.),.UNSPECIFIED.);
#4873 = CARTESIAN_POINT('',(-12.90244463517,-32.45448970979,
    12.311338480768));
#4874 = CARTESIAN_POINT('',(-12.89954176633,-32.44748156446,
    12.365307037594));
#4875 = CARTESIAN_POINT('',(-12.89487996728,-32.43622698596,
    12.418630525273));
#4876 = CARTESIAN_POINT('',(-12.88848745856,-32.42079410472,
    12.470784601716));
#4877 = CARTESIAN_POINT('',(-12.88042627282,-32.40133268077,
    12.521263295067));
#4878 = CARTESIAN_POINT('',(-12.86123467316,-32.3550000606,
    12.61752513534));
#4879 = CARTESIAN_POINT('',(-12.85013028526,-32.32819169671,
    12.663345644368));
#4880 = CARTESIAN_POINT('',(-12.83756817316,-32.29786407531,
    12.706600780524));
#4881 = CARTESIAN_POINT('',(-12.82366817835,-32.26430651934,
    12.746878001261));
#4882 = CARTESIAN_POINT('',(-12.79175374578,-32.18725826339,
    12.82499830775));
#4883 = CARTESIAN_POINT('',(-12.77344981039,-32.14306865432,
    12.862037238748));
#4884 = CARTESIAN_POINT('',(-12.75386245857,-32.09578060391,
    12.894452373729));
#4885 = CARTESIAN_POINT('',(-12.73322391324,-32.04595474786,
    12.921859514776));
#4886 = CARTESIAN_POINT('',(-12.6903532732,-31.94245586725,
    12.966132355553));
#4887 = CARTESIAN_POINT('',(-12.66812014038,-31.88878033646,
    12.982998997575));
#4888 = CARTESIAN_POINT('',(-12.64534386287,-31.83379353838,
    12.994332983963));
#4889 = CARTESIAN_POINT('',(-12.62229443977,-31.77814730854,13.));
#4890 = CARTESIAN_POINT('',(-12.59924555883,-31.72250238758,13.));
#4891 = ORIENTED_EDGE('',*,*,#4892,.T.);
#4892 = EDGE_CURVE('',#4870,#4806,#4893,.T.);
#4893 = CIRCLE('',#4894,34.925162560633);
#4894 = AXIS2_PLACEMENT_3D('',#4895,#4896,#4897);
#4895 = CARTESIAN_POINT('',(0.,0.,12.311338480768));
#4896 = DIRECTION('',(-0.,0.,1.));
#4897 = DIRECTION('',(1.,-6.123233995737E-17,0.));
#4898 = ORIENTED_EDGE('',*,*,#4814,.T.);
#4899 = ORIENTED_EDGE('',*,*,#3923,.F.);
#4900 = TOROIDAL_SURFACE('',#4901,34.13294810564,0.8);
#4901 = AXIS2_PLACEMENT_3D('',#4902,#4903,#4904);
#4902 = CARTESIAN_POINT('',(0.,0.,12.2));
#4903 = DIRECTION('',(0.,0.,1.));
#4904 = DIRECTION('',(1.,-6.123233995737E-17,0.));
#4905 = ADVANCED_FACE('',(#4906),#4957,.F.);
#4906 = FACE_BOUND('',#4907,.F.);
#4907 = EDGE_LOOP('',(#4908,#4909,#4910,#4911,#4934,#4943,#4951));
#4908 = ORIENTED_EDGE('',*,*,#4485,.T.);
#4909 = ORIENTED_EDGE('',*,*,#4855,.T.);
#4910 = ORIENTED_EDGE('',*,*,#3477,.F.);
#4911 = ORIENTED_EDGE('',*,*,#4912,.F.);
#4912 = EDGE_CURVE('',#4913,#3478,#4915,.T.);
#4913 = VERTEX_POINT('',#4914);
#4914 = CARTESIAN_POINT('',(13.825383658324,-32.07219584915,
    12.311338480768));
#4915 = B_SPLINE_CURVE_WITH_KNOTS('',5,(#4916,#4917,#4918,#4919,#4920,
    #4921,#4922,#4923,#4924,#4925,#4926,#4927,#4928,#4929,#4930,#4931,
    #4932,#4933),.UNSPECIFIED.,.F.,.F.,(6,4,4,4,6),(0.,0.237995817203,
    0.473994248265,0.736995724161,1.),.UNSPECIFIED.);
#4916 = CARTESIAN_POINT('',(13.825383658324,-32.07219584915,
    12.311338480768));
#4917 = CARTESIAN_POINT('',(13.822480789483,-32.06518770383,
    12.365307037594));
#4918 = CARTESIAN_POINT('',(13.817818990429,-32.05393312533,
    12.418630525273));
#4919 = CARTESIAN_POINT('',(13.811426481714,-32.03850024409,
    12.470784601716));
#4920 = CARTESIAN_POINT('',(13.80336529597,-32.01903882014,
    12.521263295067));
#4921 = CARTESIAN_POINT('',(13.784173696314,-31.97270619997,
    12.61752513534));
#4922 = CARTESIAN_POINT('',(13.773069308408,-31.94589783608,
    12.663345644368));
#4923 = CARTESIAN_POINT('',(13.76050719631,-31.91557021468,
    12.706600780524));
#4924 = CARTESIAN_POINT('',(13.746607201505,-31.88201265871,
    12.746878001261));
#4925 = CARTESIAN_POINT('',(13.714692768933,-31.80496440275,
    12.82499830775));
#4926 = CARTESIAN_POINT('',(13.696388833542,-31.76077479369,
    12.862037238748));
#4927 = CARTESIAN_POINT('',(13.676801481726,-31.71348674328,
    12.894452373729));
#4928 = CARTESIAN_POINT('',(13.656162936392,-31.66366088723,
    12.921859514776));
#4929 = CARTESIAN_POINT('',(13.613292296353,-31.56016200662,
    12.966132355553));
#4930 = CARTESIAN_POINT('',(13.591059163531,-31.50648647583,
    12.982998997575));
#4931 = CARTESIAN_POINT('',(13.568282886017,-31.45149967775,
    12.994332983963));
#4932 = CARTESIAN_POINT('',(13.545233462922,-31.39585344791,13.));
#4933 = CARTESIAN_POINT('',(13.522184581982,-31.34020852695,13.));
#4934 = ORIENTED_EDGE('',*,*,#4935,.F.);
#4935 = EDGE_CURVE('',#4936,#4913,#4938,.T.);
#4936 = VERTEX_POINT('',#4937);
#4937 = CARTESIAN_POINT('',(13.949706162522,-32.3723369249,10.));
#4938 = HYPERBOLA('',#4939,3.554063138003,0.499491);
#4939 = AXIS2_PLACEMENT_3D('',#4940,#4941,#4942);
#4940 = CARTESIAN_POINT('',(0.461469511574,0.191146930315,
    260.81678271404));
#4941 = DIRECTION('',(0.923879532511,0.382683432365,0.));
#4942 = DIRECTION('',(0.,0.,-1.));
#4943 = ORIENTED_EDGE('',*,*,#4944,.F.);
#4944 = EDGE_CURVE('',#4945,#4936,#4947,.T.);
#4945 = VERTEX_POINT('',#4946);
#4946 = CARTESIAN_POINT('',(13.413893337173,-31.07877033505,10.));
#4947 = LINE('',#4948,#4949);
#4948 = CARTESIAN_POINT('',(13.392871559694,-31.02801927475,10.));
#4949 = VECTOR('',#4950,1.);
#4950 = DIRECTION('',(0.382683432365,-0.923879532511,0.));
#4951 = ORIENTED_EDGE('',*,*,#4952,.F.);
#4952 = EDGE_CURVE('',#4486,#4945,#4953,.T.);
#4953 = LINE('',#4954,#4955);
#4954 = CARTESIAN_POINT('',(13.413893337174,-31.07877033505,10.));
#4955 = VECTOR('',#4956,1.);
#4956 = DIRECTION('',(0.,0.,-1.));
#4957 = PLANE('',#4958);
#4958 = AXIS2_PLACEMENT_3D('',#4959,#4960,#4961);
#4959 = CARTESIAN_POINT('',(13.392871559694,-31.02801927475,10.));
#4960 = DIRECTION('',(0.923879532511,0.382683432365,0.));
#4961 = DIRECTION('',(0.382683432365,-0.923879532511,0.));
#4962 = ADVANCED_FACE('',(#4963),#4997,.F.);
#4963 = FACE_BOUND('',#4964,.F.);
#4964 = EDGE_LOOP('',(#4965,#4966,#4972,#4973,#4974,#4983,#4991));
#4965 = ORIENTED_EDGE('',*,*,#4419,.T.);
#4966 = ORIENTED_EDGE('',*,*,#4967,.T.);
#4967 = EDGE_CURVE('',#4412,#3908,#4968,.T.);
#4968 = LINE('',#4969,#4970);
#4969 = CARTESIAN_POINT('',(-12.46993253654,-31.41031313538,10.));
#4970 = VECTOR('',#4971,1.);
#4971 = DIRECTION('',(0.,0.,1.));
#4972 = ORIENTED_EDGE('',*,*,#3915,.F.);
#4973 = ORIENTED_EDGE('',*,*,#4869,.F.);
#4974 = ORIENTED_EDGE('',*,*,#4975,.F.);
#4975 = EDGE_CURVE('',#4976,#4870,#4978,.T.);
#4976 = VERTEX_POINT('',#4977);
#4977 = CARTESIAN_POINT('',(-13.02676713937,-32.75463078553,10.));
#4978 = HYPERBOLA('',#4979,3.554063138003,0.499491);
#4979 = AXIS2_PLACEMENT_3D('',#4980,#4981,#4982);
#4980 = CARTESIAN_POINT('',(0.461469511574,-0.191146930315,
    260.81678271404));
#4981 = DIRECTION('',(0.923879532511,-0.382683432365,0.));
#4982 = DIRECTION('',(0.,0.,-1.));
#4983 = ORIENTED_EDGE('',*,*,#4984,.F.);
#4984 = EDGE_CURVE('',#4985,#4976,#4987,.T.);
#4985 = VERTEX_POINT('',#4986);
#4986 = CARTESIAN_POINT('',(-12.49095431402,-31.46106419568,10.));
#4987 = LINE('',#4988,#4989);
#4988 = CARTESIAN_POINT('',(-12.46993253654,-31.41031313538,10.));
#4989 = VECTOR('',#4990,1.);
#4990 = DIRECTION('',(-0.382683432365,-0.923879532511,0.));
#4991 = ORIENTED_EDGE('',*,*,#4992,.F.);
#4992 = EDGE_CURVE('',#4420,#4985,#4993,.T.);
#4993 = LINE('',#4994,#4995);
#4994 = CARTESIAN_POINT('',(-12.49095431402,-31.46106419568,10.));
#4995 = VECTOR('',#4996,1.);
#4996 = DIRECTION('',(0.,0.,-1.));
#4997 = PLANE('',#4998);
#4998 = AXIS2_PLACEMENT_3D('',#4999,#5000,#5001);
#4999 = CARTESIAN_POINT('',(-12.46993253654,-31.41031313538,10.));
#5000 = DIRECTION('',(0.923879532511,-0.382683432365,0.));
#5001 = DIRECTION('',(-0.382683432365,-0.923879532511,0.));
#5002 = ADVANCED_FACE('',(#5003),#5037,.T.);
#5003 = FACE_BOUND('',#5004,.T.);
#5004 = EDGE_LOOP('',(#5005,#5006,#5015,#5036));
#5005 = ORIENTED_EDGE('',*,*,#4912,.F.);
#5006 = ORIENTED_EDGE('',*,*,#5007,.T.);
#5007 = EDGE_CURVE('',#4913,#5008,#5010,.T.);
#5008 = VERTEX_POINT('',#5009);
#5009 = CARTESIAN_POINT('',(24.339369894452,-25.04719651034,
    12.311338480768));
#5010 = CIRCLE('',#5011,34.925162560633);
#5011 = AXIS2_PLACEMENT_3D('',#5012,#5013,#5014);
#5012 = CARTESIAN_POINT('',(0.,0.,12.311338480768));
#5013 = DIRECTION('',(-0.,0.,1.));
#5014 = DIRECTION('',(1.,-6.123233995737E-17,0.));
#5015 = ORIENTED_EDGE('',*,*,#5016,.T.);
#5016 = EDGE_CURVE('',#5008,#3486,#5017,.T.);
#5017 = B_SPLINE_CURVE_WITH_KNOTS('',5,(#5018,#5019,#5020,#5021,#5022,
    #5023,#5024,#5025,#5026,#5027,#5028,#5029,#5030,#5031,#5032,#5033,
    #5034,#5035),.UNSPECIFIED.,.F.,.F.,(6,4,4,4,6),(0.,0.23799579928,
    0.473994222981,0.736995705805,1.),.UNSPECIFIED.);
#5018 = CARTESIAN_POINT('',(24.339369894452,-25.04719651034,
    12.311338480768));
#5019 = CARTESIAN_POINT('',(24.334006089926,-25.04183270581,
    12.365307038313));
#5020 = CARTESIAN_POINT('',(24.325392204731,-25.03321882062,
    12.41863052649));
#5021 = CARTESIAN_POINT('',(24.313580383734,-25.02140699962,
    12.470784603023));
#5022 = CARTESIAN_POINT('',(24.298685248484,-25.00651186437,
    12.521263295961));
#5023 = CARTESIAN_POINT('',(24.263223781253,-24.97105039714,
    12.617525136567));
#5024 = CARTESIAN_POINT('',(24.242705538822,-24.95053215471,
    12.66334564617));
#5025 = CARTESIAN_POINT('',(24.219493772381,-24.92732038827,
    12.706600782214));
#5026 = CARTESIAN_POINT('',(24.193809920388,-24.90163653627,
    12.746878002277));
#5027 = CARTESIAN_POINT('',(24.134839713168,-24.84266632905,
    12.824998308987));
#5028 = CARTESIAN_POINT('',(24.101018435661,-24.80884505155,
    12.862037240319));
#5029 = CARTESIAN_POINT('',(24.064825713289,-24.77265232917,
    12.89445237496));
#5030 = CARTESIAN_POINT('',(24.02669063829,-24.73451725418,
    12.921859515375));
#5031 = CARTESIAN_POINT('',(23.947475990931,-24.65530260682,
    12.966132355916));
#5032 = CARTESIAN_POINT('',(23.906394500258,-24.61422111614,
    12.982998997872));
#5033 = CARTESIAN_POINT('',(23.864309408921,-24.57213602481,
    12.994332984067));
#5034 = CARTESIAN_POINT('',(23.82171961029,-24.52954622618,13.));
#5035 = CARTESIAN_POINT('',(23.779130813376,-24.48695742926,13.));
#5036 = ORIENTED_EDGE('',*,*,#3485,.F.);
#5037 = TOROIDAL_SURFACE('',#5038,34.13294810564,0.8);
#5038 = AXIS2_PLACEMENT_3D('',#5039,#5040,#5041);
#5039 = CARTESIAN_POINT('',(0.,0.,12.2));
#5040 = DIRECTION('',(0.,0.,1.));
#5041 = DIRECTION('',(1.,-6.123233995737E-17,0.));
#5042 = ADVANCED_FACE('',(#5043),#5054,.F.);
#5043 = FACE_BOUND('',#5044,.F.);
#5044 = EDGE_LOOP('',(#5045,#5046,#5052,#5053));
#5045 = ORIENTED_EDGE('',*,*,#4411,.T.);
#5046 = ORIENTED_EDGE('',*,*,#5047,.T.);
#5047 = EDGE_CURVE('',#4404,#3900,#5048,.T.);
#5048 = LINE('',#5049,#5050);
#5049 = CARTESIAN_POINT('',(-13.39381206905,-31.02762970302,10.));
#5050 = VECTOR('',#5051,1.);
#5051 = DIRECTION('',(0.,0.,1.));
#5052 = ORIENTED_EDGE('',*,*,#3907,.F.);
#5053 = ORIENTED_EDGE('',*,*,#4967,.F.);
#5054 = PLANE('',#5055);
#5055 = AXIS2_PLACEMENT_3D('',#5056,#5057,#5058);
#5056 = CARTESIAN_POINT('',(-13.39381206905,-31.02762970302,10.));
#5057 = DIRECTION('',(0.382683432365,0.923879532511,0.));
#5058 = DIRECTION('',(0.923879532511,-0.382683432365,0.));
#5059 = ADVANCED_FACE('',(#5060),#5094,.F.);
#5060 = FACE_BOUND('',#5061,.F.);
#5061 = EDGE_LOOP('',(#5062,#5072,#5079,#5080,#5081,#5087,#5088));
#5062 = ORIENTED_EDGE('',*,*,#5063,.F.);
#5063 = EDGE_CURVE('',#5064,#5066,#5068,.T.);
#5064 = VERTEX_POINT('',#5065);
#5065 = CARTESIAN_POINT('',(24.569088023566,-25.27691463945,10.));
#5066 = VERTEX_POINT('',#5067);
#5067 = CARTESIAN_POINT('',(23.579034595948,-24.28686121183,10.));
#5068 = LINE('',#5069,#5070);
#5069 = CARTESIAN_POINT('',(24.6008622217,-25.30868883759,10.));
#5070 = VECTOR('',#5071,1.);
#5071 = DIRECTION('',(-0.707106781187,0.707106781187,0.));
#5072 = ORIENTED_EDGE('',*,*,#5073,.F.);
#5073 = EDGE_CURVE('',#5008,#5064,#5074,.T.);
#5074 = HYPERBOLA('',#5075,3.561306584381,0.500509);
#5075 = AXIS2_PLACEMENT_3D('',#5076,#5077,#5078);
#5076 = CARTESIAN_POINT('',(-0.353913307945,-0.353913307945,
    260.81678271404));
#5077 = DIRECTION('',(-0.707106781187,-0.707106781187,-0.));
#5078 = DIRECTION('',(0.,0.,-1.));
#5079 = ORIENTED_EDGE('',*,*,#5016,.T.);
#5080 = ORIENTED_EDGE('',*,*,#3494,.F.);
#5081 = ORIENTED_EDGE('',*,*,#5082,.F.);
#5082 = EDGE_CURVE('',#4503,#3495,#5083,.T.);
#5083 = LINE('',#5084,#5085);
#5084 = CARTESIAN_POINT('',(23.54020204992,-24.24802866581,10.));
#5085 = VECTOR('',#5086,1.);
#5086 = DIRECTION('',(0.,0.,1.));
#5087 = ORIENTED_EDGE('',*,*,#4502,.T.);
#5088 = ORIENTED_EDGE('',*,*,#5089,.T.);
#5089 = EDGE_CURVE('',#4494,#5066,#5090,.T.);
#5090 = LINE('',#5091,#5092);
#5091 = CARTESIAN_POINT('',(23.579034595948,-24.28686121183,10.));
#5092 = VECTOR('',#5093,1.);
#5093 = DIRECTION('',(0.,0.,-1.));
#5094 = PLANE('',#5095);
#5095 = AXIS2_PLACEMENT_3D('',#5096,#5097,#5098);
#5096 = CARTESIAN_POINT('',(24.6008622217,-25.30868883759,10.));
#5097 = DIRECTION('',(-0.707106781187,-0.707106781187,0.));
#5098 = DIRECTION('',(-0.707106781187,0.707106781187,0.));
#5099 = ADVANCED_FACE('',(#5100),#5151,.F.);
#5100 = FACE_BOUND('',#5101,.F.);
#5101 = EDGE_LOOP('',(#5102,#5112,#5121,#5142,#5143,#5144,#5145));
#5102 = ORIENTED_EDGE('',*,*,#5103,.F.);
#5103 = EDGE_CURVE('',#5104,#5106,#5108,.T.);
#5104 = VERTEX_POINT('',#5105);
#5105 = CARTESIAN_POINT('',(-13.95064114549,-32.37193401126,10.));
#5106 = VERTEX_POINT('',#5107);
#5107 = CARTESIAN_POINT('',(-13.41482809152,-31.07836686949,10.));
#5108 = LINE('',#5109,#5110);
#5109 = CARTESIAN_POINT('',(-13.9678372176,-32.41344900178,10.));
#5110 = VECTOR('',#5111,1.);
#5111 = DIRECTION('',(0.382683432365,0.923879532511,0.));
#5112 = ORIENTED_EDGE('',*,*,#5113,.F.);
#5113 = EDGE_CURVE('',#5114,#5104,#5116,.T.);
#5114 = VERTEX_POINT('',#5115);
#5115 = CARTESIAN_POINT('',(-13.82631858988,-32.0717928114,
    12.311338480768));
#5116 = HYPERBOLA('',#5117,3.561306584381,0.500509);
#5117 = AXIS2_PLACEMENT_3D('',#5118,#5119,#5120);
#5118 = CARTESIAN_POINT('',(-0.462410020938,0.19153650205,
    260.81678271404));
#5119 = DIRECTION('',(-0.923879532511,0.382683432365,0.));
#5120 = DIRECTION('',(0.,0.,-1.));
#5121 = ORIENTED_EDGE('',*,*,#5122,.T.);
#5122 = EDGE_CURVE('',#5114,#3891,#5123,.T.);
#5123 = B_SPLINE_CURVE_WITH_KNOTS('',5,(#5124,#5125,#5126,#5127,#5128,
    #5129,#5130,#5131,#5132,#5133,#5134,#5135,#5136,#5137,#5138,#5139,
    #5140,#5141),.UNSPECIFIED.,.F.,.F.,(6,4,4,4,6),(0.,0.23799579928,
    0.473994222981,0.736995705805,1.),.UNSPECIFIED.);
#5124 = CARTESIAN_POINT('',(-13.82631858988,-32.0717928114,
    12.311338480768));
#5125 = CARTESIAN_POINT('',(-13.82341571978,-32.06478466306,
    12.365307038313));
#5126 = CARTESIAN_POINT('',(-13.81875391871,-32.05353007968,
    12.41863052649));
#5127 = CARTESIAN_POINT('',(-13.81236140725,-32.03809719182,
    12.470784603023));
#5128 = CARTESIAN_POINT('',(-13.80430021814,-32.01863575974,
    12.521263295961));
#5129 = CARTESIAN_POINT('',(-13.78510861037,-31.97230311998,
    12.617525136567));
#5130 = CARTESIAN_POINT('',(-13.77400421759,-31.94549474431,
    12.66334564617));
#5131 = CARTESIAN_POINT('',(-13.76144210011,-31.91516710993,
    12.706600782214));
#5132 = CARTESIAN_POINT('',(-13.74754209958,-31.88160954012,
    12.746878002277));
#5133 = CARTESIAN_POINT('',(-13.7156276534,-31.80456125134,
    12.824998308987));
#5134 = CARTESIAN_POINT('',(-13.69732370991,-31.76037162272,
    12.862037240319));
#5135 = CARTESIAN_POINT('',(-13.67773634971,-31.71308355207,
    12.89445237496));
#5136 = CARTESIAN_POINT('',(-13.65709779584,-31.66325767542,
    12.921859515375));
#5137 = CARTESIAN_POINT('',(-13.61422713762,-31.5597587509,
    12.966132355916));
#5138 = CARTESIAN_POINT('',(-13.59199399508,-31.50608319665,
    12.982998997872));
#5139 = CARTESIAN_POINT('',(-13.56921770777,-31.45109637493,
    12.994332984067));
#5140 = CARTESIAN_POINT('',(-13.54616827485,-31.39545012136,13.));
#5141 = CARTESIAN_POINT('',(-13.52311938405,-31.33980517659,13.));
#5142 = ORIENTED_EDGE('',*,*,#3899,.F.);
#5143 = ORIENTED_EDGE('',*,*,#5047,.F.);
#5144 = ORIENTED_EDGE('',*,*,#4403,.T.);
#5145 = ORIENTED_EDGE('',*,*,#5146,.T.);
#5146 = EDGE_CURVE('',#4395,#5106,#5147,.T.);
#5147 = LINE('',#5148,#5149);
#5148 = CARTESIAN_POINT('',(-13.41482809152,-31.07836686949,10.));
#5149 = VECTOR('',#5150,1.);
#5150 = DIRECTION('',(0.,0.,-1.));
#5151 = PLANE('',#5152);
#5152 = AXIS2_PLACEMENT_3D('',#5153,#5154,#5155);
#5153 = CARTESIAN_POINT('',(-13.9678372176,-32.41344900178,10.));
#5154 = DIRECTION('',(-0.923879532511,0.382683432365,0.));
#5155 = DIRECTION('',(0.382683432365,0.923879532511,0.));
#5156 = ADVANCED_FACE('',(#5157),#5168,.F.);
#5157 = FACE_BOUND('',#5158,.F.);
#5158 = EDGE_LOOP('',(#5159,#5160,#5161,#5162));
#5159 = ORIENTED_EDGE('',*,*,#4510,.T.);
#5160 = ORIENTED_EDGE('',*,*,#5082,.T.);
#5161 = ORIENTED_EDGE('',*,*,#3502,.F.);
#5162 = ORIENTED_EDGE('',*,*,#5163,.F.);
#5163 = EDGE_CURVE('',#4511,#3503,#5164,.T.);
#5164 = LINE('',#5165,#5166);
#5165 = CARTESIAN_POINT('',(24.247308831107,-23.54092188462,10.));
#5166 = VECTOR('',#5167,1.);
#5167 = DIRECTION('',(0.,0.,1.));
#5168 = PLANE('',#5169);
#5169 = AXIS2_PLACEMENT_3D('',#5170,#5171,#5172);
#5170 = CARTESIAN_POINT('',(23.54020204992,-24.24802866581,10.));
#5171 = DIRECTION('',(-0.707106781187,0.707106781187,0.));
#5172 = DIRECTION('',(0.707106781187,0.707106781187,0.));
#5173 = ADVANCED_FACE('',(#5174),#5208,.T.);
#5174 = FACE_BOUND('',#5175,.T.);
#5175 = EDGE_LOOP('',(#5176,#5199,#5206,#5207));
#5176 = ORIENTED_EDGE('',*,*,#5177,.F.);
#5177 = EDGE_CURVE('',#5178,#3883,#5180,.T.);
#5178 = VERTEX_POINT('',#5179);
#5179 = CARTESIAN_POINT('',(-24.3401000356,-25.04648698208,
    12.311338480768));
#5180 = B_SPLINE_CURVE_WITH_KNOTS('',5,(#5181,#5182,#5183,#5184,#5185,
    #5186,#5187,#5188,#5189,#5190,#5191,#5192,#5193,#5194,#5195,#5196,
    #5197,#5198),.UNSPECIFIED.,.F.,.F.,(6,4,4,4,6),(0.,0.237995817203,
    0.473994248265,0.736995724161,1.),.UNSPECIFIED.);
#5181 = CARTESIAN_POINT('',(-24.3401000356,-25.04648698208,
    12.311338480768));
#5182 = CARTESIAN_POINT('',(-24.33473623338,-25.04112317986,
    12.365307037594));
#5183 = CARTESIAN_POINT('',(-24.32612235192,-25.0325092984,
    12.418630525273));
#5184 = CARTESIAN_POINT('',(-24.31431053599,-25.02069748248,
    12.470784601716));
#5185 = CARTESIAN_POINT('',(-24.29941540696,-25.00580235344,
    12.521263295067));
#5186 = CARTESIAN_POINT('',(-24.26395395472,-24.97034090121,
    12.61752513534));
#5187 = CARTESIAN_POINT('',(-24.24343572131,-24.94982266779,
    12.663345644368));
#5188 = CARTESIAN_POINT('',(-24.2202239648,-24.92661091129,
    12.706600780524));
#5189 = CARTESIAN_POINT('',(-24.1945401234,-24.90092706988,
    12.746878001261));
#5190 = CARTESIAN_POINT('',(-24.13556994131,-24.84195688779,
    12.82499830775));
#5191 = CARTESIAN_POINT('',(-24.10174867876,-24.80813562525,
    12.862037238748));
#5192 = CARTESIAN_POINT('',(-24.06555597188,-24.77194291837,
    12.894452373729));
#5193 = CARTESIAN_POINT('',(-24.02742091266,-24.73380785914,
    12.921859514776));
#5194 = CARTESIAN_POINT('',(-23.9482062989,-24.65459324538,
    12.966132355553));
#5195 = CARTESIAN_POINT('',(-23.90712482619,-24.61351177267,
    12.982998997575));
#5196 = CARTESIAN_POINT('',(-23.86503975294,-24.57142669942,
    12.994332983963));
#5197 = CARTESIAN_POINT('',(-23.82244997247,-24.52883691896,13.));
#5198 = CARTESIAN_POINT('',(-23.77986119378,-24.48624814026,13.));
#5199 = ORIENTED_EDGE('',*,*,#5200,.T.);
#5200 = EDGE_CURVE('',#5178,#5114,#5201,.T.);
#5201 = CIRCLE('',#5202,34.925162560633);
#5202 = AXIS2_PLACEMENT_3D('',#5203,#5204,#5205);
#5203 = CARTESIAN_POINT('',(0.,0.,12.311338480768));
#5204 = DIRECTION('',(-0.,0.,1.));
#5205 = DIRECTION('',(1.,-6.123233995737E-17,0.));
#5206 = ORIENTED_EDGE('',*,*,#5122,.T.);
#5207 = ORIENTED_EDGE('',*,*,#3890,.F.);
#5208 = TOROIDAL_SURFACE('',#5209,34.13294810564,0.8);
#5209 = AXIS2_PLACEMENT_3D('',#5210,#5211,#5212);
#5210 = CARTESIAN_POINT('',(0.,0.,12.2));
#5211 = DIRECTION('',(0.,0.,1.));
#5212 = DIRECTION('',(1.,-6.123233995737E-17,0.));
#5213 = ADVANCED_FACE('',(#5214),#5265,.F.);
#5214 = FACE_BOUND('',#5215,.F.);
#5215 = EDGE_LOOP('',(#5216,#5217,#5218,#5219,#5242,#5251,#5259));
#5216 = ORIENTED_EDGE('',*,*,#4518,.T.);
#5217 = ORIENTED_EDGE('',*,*,#5163,.T.);
#5218 = ORIENTED_EDGE('',*,*,#3510,.F.);
#5219 = ORIENTED_EDGE('',*,*,#5220,.F.);
#5220 = EDGE_CURVE('',#5221,#3511,#5223,.T.);
#5221 = VERTEX_POINT('',#5222);
#5222 = CARTESIAN_POINT('',(25.046486982083,-24.3401000356,
    12.311338480768));
#5223 = B_SPLINE_CURVE_WITH_KNOTS('',5,(#5224,#5225,#5226,#5227,#5228,
    #5229,#5230,#5231,#5232,#5233,#5234,#5235,#5236,#5237,#5238,#5239,
    #5240,#5241),.UNSPECIFIED.,.F.,.F.,(6,4,4,4,6),(0.,0.237995817203,
    0.473994248265,0.736995724161,1.),.UNSPECIFIED.);
#5224 = CARTESIAN_POINT('',(25.046486982083,-24.3401000356,
    12.311338480768));
#5225 = CARTESIAN_POINT('',(25.041123179867,-24.33473623338,
    12.365307037594));
#5226 = CARTESIAN_POINT('',(25.032509298406,-24.32612235192,
    12.418630525273));
#5227 = CARTESIAN_POINT('',(25.02069748248,-24.31431053599,
    12.470784601716));
#5228 = CARTESIAN_POINT('',(25.005802353447,-24.29941540696,
    12.521263295067));
#5229 = CARTESIAN_POINT('',(24.970340901211,-24.26395395472,
    12.61752513534));
#5230 = CARTESIAN_POINT('',(24.949822667796,-24.24343572131,
    12.663345644368));
#5231 = CARTESIAN_POINT('',(24.92661091129,-24.2202239648,
    12.706600780524));
#5232 = CARTESIAN_POINT('',(24.900927069886,-24.1945401234,
    12.746878001261));
#5233 = CARTESIAN_POINT('',(24.841956887795,-24.13556994131,
    12.82499830775));
#5234 = CARTESIAN_POINT('',(24.808135625251,-24.10174867876,
    12.862037238748));
#5235 = CARTESIAN_POINT('',(24.771942918372,-24.06555597188,
    12.894452373729));
#5236 = CARTESIAN_POINT('',(24.733807859144,-24.02742091266,
    12.921859514776));
#5237 = CARTESIAN_POINT('',(24.654593245389,-23.9482062989,
    12.966132355553));
#5238 = CARTESIAN_POINT('',(24.613511772673,-23.90712482619,
    12.982998997575));
#5239 = CARTESIAN_POINT('',(24.571426699428,-23.86503975294,
    12.994332983963));
#5240 = CARTESIAN_POINT('',(24.528836918962,-23.82244997247,13.));
#5241 = CARTESIAN_POINT('',(24.486248140267,-23.77986119378,13.));
#5242 = ORIENTED_EDGE('',*,*,#5243,.F.);
#5243 = EDGE_CURVE('',#5244,#5221,#5246,.T.);
#5244 = VERTEX_POINT('',#5245);
#5245 = CARTESIAN_POINT('',(25.2762050162,-24.56981806971,10.));
#5246 = HYPERBOLA('',#5247,3.554063138003,0.499491);
#5247 = AXIS2_PLACEMENT_3D('',#5248,#5249,#5250);
#5248 = CARTESIAN_POINT('',(0.353193473242,0.353193473242,
    260.81678271404));
#5249 = DIRECTION('',(0.707106781187,0.707106781187,0.));
#5250 = DIRECTION('',(0.,0.,-1.));
#5251 = ORIENTED_EDGE('',*,*,#5252,.F.);
#5252 = EDGE_CURVE('',#5253,#5244,#5255,.T.);
#5253 = VERTEX_POINT('',#5254);
#5254 = CARTESIAN_POINT('',(24.286152011009,-23.57976506452,10.));
#5255 = LINE('',#5256,#5257);
#5256 = CARTESIAN_POINT('',(24.247308831107,-23.54092188462,10.));
#5257 = VECTOR('',#5258,1.);
#5258 = DIRECTION('',(0.707106781187,-0.707106781187,0.));
#5259 = ORIENTED_EDGE('',*,*,#5260,.F.);
#5260 = EDGE_CURVE('',#4519,#5253,#5261,.T.);
#5261 = LINE('',#5262,#5263);
#5262 = CARTESIAN_POINT('',(24.286152011008,-23.57976506452,10.));
#5263 = VECTOR('',#5264,1.);
#5264 = DIRECTION('',(0.,0.,-1.));
#5265 = PLANE('',#5266);
#5266 = AXIS2_PLACEMENT_3D('',#5267,#5268,#5269);
#5267 = CARTESIAN_POINT('',(24.247308831107,-23.54092188462,10.));
#5268 = DIRECTION('',(0.707106781187,0.707106781187,0.));
#5269 = DIRECTION('',(0.707106781187,-0.707106781187,0.));
#5270 = ADVANCED_FACE('',(#5271),#5305,.F.);
#5271 = FACE_BOUND('',#5272,.F.);
#5272 = EDGE_LOOP('',(#5273,#5274,#5280,#5281,#5282,#5291,#5299));
#5273 = ORIENTED_EDGE('',*,*,#4386,.T.);
#5274 = ORIENTED_EDGE('',*,*,#5275,.T.);
#5275 = EDGE_CURVE('',#4379,#3875,#5276,.T.);
#5276 = LINE('',#5277,#5278);
#5277 = CARTESIAN_POINT('',(-23.54092188462,-24.2473088311,10.));
#5278 = VECTOR('',#5279,1.);
#5279 = DIRECTION('',(0.,0.,1.));
#5280 = ORIENTED_EDGE('',*,*,#3882,.F.);
#5281 = ORIENTED_EDGE('',*,*,#5177,.F.);
#5282 = ORIENTED_EDGE('',*,*,#5283,.F.);
#5283 = EDGE_CURVE('',#5284,#5178,#5286,.T.);
#5284 = VERTEX_POINT('',#5285);
#5285 = CARTESIAN_POINT('',(-24.56981806971,-25.2762050162,10.));
#5286 = HYPERBOLA('',#5287,3.554063138003,0.499491);
#5287 = AXIS2_PLACEMENT_3D('',#5288,#5289,#5290);
#5288 = CARTESIAN_POINT('',(0.353193473242,-0.353193473242,
    260.81678271404));
#5289 = DIRECTION('',(0.707106781187,-0.707106781187,0.));
#5290 = DIRECTION('',(0.,0.,-1.));
#5291 = ORIENTED_EDGE('',*,*,#5292,.F.);
#5292 = EDGE_CURVE('',#5293,#5284,#5295,.T.);
#5293 = VERTEX_POINT('',#5294);
#5294 = CARTESIAN_POINT('',(-23.57976506452,-24.286152011,10.));
#5295 = LINE('',#5296,#5297);
#5296 = CARTESIAN_POINT('',(-23.54092188462,-24.2473088311,10.));
#5297 = VECTOR('',#5298,1.);
#5298 = DIRECTION('',(-0.707106781187,-0.707106781187,0.));
#5299 = ORIENTED_EDGE('',*,*,#5300,.F.);
#5300 = EDGE_CURVE('',#4387,#5293,#5301,.T.);
#5301 = LINE('',#5302,#5303);
#5302 = CARTESIAN_POINT('',(-23.57976506452,-24.286152011,10.));
#5303 = VECTOR('',#5304,1.);
#5304 = DIRECTION('',(0.,0.,-1.));
#5305 = PLANE('',#5306);
#5306 = AXIS2_PLACEMENT_3D('',#5307,#5308,#5309);
#5307 = CARTESIAN_POINT('',(-23.54092188462,-24.2473088311,10.));
#5308 = DIRECTION('',(0.707106781187,-0.707106781187,0.));
#5309 = DIRECTION('',(-0.707106781187,-0.707106781187,0.));
#5310 = ADVANCED_FACE('',(#5311),#5345,.T.);
#5311 = FACE_BOUND('',#5312,.T.);
#5312 = EDGE_LOOP('',(#5313,#5314,#5323,#5344));
#5313 = ORIENTED_EDGE('',*,*,#5220,.F.);
#5314 = ORIENTED_EDGE('',*,*,#5315,.T.);
#5315 = EDGE_CURVE('',#5221,#5316,#5318,.T.);
#5316 = VERTEX_POINT('',#5317);
#5317 = CARTESIAN_POINT('',(32.071792811406,-13.82631858988,
    12.311338480768));
#5318 = CIRCLE('',#5319,34.925162560633);
#5319 = AXIS2_PLACEMENT_3D('',#5320,#5321,#5322);
#5320 = CARTESIAN_POINT('',(0.,0.,12.311338480768));
#5321 = DIRECTION('',(-0.,0.,1.));
#5322 = DIRECTION('',(1.,-6.123233995737E-17,0.));
#5323 = ORIENTED_EDGE('',*,*,#5324,.T.);
#5324 = EDGE_CURVE('',#5316,#3519,#5325,.T.);
#5325 = B_SPLINE_CURVE_WITH_KNOTS('',5,(#5326,#5327,#5328,#5329,#5330,
    #5331,#5332,#5333,#5334,#5335,#5336,#5337,#5338,#5339,#5340,#5341,
    #5342,#5343),.UNSPECIFIED.,.F.,.F.,(6,4,4,4,6),(0.,0.23799579928,
    0.473994222981,0.736995705805,1.),.UNSPECIFIED.);
#5326 = CARTESIAN_POINT('',(32.071792811406,-13.82631858988,
    12.311338480768));
#5327 = CARTESIAN_POINT('',(32.064784663062,-13.82341571978,
    12.365307038313));
#5328 = CARTESIAN_POINT('',(32.053530079681,-13.81875391871,
    12.41863052649));
#5329 = CARTESIAN_POINT('',(32.03809719182,-13.81236140725,
    12.470784603023));
#5330 = CARTESIAN_POINT('',(32.018635759745,-13.80430021814,
    12.521263295961));
#5331 = CARTESIAN_POINT('',(31.972303119981,-13.78510861037,
    12.617525136567));
#5332 = CARTESIAN_POINT('',(31.945494744316,-13.77400421759,
    12.66334564617));
#5333 = CARTESIAN_POINT('',(31.915167109936,-13.76144210011,
    12.706600782214));
#5334 = CARTESIAN_POINT('',(31.881609540125,-13.74754209958,
    12.746878002277));
#5335 = CARTESIAN_POINT('',(31.804561251341,-13.7156276534,
    12.824998308987));
#5336 = CARTESIAN_POINT('',(31.760371622725,-13.69732370991,
    12.862037240319));
#5337 = CARTESIAN_POINT('',(31.713083552076,-13.67773634971,
    12.89445237496));
#5338 = CARTESIAN_POINT('',(31.66325767542,-13.65709779584,
    12.921859515375));
#5339 = CARTESIAN_POINT('',(31.559758750904,-13.61422713762,
    12.966132355916));
#5340 = CARTESIAN_POINT('',(31.50608319665,-13.59199399508,
    12.982998997872));
#5341 = CARTESIAN_POINT('',(31.451096374935,-13.56921770777,
    12.994332984067));
#5342 = CARTESIAN_POINT('',(31.395450121362,-13.54616827485,13.));
#5343 = CARTESIAN_POINT('',(31.339805176596,-13.52311938405,13.));
#5344 = ORIENTED_EDGE('',*,*,#3518,.F.);
#5345 = TOROIDAL_SURFACE('',#5346,34.13294810564,0.8);
#5346 = AXIS2_PLACEMENT_3D('',#5347,#5348,#5349);
#5347 = CARTESIAN_POINT('',(0.,0.,12.2));
#5348 = DIRECTION('',(0.,0.,1.));
#5349 = DIRECTION('',(1.,-6.123233995737E-17,0.));
#5350 = ADVANCED_FACE('',(#5351),#5362,.F.);
#5351 = FACE_BOUND('',#5352,.F.);
#5352 = EDGE_LOOP('',(#5353,#5354,#5360,#5361));
#5353 = ORIENTED_EDGE('',*,*,#4378,.T.);
#5354 = ORIENTED_EDGE('',*,*,#5355,.T.);
#5355 = EDGE_CURVE('',#4371,#3867,#5356,.T.);
#5356 = LINE('',#5357,#5358);
#5357 = CARTESIAN_POINT('',(-24.24802866581,-23.54020204992,10.));
#5358 = VECTOR('',#5359,1.);
#5359 = DIRECTION('',(0.,0.,1.));
#5360 = ORIENTED_EDGE('',*,*,#3874,.F.);
#5361 = ORIENTED_EDGE('',*,*,#5275,.F.);
#5362 = PLANE('',#5363);
#5363 = AXIS2_PLACEMENT_3D('',#5364,#5365,#5366);
#5364 = CARTESIAN_POINT('',(-24.24802866581,-23.54020204992,10.));
#5365 = DIRECTION('',(0.707106781187,0.707106781187,0.));
#5366 = DIRECTION('',(0.707106781187,-0.707106781187,0.));
#5367 = ADVANCED_FACE('',(#5368),#5402,.F.);
#5368 = FACE_BOUND('',#5369,.F.);
#5369 = EDGE_LOOP('',(#5370,#5380,#5387,#5388,#5389,#5395,#5396));
#5370 = ORIENTED_EDGE('',*,*,#5371,.F.);
#5371 = EDGE_CURVE('',#5372,#5374,#5376,.T.);
#5372 = VERTEX_POINT('',#5373);
#5373 = CARTESIAN_POINT('',(32.371934011266,-13.95064114549,10.));
#5374 = VERTEX_POINT('',#5375);
#5375 = CARTESIAN_POINT('',(31.078366869493,-13.41482809152,10.));
#5376 = LINE('',#5377,#5378);
#5377 = CARTESIAN_POINT('',(32.413449001788,-13.9678372176,10.));
#5378 = VECTOR('',#5379,1.);
#5379 = DIRECTION('',(-0.923879532511,0.382683432365,0.));
#5380 = ORIENTED_EDGE('',*,*,#5381,.F.);
#5381 = EDGE_CURVE('',#5316,#5372,#5382,.T.);
#5382 = HYPERBOLA('',#5383,3.561306584381,0.500509);
#5383 = AXIS2_PLACEMENT_3D('',#5384,#5385,#5386);
#5384 = CARTESIAN_POINT('',(-0.19153650205,-0.462410020938,
    260.81678271404));
#5385 = DIRECTION('',(-0.382683432365,-0.923879532511,-0.));
#5386 = DIRECTION('',(0.,0.,-1.));
#5387 = ORIENTED_EDGE('',*,*,#5324,.T.);
#5388 = ORIENTED_EDGE('',*,*,#3527,.F.);
#5389 = ORIENTED_EDGE('',*,*,#5390,.F.);
#5390 = EDGE_CURVE('',#4536,#3528,#5391,.T.);
#5391 = LINE('',#5392,#5393);
#5392 = CARTESIAN_POINT('',(31.027629703021,-13.39381206905,10.));
#5393 = VECTOR('',#5394,1.);
#5394 = DIRECTION('',(0.,0.,1.));
#5395 = ORIENTED_EDGE('',*,*,#4535,.T.);
#5396 = ORIENTED_EDGE('',*,*,#5397,.T.);
#5397 = EDGE_CURVE('',#4527,#5374,#5398,.T.);
#5398 = LINE('',#5399,#5400);
#5399 = CARTESIAN_POINT('',(31.078366869493,-13.41482809152,10.));
#5400 = VECTOR('',#5401,1.);
#5401 = DIRECTION('',(0.,0.,-1.));
#5402 = PLANE('',#5403);
#5403 = AXIS2_PLACEMENT_3D('',#5404,#5405,#5406);
#5404 = CARTESIAN_POINT('',(32.413449001788,-13.9678372176,10.));
#5405 = DIRECTION('',(-0.382683432365,-0.923879532511,0.));
#5406 = DIRECTION('',(-0.923879532511,0.382683432365,0.));
#5407 = ADVANCED_FACE('',(#5408),#5459,.F.);
#5408 = FACE_BOUND('',#5409,.F.);
#5409 = EDGE_LOOP('',(#5410,#5420,#5429,#5450,#5451,#5452,#5453));
#5410 = ORIENTED_EDGE('',*,*,#5411,.F.);
#5411 = EDGE_CURVE('',#5412,#5414,#5416,.T.);
#5412 = VERTEX_POINT('',#5413);
#5413 = CARTESIAN_POINT('',(-25.27691463945,-24.56908802356,10.));
#5414 = VERTEX_POINT('',#5415);
#5415 = CARTESIAN_POINT('',(-24.28686121183,-23.57903459594,10.));
#5416 = LINE('',#5417,#5418);
#5417 = CARTESIAN_POINT('',(-25.30868883759,-24.6008622217,10.));
#5418 = VECTOR('',#5419,1.);
#5419 = DIRECTION('',(0.707106781187,0.707106781187,0.));
#5420 = ORIENTED_EDGE('',*,*,#5421,.F.);
#5421 = EDGE_CURVE('',#5422,#5412,#5424,.T.);
#5422 = VERTEX_POINT('',#5423);
#5423 = CARTESIAN_POINT('',(-25.04719651034,-24.33936989445,
    12.311338480768));
#5424 = HYPERBOLA('',#5425,3.561306584381,0.500509);
#5425 = AXIS2_PLACEMENT_3D('',#5426,#5427,#5428);
#5426 = CARTESIAN_POINT('',(-0.353913307945,0.353913307945,
    260.81678271404));
#5427 = DIRECTION('',(-0.707106781187,0.707106781187,0.));
#5428 = DIRECTION('',(0.,0.,-1.));
#5429 = ORIENTED_EDGE('',*,*,#5430,.T.);
#5430 = EDGE_CURVE('',#5422,#3858,#5431,.T.);
#5431 = B_SPLINE_CURVE_WITH_KNOTS('',5,(#5432,#5433,#5434,#5435,#5436,
    #5437,#5438,#5439,#5440,#5441,#5442,#5443,#5444,#5445,#5446,#5447,
    #5448,#5449),.UNSPECIFIED.,.F.,.F.,(6,4,4,4,6),(0.,0.23799579928,
    0.473994222981,0.736995705805,1.),.UNSPECIFIED.);
#5432 = CARTESIAN_POINT('',(-25.04719651034,-24.33936989445,
    12.311338480768));
#5433 = CARTESIAN_POINT('',(-25.04183270581,-24.33400608992,
    12.365307038313));
#5434 = CARTESIAN_POINT('',(-25.03321882062,-24.32539220473,
    12.41863052649));
#5435 = CARTESIAN_POINT('',(-25.02140699962,-24.31358038373,
    12.470784603023));
#5436 = CARTESIAN_POINT('',(-25.00651186437,-24.29868524848,
    12.521263295961));
#5437 = CARTESIAN_POINT('',(-24.97105039714,-24.26322378125,
    12.617525136567));
#5438 = CARTESIAN_POINT('',(-24.95053215471,-24.24270553882,
    12.66334564617));
#5439 = CARTESIAN_POINT('',(-24.92732038827,-24.21949377238,
    12.706600782214));
#5440 = CARTESIAN_POINT('',(-24.90163653627,-24.19380992038,
    12.746878002277));
#5441 = CARTESIAN_POINT('',(-24.84266632905,-24.13483971316,
    12.824998308987));
#5442 = CARTESIAN_POINT('',(-24.80884505155,-24.10101843566,
    12.862037240319));
#5443 = CARTESIAN_POINT('',(-24.77265232917,-24.06482571328,
    12.89445237496));
#5444 = CARTESIAN_POINT('',(-24.73451725418,-24.02669063829,
    12.921859515375));
#5445 = CARTESIAN_POINT('',(-24.65530260682,-23.94747599093,
    12.966132355916));
#5446 = CARTESIAN_POINT('',(-24.61422111614,-23.90639450025,
    12.982998997872));
#5447 = CARTESIAN_POINT('',(-24.57213602481,-23.86430940892,
    12.994332984067));
#5448 = CARTESIAN_POINT('',(-24.52954622618,-23.82171961029,13.));
#5449 = CARTESIAN_POINT('',(-24.48695742926,-23.77913081337,13.));
#5450 = ORIENTED_EDGE('',*,*,#3866,.F.);
#5451 = ORIENTED_EDGE('',*,*,#5355,.F.);
#5452 = ORIENTED_EDGE('',*,*,#4370,.T.);
#5453 = ORIENTED_EDGE('',*,*,#5454,.T.);
#5454 = EDGE_CURVE('',#4362,#5414,#5455,.T.);
#5455 = LINE('',#5456,#5457);
#5456 = CARTESIAN_POINT('',(-24.28686121183,-23.57903459594,10.));
#5457 = VECTOR('',#5458,1.);
#5458 = DIRECTION('',(0.,0.,-1.));
#5459 = PLANE('',#5460);
#5460 = AXIS2_PLACEMENT_3D('',#5461,#5462,#5463);
#5461 = CARTESIAN_POINT('',(-25.30868883759,-24.6008622217,10.));
#5462 = DIRECTION('',(-0.707106781187,0.707106781187,0.));
#5463 = DIRECTION('',(0.707106781187,0.707106781187,0.));
#5464 = ADVANCED_FACE('',(#5465),#5476,.F.);
#5465 = FACE_BOUND('',#5466,.F.);
#5466 = EDGE_LOOP('',(#5467,#5468,#5469,#5470));
#5467 = ORIENTED_EDGE('',*,*,#4543,.T.);
#5468 = ORIENTED_EDGE('',*,*,#5390,.T.);
#5469 = ORIENTED_EDGE('',*,*,#3535,.F.);
#5470 = ORIENTED_EDGE('',*,*,#5471,.F.);
#5471 = EDGE_CURVE('',#4544,#3536,#5472,.T.);
#5472 = LINE('',#5473,#5474);
#5473 = CARTESIAN_POINT('',(31.410313135386,-12.46993253654,10.));
#5474 = VECTOR('',#5475,1.);
#5475 = DIRECTION('',(0.,0.,1.));
#5476 = PLANE('',#5477);
#5477 = AXIS2_PLACEMENT_3D('',#5478,#5479,#5480);
#5478 = CARTESIAN_POINT('',(31.027629703021,-13.39381206905,10.));
#5479 = DIRECTION('',(-0.923879532511,0.382683432365,0.));
#5480 = DIRECTION('',(0.382683432365,0.923879532511,0.));
#5481 = ADVANCED_FACE('',(#5482),#5516,.T.);
#5482 = FACE_BOUND('',#5483,.T.);
#5483 = EDGE_LOOP('',(#5484,#5507,#5514,#5515));
#5484 = ORIENTED_EDGE('',*,*,#5485,.F.);
#5485 = EDGE_CURVE('',#5486,#3850,#5488,.T.);
#5486 = VERTEX_POINT('',#5487);
#5487 = CARTESIAN_POINT('',(-32.07219584915,-13.82538365832,
    12.311338480768));
#5488 = B_SPLINE_CURVE_WITH_KNOTS('',5,(#5489,#5490,#5491,#5492,#5493,
    #5494,#5495,#5496,#5497,#5498,#5499,#5500,#5501,#5502,#5503,#5504,
    #5505,#5506),.UNSPECIFIED.,.F.,.F.,(6,4,4,4,6),(0.,0.237995817203,
    0.473994248265,0.736995724161,1.),.UNSPECIFIED.);
#5489 = CARTESIAN_POINT('',(-32.07219584915,-13.82538365832,
    12.311338480768));
#5490 = CARTESIAN_POINT('',(-32.06518770383,-13.82248078948,
    12.365307037594));
#5491 = CARTESIAN_POINT('',(-32.05393312533,-13.81781899042,
    12.418630525273));
#5492 = CARTESIAN_POINT('',(-32.03850024409,-13.81142648171,
    12.470784601716));
#5493 = CARTESIAN_POINT('',(-32.01903882014,-13.80336529597,
    12.521263295067));
#5494 = CARTESIAN_POINT('',(-31.97270619997,-13.78417369631,
    12.61752513534));
#5495 = CARTESIAN_POINT('',(-31.94589783608,-13.7730693084,
    12.663345644368));
#5496 = CARTESIAN_POINT('',(-31.91557021468,-13.76050719631,
    12.706600780524));
#5497 = CARTESIAN_POINT('',(-31.88201265871,-13.7466072015,
    12.746878001261));
#5498 = CARTESIAN_POINT('',(-31.80496440275,-13.71469276893,
    12.82499830775));
#5499 = CARTESIAN_POINT('',(-31.76077479369,-13.69638883354,
    12.862037238748));
#5500 = CARTESIAN_POINT('',(-31.71348674328,-13.67680148172,
    12.894452373729));
#5501 = CARTESIAN_POINT('',(-31.66366088723,-13.65616293639,
    12.921859514776));
#5502 = CARTESIAN_POINT('',(-31.56016200662,-13.61329229635,
    12.966132355553));
#5503 = CARTESIAN_POINT('',(-31.50648647583,-13.59105916353,
    12.982998997575));
#5504 = CARTESIAN_POINT('',(-31.45149967775,-13.56828288601,
    12.994332983963));
#5505 = CARTESIAN_POINT('',(-31.39585344791,-13.54523346292,13.));
#5506 = CARTESIAN_POINT('',(-31.34020852695,-13.52218458198,13.));
#5507 = ORIENTED_EDGE('',*,*,#5508,.T.);
#5508 = EDGE_CURVE('',#5486,#5422,#5509,.T.);
#5509 = CIRCLE('',#5510,34.925162560633);
#5510 = AXIS2_PLACEMENT_3D('',#5511,#5512,#5513);
#5511 = CARTESIAN_POINT('',(0.,0.,12.311338480768));
#5512 = DIRECTION('',(-0.,0.,1.));
#5513 = DIRECTION('',(1.,-6.123233995737E-17,0.));
#5514 = ORIENTED_EDGE('',*,*,#5430,.T.);
#5515 = ORIENTED_EDGE('',*,*,#3857,.F.);
#5516 = TOROIDAL_SURFACE('',#5517,34.13294810564,0.8);
#5517 = AXIS2_PLACEMENT_3D('',#5518,#5519,#5520);
#5518 = CARTESIAN_POINT('',(0.,0.,12.2));
#5519 = DIRECTION('',(0.,0.,1.));
#5520 = DIRECTION('',(1.,-6.123233995737E-17,0.));
#5521 = ADVANCED_FACE('',(#5522),#5573,.F.);
#5522 = FACE_BOUND('',#5523,.F.);
#5523 = EDGE_LOOP('',(#5524,#5525,#5526,#5527,#5550,#5559,#5567));
#5524 = ORIENTED_EDGE('',*,*,#4551,.T.);
#5525 = ORIENTED_EDGE('',*,*,#5471,.T.);
#5526 = ORIENTED_EDGE('',*,*,#3543,.F.);
#5527 = ORIENTED_EDGE('',*,*,#5528,.F.);
#5528 = EDGE_CURVE('',#5529,#3544,#5531,.T.);
#5529 = VERTEX_POINT('',#5530);
#5530 = CARTESIAN_POINT('',(32.45448970979,-12.90244463517,
    12.311338480768));
#5531 = B_SPLINE_CURVE_WITH_KNOTS('',5,(#5532,#5533,#5534,#5535,#5536,
    #5537,#5538,#5539,#5540,#5541,#5542,#5543,#5544,#5545,#5546,#5547,
    #5548,#5549),.UNSPECIFIED.,.F.,.F.,(6,4,4,4,6),(0.,0.237995817203,
    0.473994248265,0.736995724161,1.),.UNSPECIFIED.);
#5532 = CARTESIAN_POINT('',(32.45448970979,-12.90244463517,
    12.311338480768));
#5533 = CARTESIAN_POINT('',(32.447481564464,-12.89954176633,
    12.365307037594));
#5534 = CARTESIAN_POINT('',(32.436226985962,-12.89487996728,
    12.418630525273));
#5535 = CARTESIAN_POINT('',(32.420794104726,-12.88848745856,
    12.470784601716));
#5536 = CARTESIAN_POINT('',(32.401332680775,-12.88042627282,
    12.521263295067));
#5537 = CARTESIAN_POINT('',(32.355000060601,-12.86123467316,
    12.61752513534));
#5538 = CARTESIAN_POINT('',(32.328191696717,-12.85013028526,
    12.663345644368));
#5539 = CARTESIAN_POINT('',(32.297864075317,-12.83756817316,
    12.706600780524));
#5540 = CARTESIAN_POINT('',(32.264306519342,-12.82366817835,
    12.746878001261));
#5541 = CARTESIAN_POINT('',(32.18725826339,-12.79175374578,
    12.82499830775));
#5542 = CARTESIAN_POINT('',(32.143068654325,-12.77344981039,
    12.862037238748));
#5543 = CARTESIAN_POINT('',(32.095780603919,-12.75386245857,
    12.894452373729));
#5544 = CARTESIAN_POINT('',(32.045954747867,-12.73322391324,
    12.921859514776));
#5545 = CARTESIAN_POINT('',(31.942455867258,-12.6903532732,
    12.966132355553));
#5546 = CARTESIAN_POINT('',(31.888780336465,-12.66812014038,
    12.982998997575));
#5547 = CARTESIAN_POINT('',(31.833793538389,-12.64534386287,
    12.994332983963));
#5548 = CARTESIAN_POINT('',(31.778147308549,-12.62229443977,13.));
#5549 = CARTESIAN_POINT('',(31.722502387587,-12.59924555883,13.));
#5550 = ORIENTED_EDGE('',*,*,#5551,.F.);
#5551 = EDGE_CURVE('',#5552,#5529,#5554,.T.);
#5552 = VERTEX_POINT('',#5553);
#5553 = CARTESIAN_POINT('',(32.754630785532,-13.02676713937,10.));
#5554 = HYPERBOLA('',#5555,3.554063138003,0.499491);
#5555 = AXIS2_PLACEMENT_3D('',#5556,#5557,#5558);
#5556 = CARTESIAN_POINT('',(0.191146930315,0.461469511574,
    260.81678271404));
#5557 = DIRECTION('',(0.382683432365,0.923879532511,0.));
#5558 = DIRECTION('',(0.,0.,-1.));
#5559 = ORIENTED_EDGE('',*,*,#5560,.F.);
#5560 = EDGE_CURVE('',#5561,#5552,#5563,.T.);
#5561 = VERTEX_POINT('',#5562);
#5562 = CARTESIAN_POINT('',(31.461064195684,-12.49095431402,10.));
#5563 = LINE('',#5564,#5565);
#5564 = CARTESIAN_POINT('',(31.410313135386,-12.46993253654,10.));
#5565 = VECTOR('',#5566,1.);
#5566 = DIRECTION('',(0.923879532511,-0.382683432365,0.));
#5567 = ORIENTED_EDGE('',*,*,#5568,.F.);
#5568 = EDGE_CURVE('',#4056,#5561,#5569,.T.);
#5569 = LINE('',#5570,#5571);
#5570 = CARTESIAN_POINT('',(31.461064195683,-12.49095431402,10.));
#5571 = VECTOR('',#5572,1.);
#5572 = DIRECTION('',(0.,0.,-1.));
#5573 = PLANE('',#5574);
#5574 = AXIS2_PLACEMENT_3D('',#5575,#5576,#5577);
#5575 = CARTESIAN_POINT('',(31.410313135386,-12.46993253654,10.));
#5576 = DIRECTION('',(0.382683432365,0.923879532511,0.));
#5577 = DIRECTION('',(0.923879532511,-0.382683432365,0.));
#5578 = ADVANCED_FACE('',(#5579),#5613,.F.);
#5579 = FACE_BOUND('',#5580,.F.);
#5580 = EDGE_LOOP('',(#5581,#5582,#5588,#5589,#5590,#5599,#5607));
#5581 = ORIENTED_EDGE('',*,*,#4353,.T.);
#5582 = ORIENTED_EDGE('',*,*,#5583,.T.);
#5583 = EDGE_CURVE('',#4346,#3842,#5584,.T.);
#5584 = LINE('',#5585,#5586);
#5585 = CARTESIAN_POINT('',(-31.02801927475,-13.39287155969,10.));
#5586 = VECTOR('',#5587,1.);
#5587 = DIRECTION('',(0.,0.,1.));
#5588 = ORIENTED_EDGE('',*,*,#3849,.F.);
#5589 = ORIENTED_EDGE('',*,*,#5485,.F.);
#5590 = ORIENTED_EDGE('',*,*,#5591,.F.);
#5591 = EDGE_CURVE('',#5592,#5486,#5594,.T.);
#5592 = VERTEX_POINT('',#5593);
#5593 = CARTESIAN_POINT('',(-32.3723369249,-13.94970616252,10.));
#5594 = HYPERBOLA('',#5595,3.554063138003,0.499491);
#5595 = AXIS2_PLACEMENT_3D('',#5596,#5597,#5598);
#5596 = CARTESIAN_POINT('',(0.191146930315,-0.461469511574,
    260.81678271404));
#5597 = DIRECTION('',(0.382683432365,-0.923879532511,0.));
#5598 = DIRECTION('',(0.,0.,-1.));
#5599 = ORIENTED_EDGE('',*,*,#5600,.F.);
#5600 = EDGE_CURVE('',#5601,#5592,#5603,.T.);
#5601 = VERTEX_POINT('',#5602);
#5602 = CARTESIAN_POINT('',(-31.07877033505,-13.41389333717,10.));
#5603 = LINE('',#5604,#5605);
#5604 = CARTESIAN_POINT('',(-31.02801927475,-13.39287155969,10.));
#5605 = VECTOR('',#5606,1.);
#5606 = DIRECTION('',(-0.923879532511,-0.382683432365,0.));
#5607 = ORIENTED_EDGE('',*,*,#5608,.F.);
#5608 = EDGE_CURVE('',#4354,#5601,#5609,.T.);
#5609 = LINE('',#5610,#5611);
#5610 = CARTESIAN_POINT('',(-31.07877033505,-13.41389333717,10.));
#5611 = VECTOR('',#5612,1.);
#5612 = DIRECTION('',(0.,0.,-1.));
#5613 = PLANE('',#5614);
#5614 = AXIS2_PLACEMENT_3D('',#5615,#5616,#5617);
#5615 = CARTESIAN_POINT('',(-31.02801927475,-13.39287155969,10.));
#5616 = DIRECTION('',(0.382683432365,-0.923879532511,0.));
#5617 = DIRECTION('',(-0.923879532511,-0.382683432365,0.));
#5618 = ADVANCED_FACE('',(#5619),#5653,.T.);
#5619 = FACE_BOUND('',#5620,.T.);
#5620 = EDGE_LOOP('',(#5621,#5622,#5631,#5652));
#5621 = ORIENTED_EDGE('',*,*,#5528,.F.);
#5622 = ORIENTED_EDGE('',*,*,#5623,.T.);
#5623 = EDGE_CURVE('',#5529,#5624,#5626,.T.);
#5624 = VERTEX_POINT('',#5625);
#5625 = CARTESIAN_POINT('',(34.92157600435,-0.500509,12.311338480768));
#5626 = CIRCLE('',#5627,34.925162560633);
#5627 = AXIS2_PLACEMENT_3D('',#5628,#5629,#5630);
#5628 = CARTESIAN_POINT('',(0.,0.,12.311338480768));
#5629 = DIRECTION('',(-0.,0.,1.));
#5630 = DIRECTION('',(1.,-6.123233995737E-17,0.));
#5631 = ORIENTED_EDGE('',*,*,#5632,.T.);
#5632 = EDGE_CURVE('',#5624,#3552,#5633,.T.);
#5633 = B_SPLINE_CURVE_WITH_KNOTS('',5,(#5634,#5635,#5636,#5637,#5638,
    #5639,#5640,#5641,#5642,#5643,#5644,#5645,#5646,#5647,#5648,#5649,
    #5650,#5651),.UNSPECIFIED.,.F.,.F.,(6,4,4,4,6),(0.,0.23799579928,
    0.473994222981,0.736995705805,1.),.UNSPECIFIED.);
#5634 = CARTESIAN_POINT('',(34.92157600435,-0.500509,12.311338480768));
#5635 = CARTESIAN_POINT('',(34.913990439243,-0.500509,12.365307038313));
#5636 = CARTESIAN_POINT('',(34.901808565975,-0.500509,12.41863052649));
#5637 = CARTESIAN_POINT('',(34.885104128525,-0.500509,12.470784603023));
#5638 = CARTESIAN_POINT('',(34.864039226241,-0.500509,12.521263295961));
#5639 = CARTESIAN_POINT('',(34.813889138341,-0.500509,12.617525136567));
#5640 = CARTESIAN_POINT('',(34.784871961619,-0.500509,12.66334564617));
#5641 = CARTESIAN_POINT('',(34.752045566712,-0.500509,12.706600782214));
#5642 = CARTESIAN_POINT('',(34.715723114889,-0.500509,12.746878002277));
#5643 = CARTESIAN_POINT('',(34.632326648063,-0.500509,12.824998308987));
#5644 = CARTESIAN_POINT('',(34.584496138715,-0.500509,12.862037240319));
#5645 = CARTESIAN_POINT('',(34.533311899878,-0.500509,12.89445237496));
#5646 = CARTESIAN_POINT('',(34.479380759612,-0.500509,12.921859515375));
#5647 = CARTESIAN_POINT('',(34.367354330978,-0.500509,12.966132355916));
#5648 = CARTESIAN_POINT('',(34.309256329707,-0.500509,12.982998997872));
#5649 = CARTESIAN_POINT('',(34.249739022764,-0.500509,12.994332984067));
#5650 = CARTESIAN_POINT('',(34.189507951921,-0.500509,13.));
#5651 = CARTESIAN_POINT('',(34.12927829772,-0.500509,13.));
#5652 = ORIENTED_EDGE('',*,*,#3551,.F.);
#5653 = TOROIDAL_SURFACE('',#5654,34.13294810564,0.8);
#5654 = AXIS2_PLACEMENT_3D('',#5655,#5656,#5657);
#5655 = CARTESIAN_POINT('',(0.,0.,12.2));
#5656 = DIRECTION('',(0.,0.,1.));
#5657 = DIRECTION('',(1.,-6.123233995737E-17,0.));
#5658 = ADVANCED_FACE('',(#5659),#5670,.F.);
#5659 = FACE_BOUND('',#5660,.F.);
#5660 = EDGE_LOOP('',(#5661,#5662,#5668,#5669));
#5661 = ORIENTED_EDGE('',*,*,#4345,.T.);
#5662 = ORIENTED_EDGE('',*,*,#5663,.T.);
#5663 = EDGE_CURVE('',#4338,#3834,#5664,.T.);
#5664 = LINE('',#5665,#5666);
#5665 = CARTESIAN_POINT('',(-31.41070270712,-12.46899202718,10.));
#5666 = VECTOR('',#5667,1.);
#5667 = DIRECTION('',(0.,0.,1.));
#5668 = ORIENTED_EDGE('',*,*,#3841,.F.);
#5669 = ORIENTED_EDGE('',*,*,#5583,.F.);
#5670 = PLANE('',#5671);
#5671 = AXIS2_PLACEMENT_3D('',#5672,#5673,#5674);
#5672 = CARTESIAN_POINT('',(-31.41070270712,-12.46899202718,10.));
#5673 = DIRECTION('',(0.923879532511,0.382683432365,0.));
#5674 = DIRECTION('',(0.382683432365,-0.923879532511,0.));
#5675 = ADVANCED_FACE('',(#5676),#5705,.F.);
#5676 = FACE_BOUND('',#5677,.F.);
#5677 = EDGE_LOOP('',(#5678,#5688,#5695,#5696,#5697,#5698,#5699));
#5678 = ORIENTED_EDGE('',*,*,#5679,.F.);
#5679 = EDGE_CURVE('',#5680,#5682,#5684,.T.);
#5680 = VERTEX_POINT('',#5681);
#5681 = CARTESIAN_POINT('',(35.246446498064,-0.500508999999,10.));
#5682 = VERTEX_POINT('',#5683);
#5683 = CARTESIAN_POINT('',(33.846299513254,-0.500509,10.));
#5684 = LINE('',#5685,#5686);
#5685 = CARTESIAN_POINT('',(35.291382,-0.500509,10.));
#5686 = VECTOR('',#5687,1.);
#5687 = DIRECTION('',(-1.,-2.22044604925E-16,0.));
#5688 = ORIENTED_EDGE('',*,*,#5689,.F.);
#5689 = EDGE_CURVE('',#5624,#5680,#5690,.T.);
#5690 = HYPERBOLA('',#5691,3.561306584381,0.500509);
#5691 = AXIS2_PLACEMENT_3D('',#5692,#5693,#5694);
#5692 = CARTESIAN_POINT('',(1.111353231664E-16,-0.500509,260.81678271404
    ));
#5693 = DIRECTION('',(2.22044604925E-16,-1.,0.));
#5694 = DIRECTION('',(0.,0.,-1.));
#5695 = ORIENTED_EDGE('',*,*,#5632,.T.);
#5696 = ORIENTED_EDGE('',*,*,#3560,.F.);
#5697 = ORIENTED_EDGE('',*,*,#4620,.F.);
#5698 = ORIENTED_EDGE('',*,*,#4064,.T.);
#5699 = ORIENTED_EDGE('',*,*,#5700,.T.);
#5700 = EDGE_CURVE('',#4054,#5682,#5701,.T.);
#5701 = LINE('',#5702,#5703);
#5702 = CARTESIAN_POINT('',(33.846299513254,-0.500509,10.));
#5703 = VECTOR('',#5704,1.);
#5704 = DIRECTION('',(0.,0.,-1.));
#5705 = PLANE('',#5706);
#5706 = AXIS2_PLACEMENT_3D('',#5707,#5708,#5709);
#5707 = CARTESIAN_POINT('',(35.291382,-0.500509,10.));
#5708 = DIRECTION('',(2.22044604925E-16,-1.,0.));
#5709 = DIRECTION('',(-1.,-2.22044604925E-16,0.));
#5710 = ADVANCED_FACE('',(#5711),#5762,.F.);
#5711 = FACE_BOUND('',#5712,.F.);
#5712 = EDGE_LOOP('',(#5713,#5723,#5732,#5753,#5754,#5755,#5756));
#5713 = ORIENTED_EDGE('',*,*,#5714,.F.);
#5714 = EDGE_CURVE('',#5715,#5717,#5719,.T.);
#5715 = VERTEX_POINT('',#5716);
#5716 = CARTESIAN_POINT('',(-32.75500701536,-13.02582110361,10.));
#5717 = VERTEX_POINT('',#5718);
#5718 = CARTESIAN_POINT('',(-31.46143987359,-12.49000804965,10.));
#5719 = LINE('',#5720,#5721);
#5720 = CARTESIAN_POINT('',(-32.79652200588,-13.04301717573,10.));
#5721 = VECTOR('',#5722,1.);
#5722 = DIRECTION('',(0.923879532511,0.382683432365,0.));
#5723 = ORIENTED_EDGE('',*,*,#5724,.F.);
#5724 = EDGE_CURVE('',#5725,#5715,#5727,.T.);
#5725 = VERTEX_POINT('',#5726);
#5726 = CARTESIAN_POINT('',(-32.4548658155,-12.901498548,12.311338480768
    ));
#5727 = HYPERBOLA('',#5728,3.561306584381,0.500509);
#5728 = AXIS2_PLACEMENT_3D('',#5729,#5730,#5731);
#5729 = CARTESIAN_POINT('',(-0.19153650205,0.462410020938,
    260.81678271404));
#5730 = DIRECTION('',(-0.382683432365,0.923879532511,0.));
#5731 = DIRECTION('',(0.,0.,-1.));
#5732 = ORIENTED_EDGE('',*,*,#5733,.T.);
#5733 = EDGE_CURVE('',#5725,#3825,#5734,.T.);
#5734 = B_SPLINE_CURVE_WITH_KNOTS('',5,(#5735,#5736,#5737,#5738,#5739,
    #5740,#5741,#5742,#5743,#5744,#5745,#5746,#5747,#5748,#5749,#5750,
    #5751,#5752),.UNSPECIFIED.,.F.,.F.,(6,4,4,4,6),(0.,0.23799579928,
    0.473994222981,0.736995705806,1.),.UNSPECIFIED.);
#5735 = CARTESIAN_POINT('',(-32.4548658155,-12.901498548,12.311338480768
    ));
#5736 = CARTESIAN_POINT('',(-32.44785766716,-12.89859567791,
    12.365307038313));
#5737 = CARTESIAN_POINT('',(-32.43660308378,-12.89393387683,
    12.41863052649));
#5738 = CARTESIAN_POINT('',(-32.42117019591,-12.88754136538,
    12.470784603023));
#5739 = CARTESIAN_POINT('',(-32.40170876384,-12.87948017627,
    12.521263295961));
#5740 = CARTESIAN_POINT('',(-32.35537612408,-12.8602885685,
    12.617525136567));
#5741 = CARTESIAN_POINT('',(-32.32856774841,-12.84918417571,
    12.66334564617));
#5742 = CARTESIAN_POINT('',(-32.29824011403,-12.83662205824,
    12.706600782214));
#5743 = CARTESIAN_POINT('',(-32.26468254422,-12.8227220577,
    12.746878002277));
#5744 = CARTESIAN_POINT('',(-32.18763425544,-12.79080761153,
    12.824998308987));
#5745 = CARTESIAN_POINT('',(-32.14344462682,-12.77250366804,
    12.862037240319));
#5746 = CARTESIAN_POINT('',(-32.09615655617,-12.75291630784,
    12.89445237496));
#5747 = CARTESIAN_POINT('',(-32.04633067951,-12.73227775397,
    12.921859515375));
#5748 = CARTESIAN_POINT('',(-31.942831755,-12.68940709574,
    12.966132355916));
#5749 = CARTESIAN_POINT('',(-31.88915620074,-12.6671739532,
    12.982998997872));
#5750 = CARTESIAN_POINT('',(-31.83416937903,-12.6443976659,
    12.994332984067));
#5751 = CARTESIAN_POINT('',(-31.77852312546,-12.62134823297,13.));
#5752 = CARTESIAN_POINT('',(-31.72287818069,-12.59829934217,13.));
#5753 = ORIENTED_EDGE('',*,*,#3833,.F.);
#5754 = ORIENTED_EDGE('',*,*,#5663,.F.);
#5755 = ORIENTED_EDGE('',*,*,#4337,.T.);
#5756 = ORIENTED_EDGE('',*,*,#5757,.T.);
#5757 = EDGE_CURVE('',#4329,#5717,#5758,.T.);
#5758 = LINE('',#5759,#5760);
#5759 = CARTESIAN_POINT('',(-31.46143987359,-12.49000804965,10.));
#5760 = VECTOR('',#5761,1.);
#5761 = DIRECTION('',(0.,0.,-1.));
#5762 = PLANE('',#5763);
#5763 = AXIS2_PLACEMENT_3D('',#5764,#5765,#5766);
#5764 = CARTESIAN_POINT('',(-32.79652200588,-13.04301717573,10.));
#5765 = DIRECTION('',(-0.382683432365,0.923879532511,0.));
#5766 = DIRECTION('',(0.923879532511,0.382683432365,0.));
#5767 = ADVANCED_FACE('',(#5768),#5802,.T.);
#5768 = FACE_BOUND('',#5769,.T.);
#5769 = EDGE_LOOP('',(#5770,#5793,#5800,#5801));
#5770 = ORIENTED_EDGE('',*,*,#5771,.F.);
#5771 = EDGE_CURVE('',#5772,#3817,#5774,.T.);
#5772 = VERTEX_POINT('',#5773);
#5773 = CARTESIAN_POINT('',(-34.92159057986,-0.499491,12.311338480768));
#5774 = B_SPLINE_CURVE_WITH_KNOTS('',5,(#5775,#5776,#5777,#5778,#5779,
    #5780,#5781,#5782,#5783,#5784,#5785,#5786,#5787,#5788,#5789,#5790,
    #5791,#5792),.UNSPECIFIED.,.F.,.F.,(6,4,4,4,6),(0.,0.237995817203,
    0.473994248265,0.736995724161,1.),.UNSPECIFIED.);
#5775 = CARTESIAN_POINT('',(-34.92159057986,-0.499491,12.311338480768));
#5776 = CARTESIAN_POINT('',(-34.91400501802,-0.499491,12.365307037594));
#5777 = CARTESIAN_POINT('',(-34.90182315003,-0.499491,12.418630525273));
#5778 = CARTESIAN_POINT('',(-34.88511871975,-0.499491,12.470784601716));
#5779 = CARTESIAN_POINT('',(-34.86405382626,-0.499491,12.521263295067));
#5780 = CARTESIAN_POINT('',(-34.81390375957,-0.499491,12.61752513534));
#5781 = CARTESIAN_POINT('',(-34.7848865956,-0.499491,12.663345644368));
#5782 = CARTESIAN_POINT('',(-34.75206021474,-0.499491,12.706600780524));
#5783 = CARTESIAN_POINT('',(-34.71573777789,-0.499491,12.746878001261));
#5784 = CARTESIAN_POINT('',(-34.6323413466,-0.499491,12.82499830775));
#5785 = CARTESIAN_POINT('',(-34.58451085842,-0.499491,12.862037238748));
#5786 = CARTESIAN_POINT('',(-34.53332664149,-0.499491,12.894452373729));
#5787 = CARTESIAN_POINT('',(-34.47939552353,-0.499491,12.921859514776));
#5788 = CARTESIAN_POINT('',(-34.36736914242,-0.499491,12.966132355553));
#5789 = CARTESIAN_POINT('',(-34.30927116654,-0.499491,12.982998997575));
#5790 = CARTESIAN_POINT('',(-34.24975388518,-0.499491,12.994332983963));
#5791 = CARTESIAN_POINT('',(-34.18952284003,-0.499491,13.));
#5792 = CARTESIAN_POINT('',(-34.12929321159,-0.499491,13.));
#5793 = ORIENTED_EDGE('',*,*,#5794,.T.);
#5794 = EDGE_CURVE('',#5772,#5725,#5795,.T.);
#5795 = CIRCLE('',#5796,34.925162560633);
#5796 = AXIS2_PLACEMENT_3D('',#5797,#5798,#5799);
#5797 = CARTESIAN_POINT('',(0.,0.,12.311338480768));
#5798 = DIRECTION('',(-0.,0.,1.));
#5799 = DIRECTION('',(1.,-6.123233995737E-17,0.));
#5800 = ORIENTED_EDGE('',*,*,#5733,.T.);
#5801 = ORIENTED_EDGE('',*,*,#3824,.F.);
#5802 = TOROIDAL_SURFACE('',#5803,34.13294810564,0.8);
#5803 = AXIS2_PLACEMENT_3D('',#5804,#5805,#5806);
#5804 = CARTESIAN_POINT('',(0.,0.,12.2));
#5805 = DIRECTION('',(0.,0.,1.));
#5806 = DIRECTION('',(1.,-6.123233995737E-17,0.));
#5807 = ADVANCED_FACE('',(#5808),#5842,.F.);
#5808 = FACE_BOUND('',#5809,.F.);
#5809 = EDGE_LOOP('',(#5810,#5811,#5817,#5818,#5819,#5828,#5836));
#5810 = ORIENTED_EDGE('',*,*,#4320,.T.);
#5811 = ORIENTED_EDGE('',*,*,#5812,.T.);
#5812 = EDGE_CURVE('',#4313,#3809,#5813,.T.);
#5813 = LINE('',#5814,#5815);
#5814 = CARTESIAN_POINT('',(-33.791382,-0.499491,10.));
#5815 = VECTOR('',#5816,1.);
#5816 = DIRECTION('',(0.,0.,1.));
#5817 = ORIENTED_EDGE('',*,*,#3816,.F.);
#5818 = ORIENTED_EDGE('',*,*,#5771,.F.);
#5819 = ORIENTED_EDGE('',*,*,#5820,.F.);
#5820 = EDGE_CURVE('',#5821,#5772,#5823,.T.);
#5821 = VERTEX_POINT('',#5822);
#5822 = CARTESIAN_POINT('',(-35.24646093923,-0.499491,10.));
#5823 = HYPERBOLA('',#5824,3.554063138003,0.499491);
#5824 = AXIS2_PLACEMENT_3D('',#5825,#5826,#5827);
#5825 = CARTESIAN_POINT('',(5.54546408793E-17,-0.499491,260.81678271404)
  );
#5826 = DIRECTION('',(1.110223024625E-16,-1.,0.));
#5827 = DIRECTION('',(0.,0.,-1.));
#5828 = ORIENTED_EDGE('',*,*,#5829,.F.);
#5829 = EDGE_CURVE('',#5830,#5821,#5832,.T.);
#5830 = VERTEX_POINT('',#5831);
#5831 = CARTESIAN_POINT('',(-33.84631455182,-0.499491,10.));
#5832 = LINE('',#5833,#5834);
#5833 = CARTESIAN_POINT('',(-33.791382,-0.499491,10.));
#5834 = VECTOR('',#5835,1.);
#5835 = DIRECTION('',(-1.,-1.110223024625E-16,0.));
#5836 = ORIENTED_EDGE('',*,*,#5837,.F.);
#5837 = EDGE_CURVE('',#4321,#5830,#5838,.T.);
#5838 = LINE('',#5839,#5840);
#5839 = CARTESIAN_POINT('',(-33.84631455182,-0.499491,10.));
#5840 = VECTOR('',#5841,1.);
#5841 = DIRECTION('',(0.,0.,-1.));
#5842 = PLANE('',#5843);
#5843 = AXIS2_PLACEMENT_3D('',#5844,#5845,#5846);
#5844 = CARTESIAN_POINT('',(-33.791382,-0.499491,10.));
#5845 = DIRECTION('',(1.110223024625E-16,-1.,0.));
#5846 = DIRECTION('',(-1.,-1.110223024625E-16,0.));
#5847 = ADVANCED_FACE('',(#5848),#5859,.F.);
#5848 = FACE_BOUND('',#5849,.F.);
#5849 = EDGE_LOOP('',(#5850,#5851,#5857,#5858));
#5850 = ORIENTED_EDGE('',*,*,#4312,.T.);
#5851 = ORIENTED_EDGE('',*,*,#5852,.T.);
#5852 = EDGE_CURVE('',#4305,#3801,#5853,.T.);
#5853 = LINE('',#5854,#5855);
#5854 = CARTESIAN_POINT('',(-33.791382,0.500509,10.));
#5855 = VECTOR('',#5856,1.);
#5856 = DIRECTION('',(0.,0.,1.));
#5857 = ORIENTED_EDGE('',*,*,#3808,.F.);
#5858 = ORIENTED_EDGE('',*,*,#5812,.F.);
#5859 = PLANE('',#5860);
#5860 = AXIS2_PLACEMENT_3D('',#5861,#5862,#5863);
#5861 = CARTESIAN_POINT('',(-33.791382,0.500509,10.));
#5862 = DIRECTION('',(1.,1.110223024625E-16,0.));
#5863 = DIRECTION('',(1.110223024625E-16,-1.,0.));
#5864 = ADVANCED_FACE('',(#5865),#5916,.F.);
#5865 = FACE_BOUND('',#5866,.F.);
#5866 = EDGE_LOOP('',(#5867,#5877,#5886,#5907,#5908,#5909,#5910));
#5867 = ORIENTED_EDGE('',*,*,#5868,.F.);
#5868 = EDGE_CURVE('',#5869,#5871,#5873,.T.);
#5869 = VERTEX_POINT('',#5870);
#5870 = CARTESIAN_POINT('',(-35.24644649806,0.500508999999,10.));
#5871 = VERTEX_POINT('',#5872);
#5872 = CARTESIAN_POINT('',(-33.84629951325,0.500509000001,10.));
#5873 = LINE('',#5874,#5875);
#5874 = CARTESIAN_POINT('',(-35.291382,0.500509,10.));
#5875 = VECTOR('',#5876,1.);
#5876 = DIRECTION('',(1.,1.110223024625E-16,0.));
#5877 = ORIENTED_EDGE('',*,*,#5878,.F.);
#5878 = EDGE_CURVE('',#5879,#5869,#5881,.T.);
#5879 = VERTEX_POINT('',#5880);
#5880 = CARTESIAN_POINT('',(-34.92157600435,0.500509,12.311338480768));
#5881 = HYPERBOLA('',#5882,3.561306584381,0.500509);
#5882 = AXIS2_PLACEMENT_3D('',#5883,#5884,#5885);
#5883 = CARTESIAN_POINT('',(-5.556766158321E-17,0.500509,260.81678271404
    ));
#5884 = DIRECTION('',(-1.110223024625E-16,1.,0.));
#5885 = DIRECTION('',(0.,0.,-1.));
#5886 = ORIENTED_EDGE('',*,*,#5887,.T.);
#5887 = EDGE_CURVE('',#5879,#3792,#5888,.T.);
#5888 = B_SPLINE_CURVE_WITH_KNOTS('',5,(#5889,#5890,#5891,#5892,#5893,
    #5894,#5895,#5896,#5897,#5898,#5899,#5900,#5901,#5902,#5903,#5904,
    #5905,#5906),.UNSPECIFIED.,.F.,.F.,(6,4,4,4,6),(0.,0.23799579928,
    0.473994222981,0.736995705805,1.),.UNSPECIFIED.);
#5889 = CARTESIAN_POINT('',(-34.92157600435,0.500509,12.311338480768));
#5890 = CARTESIAN_POINT('',(-34.91399043924,0.500509,12.365307038313));
#5891 = CARTESIAN_POINT('',(-34.90180856597,0.500509,12.41863052649));
#5892 = CARTESIAN_POINT('',(-34.88510412852,0.500509,12.470784603023));
#5893 = CARTESIAN_POINT('',(-34.86403922624,0.500509,12.521263295961));
#5894 = CARTESIAN_POINT('',(-34.81388913834,0.500509,12.617525136567));
#5895 = CARTESIAN_POINT('',(-34.78487196161,0.500509,12.66334564617));
#5896 = CARTESIAN_POINT('',(-34.75204556671,0.500509,12.706600782214));
#5897 = CARTESIAN_POINT('',(-34.71572311488,0.500509,12.746878002277));
#5898 = CARTESIAN_POINT('',(-34.63232664806,0.500509,12.824998308987));
#5899 = CARTESIAN_POINT('',(-34.58449613871,0.500509,12.862037240319));
#5900 = CARTESIAN_POINT('',(-34.53331189987,0.500509,12.89445237496));
#5901 = CARTESIAN_POINT('',(-34.47938075961,0.500509,12.921859515375));
#5902 = CARTESIAN_POINT('',(-34.36735433097,0.500509,12.966132355916));
#5903 = CARTESIAN_POINT('',(-34.3092563297,0.500509,12.982998997872));
#5904 = CARTESIAN_POINT('',(-34.24973902276,0.500509,12.994332984067));
#5905 = CARTESIAN_POINT('',(-34.18950795192,0.500509,13.));
#5906 = CARTESIAN_POINT('',(-34.12927829772,0.500509,13.));
#5907 = ORIENTED_EDGE('',*,*,#3800,.F.);
#5908 = ORIENTED_EDGE('',*,*,#5852,.F.);
#5909 = ORIENTED_EDGE('',*,*,#4304,.T.);
#5910 = ORIENTED_EDGE('',*,*,#5911,.T.);
#5911 = EDGE_CURVE('',#4296,#5871,#5912,.T.);
#5912 = LINE('',#5913,#5914);
#5913 = CARTESIAN_POINT('',(-33.84629951325,0.500509,10.));
#5914 = VECTOR('',#5915,1.);
#5915 = DIRECTION('',(0.,0.,-1.));
#5916 = PLANE('',#5917);
#5917 = AXIS2_PLACEMENT_3D('',#5918,#5919,#5920);
#5918 = CARTESIAN_POINT('',(-35.291382,0.500509,10.));
#5919 = DIRECTION('',(-1.110223024625E-16,1.,0.));
#5920 = DIRECTION('',(1.,1.110223024625E-16,0.));
#5921 = ADVANCED_FACE('',(#5922),#5956,.T.);
#5922 = FACE_BOUND('',#5923,.T.);
#5923 = EDGE_LOOP('',(#5924,#5947,#5954,#5955));
#5924 = ORIENTED_EDGE('',*,*,#5925,.F.);
#5925 = EDGE_CURVE('',#5926,#3784,#5928,.T.);
#5926 = VERTEX_POINT('',#5927);
#5927 = CARTESIAN_POINT('',(-32.45448970979,12.902444635177,
    12.311338480768));
#5928 = B_SPLINE_CURVE_WITH_KNOTS('',5,(#5929,#5930,#5931,#5932,#5933,
    #5934,#5935,#5936,#5937,#5938,#5939,#5940,#5941,#5942,#5943,#5944,
    #5945,#5946),.UNSPECIFIED.,.F.,.F.,(6,4,4,4,6),(0.,0.237995817203,
    0.473994248265,0.736995724161,1.),.UNSPECIFIED.);
#5929 = CARTESIAN_POINT('',(-32.45448970979,12.902444635177,
    12.311338480768));
#5930 = CARTESIAN_POINT('',(-32.44748156446,12.899541766336,
    12.365307037594));
#5931 = CARTESIAN_POINT('',(-32.43622698596,12.894879967282,
    12.418630525273));
#5932 = CARTESIAN_POINT('',(-32.42079410472,12.888487458567,
    12.470784601716));
#5933 = CARTESIAN_POINT('',(-32.40133268077,12.880426272823,
    12.521263295067));
#5934 = CARTESIAN_POINT('',(-32.3550000606,12.861234673167,
    12.61752513534));
#5935 = CARTESIAN_POINT('',(-32.32819169671,12.850130285261,
    12.663345644368));
#5936 = CARTESIAN_POINT('',(-32.29786407531,12.837568173163,
    12.706600780524));
#5937 = CARTESIAN_POINT('',(-32.26430651934,12.823668178358,
    12.746878001261));
#5938 = CARTESIAN_POINT('',(-32.18725826339,12.791753745785,
    12.82499830775));
#5939 = CARTESIAN_POINT('',(-32.14306865432,12.773449810395,
    12.862037238748));
#5940 = CARTESIAN_POINT('',(-32.09578060391,12.753862458578,
    12.894452373729));
#5941 = CARTESIAN_POINT('',(-32.04595474786,12.733223913245,
    12.921859514776));
#5942 = CARTESIAN_POINT('',(-31.94245586725,12.690353273206,
    12.966132355553));
#5943 = CARTESIAN_POINT('',(-31.88878033646,12.668120140384,
    12.982998997575));
#5944 = CARTESIAN_POINT('',(-31.83379353838,12.64534386287,
    12.994332983963));
#5945 = CARTESIAN_POINT('',(-31.77814730854,12.622294439775,13.));
#5946 = CARTESIAN_POINT('',(-31.72250238758,12.599245558835,13.));
#5947 = ORIENTED_EDGE('',*,*,#5948,.T.);
#5948 = EDGE_CURVE('',#5926,#5879,#5949,.T.);
#5949 = CIRCLE('',#5950,34.925162560633);
#5950 = AXIS2_PLACEMENT_3D('',#5951,#5952,#5953);
#5951 = CARTESIAN_POINT('',(0.,0.,12.311338480768));
#5952 = DIRECTION('',(-0.,0.,1.));
#5953 = DIRECTION('',(1.,-6.123233995737E-17,0.));
#5954 = ORIENTED_EDGE('',*,*,#5887,.T.);
#5955 = ORIENTED_EDGE('',*,*,#3791,.F.);
#5956 = TOROIDAL_SURFACE('',#5957,34.13294810564,0.8);
#5957 = AXIS2_PLACEMENT_3D('',#5958,#5959,#5960);
#5958 = CARTESIAN_POINT('',(0.,0.,12.2));
#5959 = DIRECTION('',(0.,0.,1.));
#5960 = DIRECTION('',(1.,-6.123233995737E-17,0.));
#5961 = ADVANCED_FACE('',(#5962),#6013,.F.);
#5962 = FACE_BOUND('',#5963,.F.);
#5963 = EDGE_LOOP('',(#5964,#5965,#5966,#5967,#5990,#5999,#6007));
#5964 = ORIENTED_EDGE('',*,*,#4089,.T.);
#5965 = ORIENTED_EDGE('',*,*,#4605,.T.);
#5966 = ORIENTED_EDGE('',*,*,#3585,.F.);
#5967 = ORIENTED_EDGE('',*,*,#5968,.F.);
#5968 = EDGE_CURVE('',#5969,#3586,#5971,.T.);
#5969 = VERTEX_POINT('',#5970);
#5970 = CARTESIAN_POINT('',(32.072195849159,13.825383658324,
    12.311338480768));
#5971 = B_SPLINE_CURVE_WITH_KNOTS('',5,(#5972,#5973,#5974,#5975,#5976,
    #5977,#5978,#5979,#5980,#5981,#5982,#5983,#5984,#5985,#5986,#5987,
    #5988,#5989),.UNSPECIFIED.,.F.,.F.,(6,4,4,4,6),(0.,0.237995817203,
    0.473994248265,0.736995724161,1.),.UNSPECIFIED.);
#5972 = CARTESIAN_POINT('',(32.072195849159,13.825383658324,
    12.311338480768));
#5973 = CARTESIAN_POINT('',(32.065187703833,13.822480789483,
    12.365307037594));
#5974 = CARTESIAN_POINT('',(32.053933125332,13.817818990429,
    12.418630525273));
#5975 = CARTESIAN_POINT('',(32.038500244095,13.811426481714,
    12.470784601716));
#5976 = CARTESIAN_POINT('',(32.019038820144,13.80336529597,
    12.521263295067));
#5977 = CARTESIAN_POINT('',(31.97270619997,13.784173696314,
    12.61752513534));
#5978 = CARTESIAN_POINT('',(31.945897836086,13.773069308408,
    12.663345644368));
#5979 = CARTESIAN_POINT('',(31.915570214686,13.76050719631,
    12.706600780524));
#5980 = CARTESIAN_POINT('',(31.882012658711,13.746607201505,
    12.746878001261));
#5981 = CARTESIAN_POINT('',(31.804964402759,13.714692768933,
    12.82499830775));
#5982 = CARTESIAN_POINT('',(31.760774793694,13.696388833542,
    12.862037238748));
#5983 = CARTESIAN_POINT('',(31.713486743288,13.676801481726,
    12.894452373729));
#5984 = CARTESIAN_POINT('',(31.663660887236,13.656162936392,
    12.921859514776));
#5985 = CARTESIAN_POINT('',(31.560162006627,13.613292296353,
    12.966132355553));
#5986 = CARTESIAN_POINT('',(31.506486475835,13.591059163531,
    12.982998997575));
#5987 = CARTESIAN_POINT('',(31.451499677758,13.568282886017,
    12.994332983963));
#5988 = CARTESIAN_POINT('',(31.395853447918,13.545233462922,13.));
#5989 = CARTESIAN_POINT('',(31.340208526956,13.522184581982,13.));
#5990 = ORIENTED_EDGE('',*,*,#5991,.F.);
#5991 = EDGE_CURVE('',#5992,#5969,#5994,.T.);
#5992 = VERTEX_POINT('',#5993);
#5993 = CARTESIAN_POINT('',(32.372336924901,13.949706162522,10.));
#5994 = HYPERBOLA('',#5995,3.554063138003,0.499491);
#5995 = AXIS2_PLACEMENT_3D('',#5996,#5997,#5998);
#5996 = CARTESIAN_POINT('',(-0.191146930315,0.461469511574,
    260.81678271404));
#5997 = DIRECTION('',(-0.382683432365,0.923879532511,0.));
#5998 = DIRECTION('',(0.,0.,-1.));
#5999 = ORIENTED_EDGE('',*,*,#6000,.F.);
#6000 = EDGE_CURVE('',#6001,#5992,#6003,.T.);
#6001 = VERTEX_POINT('',#6002);
#6002 = CARTESIAN_POINT('',(31.078770335053,13.413893337173,10.));
#6003 = LINE('',#6004,#6005);
#6004 = CARTESIAN_POINT('',(31.028019274755,13.392871559694,10.));
#6005 = VECTOR('',#6006,1.);
#6006 = DIRECTION('',(0.923879532511,0.382683432365,0.));
#6007 = ORIENTED_EDGE('',*,*,#6008,.F.);
#6008 = EDGE_CURVE('',#4090,#6001,#6009,.T.);
#6009 = LINE('',#6010,#6011);
#6010 = CARTESIAN_POINT('',(31.078770335052,13.413893337174,10.));
#6011 = VECTOR('',#6012,1.);
#6012 = DIRECTION('',(0.,0.,-1.));
#6013 = PLANE('',#6014);
#6014 = AXIS2_PLACEMENT_3D('',#6015,#6016,#6017);
#6015 = CARTESIAN_POINT('',(31.028019274755,13.392871559694,10.));
#6016 = DIRECTION('',(-0.382683432365,0.923879532511,0.));
#6017 = DIRECTION('',(0.923879532511,0.382683432365,0.));
#6018 = ADVANCED_FACE('',(#6019),#6053,.F.);
#6019 = FACE_BOUND('',#6020,.F.);
#6020 = EDGE_LOOP('',(#6021,#6022,#6028,#6029,#6030,#6039,#6047));
#6021 = ORIENTED_EDGE('',*,*,#4287,.T.);
#6022 = ORIENTED_EDGE('',*,*,#6023,.T.);
#6023 = EDGE_CURVE('',#4280,#3776,#6024,.T.);
#6024 = LINE('',#6025,#6026);
#6025 = CARTESIAN_POINT('',(-31.41031313538,12.469932536546,10.));
#6026 = VECTOR('',#6027,1.);
#6027 = DIRECTION('',(0.,0.,1.));
#6028 = ORIENTED_EDGE('',*,*,#3783,.F.);
#6029 = ORIENTED_EDGE('',*,*,#5925,.F.);
#6030 = ORIENTED_EDGE('',*,*,#6031,.F.);
#6031 = EDGE_CURVE('',#6032,#5926,#6034,.T.);
#6032 = VERTEX_POINT('',#6033);
#6033 = CARTESIAN_POINT('',(-32.75463078553,13.026767139374,10.));
#6034 = HYPERBOLA('',#6035,3.554063138003,0.499491);
#6035 = AXIS2_PLACEMENT_3D('',#6036,#6037,#6038);
#6036 = CARTESIAN_POINT('',(-0.191146930315,-0.461469511574,
    260.81678271404));
#6037 = DIRECTION('',(-0.382683432365,-0.923879532511,-0.));
#6038 = DIRECTION('',(0.,0.,-1.));
#6039 = ORIENTED_EDGE('',*,*,#6040,.F.);
#6040 = EDGE_CURVE('',#6041,#6032,#6043,.T.);
#6041 = VERTEX_POINT('',#6042);
#6042 = CARTESIAN_POINT('',(-31.46106419568,12.490954314025,10.));
#6043 = LINE('',#6044,#6045);
#6044 = CARTESIAN_POINT('',(-31.41031313538,12.469932536546,10.));
#6045 = VECTOR('',#6046,1.);
#6046 = DIRECTION('',(-0.923879532511,0.382683432365,0.));
#6047 = ORIENTED_EDGE('',*,*,#6048,.F.);
#6048 = EDGE_CURVE('',#4288,#6041,#6049,.T.);
#6049 = LINE('',#6050,#6051);
#6050 = CARTESIAN_POINT('',(-31.46106419568,12.490954314026,10.));
#6051 = VECTOR('',#6052,1.);
#6052 = DIRECTION('',(0.,0.,-1.));
#6053 = PLANE('',#6054);
#6054 = AXIS2_PLACEMENT_3D('',#6055,#6056,#6057);
#6055 = CARTESIAN_POINT('',(-31.41031313538,12.469932536546,10.));
#6056 = DIRECTION('',(-0.382683432365,-0.923879532511,0.));
#6057 = DIRECTION('',(-0.923879532511,0.382683432365,0.));
#6058 = ADVANCED_FACE('',(#6059),#6093,.T.);
#6059 = FACE_BOUND('',#6060,.T.);
#6060 = EDGE_LOOP('',(#6061,#6062,#6071,#6092));
#6061 = ORIENTED_EDGE('',*,*,#5968,.F.);
#6062 = ORIENTED_EDGE('',*,*,#6063,.T.);
#6063 = EDGE_CURVE('',#5969,#6064,#6066,.T.);
#6064 = VERTEX_POINT('',#6065);
#6065 = CARTESIAN_POINT('',(25.047196510342,24.339369894452,
    12.311338480768));
#6066 = CIRCLE('',#6067,34.925162560633);
#6067 = AXIS2_PLACEMENT_3D('',#6068,#6069,#6070);
#6068 = CARTESIAN_POINT('',(0.,0.,12.311338480768));
#6069 = DIRECTION('',(-0.,0.,1.));
#6070 = DIRECTION('',(1.,-6.123233995737E-17,0.));
#6071 = ORIENTED_EDGE('',*,*,#6072,.T.);
#6072 = EDGE_CURVE('',#6064,#3594,#6073,.T.);
#6073 = B_SPLINE_CURVE_WITH_KNOTS('',5,(#6074,#6075,#6076,#6077,#6078,
    #6079,#6080,#6081,#6082,#6083,#6084,#6085,#6086,#6087,#6088,#6089,
    #6090,#6091),.UNSPECIFIED.,.F.,.F.,(6,4,4,4,6),(0.,0.23799579928,
    0.473994222981,0.736995705805,1.),.UNSPECIFIED.);
#6074 = CARTESIAN_POINT('',(25.047196510342,24.339369894452,
    12.311338480768));
#6075 = CARTESIAN_POINT('',(25.041832705816,24.334006089926,
    12.365307038313));
#6076 = CARTESIAN_POINT('',(25.03321882062,24.325392204731,
    12.41863052649));
#6077 = CARTESIAN_POINT('',(25.021406999624,24.313580383734,
    12.470784603023));
#6078 = CARTESIAN_POINT('',(25.006511864373,24.298685248484,
    12.521263295961));
#6079 = CARTESIAN_POINT('',(24.971050397143,24.263223781253,
    12.617525136567));
#6080 = CARTESIAN_POINT('',(24.950532154712,24.242705538822,
    12.66334564617));
#6081 = CARTESIAN_POINT('',(24.927320388271,24.219493772381,
    12.706600782214));
#6082 = CARTESIAN_POINT('',(24.901636536277,24.193809920388,
    12.746878002277));
#6083 = CARTESIAN_POINT('',(24.842666329058,24.134839713168,
    12.824998308987));
#6084 = CARTESIAN_POINT('',(24.80884505155,24.101018435661,
    12.862037240319));
#6085 = CARTESIAN_POINT('',(24.772652329179,24.064825713289,
    12.89445237496));
#6086 = CARTESIAN_POINT('',(24.73451725418,24.02669063829,
    12.921859515375));
#6087 = CARTESIAN_POINT('',(24.65530260682,23.947475990931,
    12.966132355916));
#6088 = CARTESIAN_POINT('',(24.614221116148,23.906394500258,
    12.982998997872));
#6089 = CARTESIAN_POINT('',(24.572136024811,23.864309408921,
    12.994332984067));
#6090 = CARTESIAN_POINT('',(24.52954622618,23.82171961029,13.));
#6091 = CARTESIAN_POINT('',(24.486957429266,23.779130813376,13.));
#6092 = ORIENTED_EDGE('',*,*,#3593,.F.);
#6093 = TOROIDAL_SURFACE('',#6094,34.13294810564,0.8);
#6094 = AXIS2_PLACEMENT_3D('',#6095,#6096,#6097);
#6095 = CARTESIAN_POINT('',(0.,0.,12.2));
#6096 = DIRECTION('',(0.,0.,1.));
#6097 = DIRECTION('',(1.,-6.123233995737E-17,0.));
#6098 = ADVANCED_FACE('',(#6099),#6110,.F.);
#6099 = FACE_BOUND('',#6100,.F.);
#6100 = EDGE_LOOP('',(#6101,#6102,#6108,#6109));
#6101 = ORIENTED_EDGE('',*,*,#4279,.T.);
#6102 = ORIENTED_EDGE('',*,*,#6103,.T.);
#6103 = EDGE_CURVE('',#4272,#3768,#6104,.T.);
#6104 = LINE('',#6105,#6106);
#6105 = CARTESIAN_POINT('',(-31.02762970302,13.393812069058,10.));
#6106 = VECTOR('',#6107,1.);
#6107 = DIRECTION('',(0.,0.,1.));
#6108 = ORIENTED_EDGE('',*,*,#3775,.F.);
#6109 = ORIENTED_EDGE('',*,*,#6023,.F.);
#6110 = PLANE('',#6111);
#6111 = AXIS2_PLACEMENT_3D('',#6112,#6113,#6114);
#6112 = CARTESIAN_POINT('',(-31.02762970302,13.393812069058,10.));
#6113 = DIRECTION('',(0.923879532511,-0.382683432365,0.));
#6114 = DIRECTION('',(-0.382683432365,-0.923879532511,0.));
#6115 = ADVANCED_FACE('',(#6116),#6150,.F.);
#6116 = FACE_BOUND('',#6117,.F.);
#6117 = EDGE_LOOP('',(#6118,#6128,#6135,#6136,#6137,#6143,#6144));
#6118 = ORIENTED_EDGE('',*,*,#6119,.F.);
#6119 = EDGE_CURVE('',#6120,#6122,#6124,.T.);
#6120 = VERTEX_POINT('',#6121);
#6121 = CARTESIAN_POINT('',(25.276914639455,24.569088023566,10.));
#6122 = VERTEX_POINT('',#6123);
#6123 = CARTESIAN_POINT('',(24.286861211838,23.579034595948,10.));
#6124 = LINE('',#6125,#6126);
#6125 = CARTESIAN_POINT('',(25.30868883759,24.6008622217,10.));
#6126 = VECTOR('',#6127,1.);
#6127 = DIRECTION('',(-0.707106781187,-0.707106781187,0.));
#6128 = ORIENTED_EDGE('',*,*,#6129,.F.);
#6129 = EDGE_CURVE('',#6064,#6120,#6130,.T.);
#6130 = HYPERBOLA('',#6131,3.561306584381,0.500509);
#6131 = AXIS2_PLACEMENT_3D('',#6132,#6133,#6134);
#6132 = CARTESIAN_POINT('',(0.353913307945,-0.353913307945,
    260.81678271404));
#6133 = DIRECTION('',(0.707106781187,-0.707106781187,0.));
#6134 = DIRECTION('',(0.,0.,-1.));
#6135 = ORIENTED_EDGE('',*,*,#6072,.T.);
#6136 = ORIENTED_EDGE('',*,*,#3602,.F.);
#6137 = ORIENTED_EDGE('',*,*,#6138,.F.);
#6138 = EDGE_CURVE('',#4107,#3603,#6139,.T.);
#6139 = LINE('',#6140,#6141);
#6140 = CARTESIAN_POINT('',(24.24802866581,23.54020204992,10.));
#6141 = VECTOR('',#6142,1.);
#6142 = DIRECTION('',(0.,0.,1.));
#6143 = ORIENTED_EDGE('',*,*,#4106,.T.);
#6144 = ORIENTED_EDGE('',*,*,#6145,.T.);
#6145 = EDGE_CURVE('',#4098,#6122,#6146,.T.);
#6146 = LINE('',#6147,#6148);
#6147 = CARTESIAN_POINT('',(24.286861211838,23.579034595948,10.));
#6148 = VECTOR('',#6149,1.);
#6149 = DIRECTION('',(0.,0.,-1.));
#6150 = PLANE('',#6151);
#6151 = AXIS2_PLACEMENT_3D('',#6152,#6153,#6154);
#6152 = CARTESIAN_POINT('',(25.30868883759,24.6008622217,10.));
#6153 = DIRECTION('',(0.707106781187,-0.707106781187,0.));
#6154 = DIRECTION('',(-0.707106781187,-0.707106781187,0.));
#6155 = ADVANCED_FACE('',(#6156),#6207,.F.);
#6156 = FACE_BOUND('',#6157,.F.);
#6157 = EDGE_LOOP('',(#6158,#6168,#6177,#6198,#6199,#6200,#6201));
#6158 = ORIENTED_EDGE('',*,*,#6159,.F.);
#6159 = EDGE_CURVE('',#6160,#6162,#6164,.T.);
#6160 = VERTEX_POINT('',#6161);
#6161 = CARTESIAN_POINT('',(-32.37193401126,13.95064114549,10.));
#6162 = VERTEX_POINT('',#6163);
#6163 = CARTESIAN_POINT('',(-31.07836686949,13.414828091526,10.));
#6164 = LINE('',#6165,#6166);
#6165 = CARTESIAN_POINT('',(-32.41344900178,13.967837217605,10.));
#6166 = VECTOR('',#6167,1.);
#6167 = DIRECTION('',(0.923879532511,-0.382683432365,0.));
#6168 = ORIENTED_EDGE('',*,*,#6169,.F.);
#6169 = EDGE_CURVE('',#6170,#6160,#6172,.T.);
#6170 = VERTEX_POINT('',#6171);
#6171 = CARTESIAN_POINT('',(-32.0717928114,13.826318589881,
    12.311338480768));
#6172 = HYPERBOLA('',#6173,3.561306584381,0.500509);
#6173 = AXIS2_PLACEMENT_3D('',#6174,#6175,#6176);
#6174 = CARTESIAN_POINT('',(0.19153650205,0.462410020938,260.81678271404
    ));
#6175 = DIRECTION('',(0.382683432365,0.923879532511,0.));
#6176 = DIRECTION('',(0.,0.,-1.));
#6177 = ORIENTED_EDGE('',*,*,#6178,.T.);
#6178 = EDGE_CURVE('',#6170,#3759,#6179,.T.);
#6179 = B_SPLINE_CURVE_WITH_KNOTS('',5,(#6180,#6181,#6182,#6183,#6184,
    #6185,#6186,#6187,#6188,#6189,#6190,#6191,#6192,#6193,#6194,#6195,
    #6196,#6197),.UNSPECIFIED.,.F.,.F.,(6,4,4,4,6),(0.,0.23799579928,
    0.473994222981,0.736995705805,1.),.UNSPECIFIED.);
#6180 = CARTESIAN_POINT('',(-32.0717928114,13.826318589881,
    12.311338480768));
#6181 = CARTESIAN_POINT('',(-32.06478466306,13.823415719789,
    12.365307038313));
#6182 = CARTESIAN_POINT('',(-32.05353007968,13.818753918714,
    12.41863052649));
#6183 = CARTESIAN_POINT('',(-32.03809719182,13.812361407255,
    12.470784603023));
#6184 = CARTESIAN_POINT('',(-32.01863575974,13.804300218147,
    12.521263295961));
#6185 = CARTESIAN_POINT('',(-31.97230311998,13.785108610376,
    12.617525136567));
#6186 = CARTESIAN_POINT('',(-31.94549474431,13.77400421759,
    12.66334564617));
#6187 = CARTESIAN_POINT('',(-31.91516710993,13.761442100115,
    12.706600782214));
#6188 = CARTESIAN_POINT('',(-31.88160954012,13.74754209958,
    12.746878002277));
#6189 = CARTESIAN_POINT('',(-31.80456125134,13.715627653407,
    12.824998308987));
#6190 = CARTESIAN_POINT('',(-31.76037162272,13.697323709918,
    12.862037240319));
#6191 = CARTESIAN_POINT('',(-31.71308355207,13.677736349717,
    12.89445237496));
#6192 = CARTESIAN_POINT('',(-31.66325767542,13.657097795849,
    12.921859515375));
#6193 = CARTESIAN_POINT('',(-31.5597587509,13.614227137624,
    12.966132355916));
#6194 = CARTESIAN_POINT('',(-31.50608319665,13.591993995083,
    12.982998997872));
#6195 = CARTESIAN_POINT('',(-31.45109637493,13.569217707777,
    12.994332984067));
#6196 = CARTESIAN_POINT('',(-31.39545012136,13.546168274852,13.));
#6197 = CARTESIAN_POINT('',(-31.33980517659,13.523119384053,13.));
#6198 = ORIENTED_EDGE('',*,*,#3767,.F.);
#6199 = ORIENTED_EDGE('',*,*,#6103,.F.);
#6200 = ORIENTED_EDGE('',*,*,#4271,.T.);
#6201 = ORIENTED_EDGE('',*,*,#6202,.T.);
#6202 = EDGE_CURVE('',#4263,#6162,#6203,.T.);
#6203 = LINE('',#6204,#6205);
#6204 = CARTESIAN_POINT('',(-31.07836686949,13.414828091527,10.));
#6205 = VECTOR('',#6206,1.);
#6206 = DIRECTION('',(0.,0.,-1.));
#6207 = PLANE('',#6208);
#6208 = AXIS2_PLACEMENT_3D('',#6209,#6210,#6211);
#6209 = CARTESIAN_POINT('',(-32.41344900178,13.967837217605,10.));
#6210 = DIRECTION('',(0.382683432365,0.923879532511,0.));
#6211 = DIRECTION('',(0.923879532511,-0.382683432365,0.));
#6212 = ADVANCED_FACE('',(#6213),#6224,.F.);
#6213 = FACE_BOUND('',#6214,.F.);
#6214 = EDGE_LOOP('',(#6215,#6216,#6217,#6218));
#6215 = ORIENTED_EDGE('',*,*,#4114,.T.);
#6216 = ORIENTED_EDGE('',*,*,#6138,.T.);
#6217 = ORIENTED_EDGE('',*,*,#3610,.F.);
#6218 = ORIENTED_EDGE('',*,*,#6219,.F.);
#6219 = EDGE_CURVE('',#4115,#3611,#6220,.T.);
#6220 = LINE('',#6221,#6222);
#6221 = CARTESIAN_POINT('',(23.540921884623,24.247308831107,10.));
#6222 = VECTOR('',#6223,1.);
#6223 = DIRECTION('',(0.,0.,1.));
#6224 = PLANE('',#6225);
#6225 = AXIS2_PLACEMENT_3D('',#6226,#6227,#6228);
#6226 = CARTESIAN_POINT('',(24.24802866581,23.54020204992,10.));
#6227 = DIRECTION('',(-0.707106781187,-0.707106781187,0.));
#6228 = DIRECTION('',(-0.707106781187,0.707106781187,0.));
#6229 = ADVANCED_FACE('',(#6230),#6264,.T.);
#6230 = FACE_BOUND('',#6231,.T.);
#6231 = EDGE_LOOP('',(#6232,#6255,#6262,#6263));
#6232 = ORIENTED_EDGE('',*,*,#6233,.F.);
#6233 = EDGE_CURVE('',#6234,#3751,#6236,.T.);
#6234 = VERTEX_POINT('',#6235);
#6235 = CARTESIAN_POINT('',(-25.04648698208,24.3401000356,
    12.311338480768));
#6236 = B_SPLINE_CURVE_WITH_KNOTS('',5,(#6237,#6238,#6239,#6240,#6241,
    #6242,#6243,#6244,#6245,#6246,#6247,#6248,#6249,#6250,#6251,#6252,
    #6253,#6254),.UNSPECIFIED.,.F.,.F.,(6,4,4,4,6),(0.,0.237995817203,
    0.473994248265,0.736995724161,1.),.UNSPECIFIED.);
#6237 = CARTESIAN_POINT('',(-25.04648698208,24.3401000356,
    12.311338480768));
#6238 = CARTESIAN_POINT('',(-25.04112317986,24.334736233384,
    12.365307037594));
#6239 = CARTESIAN_POINT('',(-25.0325092984,24.326122351923,
    12.418630525273));
#6240 = CARTESIAN_POINT('',(-25.02069748248,24.314310535997,
    12.470784601716));
#6241 = CARTESIAN_POINT('',(-25.00580235344,24.299415406964,
    12.521263295067));
#6242 = CARTESIAN_POINT('',(-24.97034090121,24.263953954727,
    12.61752513534));
#6243 = CARTESIAN_POINT('',(-24.94982266779,24.243435721312,
    12.663345644368));
#6244 = CARTESIAN_POINT('',(-24.92661091129,24.220223964807,
    12.706600780524));
#6245 = CARTESIAN_POINT('',(-24.90092706988,24.194540123403,
    12.746878001261));
#6246 = CARTESIAN_POINT('',(-24.84195688779,24.135569941312,
    12.82499830775));
#6247 = CARTESIAN_POINT('',(-24.80813562525,24.101748678767,
    12.862037238748));
#6248 = CARTESIAN_POINT('',(-24.77194291837,24.065555971889,
    12.894452373729));
#6249 = CARTESIAN_POINT('',(-24.73380785914,24.02742091266,
    12.921859514776));
#6250 = CARTESIAN_POINT('',(-24.65459324538,23.948206298906,
    12.966132355553));
#6251 = CARTESIAN_POINT('',(-24.61351177267,23.90712482619,
    12.982998997575));
#6252 = CARTESIAN_POINT('',(-24.57142669942,23.865039752945,
    12.994332983963));
#6253 = CARTESIAN_POINT('',(-24.52883691896,23.822449972478,13.));
#6254 = CARTESIAN_POINT('',(-24.48624814026,23.779861193783,13.));
#6255 = ORIENTED_EDGE('',*,*,#6256,.T.);
#6256 = EDGE_CURVE('',#6234,#6170,#6257,.T.);
#6257 = CIRCLE('',#6258,34.925162560633);
#6258 = AXIS2_PLACEMENT_3D('',#6259,#6260,#6261);
#6259 = CARTESIAN_POINT('',(0.,0.,12.311338480768));
#6260 = DIRECTION('',(-0.,0.,1.));
#6261 = DIRECTION('',(1.,-6.123233995737E-17,0.));
#6262 = ORIENTED_EDGE('',*,*,#6178,.T.);
#6263 = ORIENTED_EDGE('',*,*,#3758,.F.);
#6264 = TOROIDAL_SURFACE('',#6265,34.13294810564,0.8);
#6265 = AXIS2_PLACEMENT_3D('',#6266,#6267,#6268);
#6266 = CARTESIAN_POINT('',(0.,0.,12.2));
#6267 = DIRECTION('',(0.,0.,1.));
#6268 = DIRECTION('',(1.,-6.123233995737E-17,0.));
#6269 = ADVANCED_FACE('',(#6270),#6321,.F.);
#6270 = FACE_BOUND('',#6271,.F.);
#6271 = EDGE_LOOP('',(#6272,#6273,#6274,#6275,#6298,#6307,#6315));
#6272 = ORIENTED_EDGE('',*,*,#4122,.T.);
#6273 = ORIENTED_EDGE('',*,*,#6219,.T.);
#6274 = ORIENTED_EDGE('',*,*,#3618,.F.);
#6275 = ORIENTED_EDGE('',*,*,#6276,.F.);
#6276 = EDGE_CURVE('',#6277,#3619,#6279,.T.);
#6277 = VERTEX_POINT('',#6278);
#6278 = CARTESIAN_POINT('',(24.3401000356,25.046486982083,
    12.311338480768));
#6279 = B_SPLINE_CURVE_WITH_KNOTS('',5,(#6280,#6281,#6282,#6283,#6284,
    #6285,#6286,#6287,#6288,#6289,#6290,#6291,#6292,#6293,#6294,#6295,
    #6296,#6297),.UNSPECIFIED.,.F.,.F.,(6,4,4,4,6),(0.,0.237995817203,
    0.473994248265,0.736995724161,1.),.UNSPECIFIED.);
#6280 = CARTESIAN_POINT('',(24.3401000356,25.046486982083,
    12.311338480768));
#6281 = CARTESIAN_POINT('',(24.334736233384,25.041123179867,
    12.365307037594));
#6282 = CARTESIAN_POINT('',(24.326122351923,25.032509298406,
    12.418630525273));
#6283 = CARTESIAN_POINT('',(24.314310535997,25.02069748248,
    12.470784601716));
#6284 = CARTESIAN_POINT('',(24.299415406964,25.005802353447,
    12.521263295067));
#6285 = CARTESIAN_POINT('',(24.263953954727,24.970340901211,
    12.61752513534));
#6286 = CARTESIAN_POINT('',(24.243435721312,24.949822667796,
    12.663345644368));
#6287 = CARTESIAN_POINT('',(24.220223964807,24.92661091129,
    12.706600780524));
#6288 = CARTESIAN_POINT('',(24.194540123403,24.900927069886,
    12.746878001261));
#6289 = CARTESIAN_POINT('',(24.135569941312,24.841956887795,
    12.82499830775));
#6290 = CARTESIAN_POINT('',(24.101748678767,24.808135625251,
    12.862037238748));
#6291 = CARTESIAN_POINT('',(24.065555971889,24.771942918372,
    12.894452373729));
#6292 = CARTESIAN_POINT('',(24.02742091266,24.733807859144,
    12.921859514776));
#6293 = CARTESIAN_POINT('',(23.948206298906,24.654593245389,
    12.966132355553));
#6294 = CARTESIAN_POINT('',(23.90712482619,24.613511772673,
    12.982998997575));
#6295 = CARTESIAN_POINT('',(23.865039752945,24.571426699428,
    12.994332983963));
#6296 = CARTESIAN_POINT('',(23.822449972478,24.528836918962,13.));
#6297 = CARTESIAN_POINT('',(23.779861193783,24.486248140267,13.));
#6298 = ORIENTED_EDGE('',*,*,#6299,.F.);
#6299 = EDGE_CURVE('',#6300,#6277,#6302,.T.);
#6300 = VERTEX_POINT('',#6301);
#6301 = CARTESIAN_POINT('',(24.569818069718,25.2762050162,10.));
#6302 = HYPERBOLA('',#6303,3.554063138003,0.499491);
#6303 = AXIS2_PLACEMENT_3D('',#6304,#6305,#6306);
#6304 = CARTESIAN_POINT('',(-0.353193473242,0.353193473242,
    260.81678271404));
#6305 = DIRECTION('',(-0.707106781187,0.707106781187,0.));
#6306 = DIRECTION('',(0.,0.,-1.));
#6307 = ORIENTED_EDGE('',*,*,#6308,.F.);
#6308 = EDGE_CURVE('',#6309,#6300,#6311,.T.);
#6309 = VERTEX_POINT('',#6310);
#6310 = CARTESIAN_POINT('',(23.579765064524,24.286152011009,10.));
#6311 = LINE('',#6312,#6313);
#6312 = CARTESIAN_POINT('',(23.540921884623,24.247308831107,10.));
#6313 = VECTOR('',#6314,1.);
#6314 = DIRECTION('',(0.707106781187,0.707106781187,0.));
#6315 = ORIENTED_EDGE('',*,*,#6316,.F.);
#6316 = EDGE_CURVE('',#4123,#6309,#6317,.T.);
#6317 = LINE('',#6318,#6319);
#6318 = CARTESIAN_POINT('',(23.579765064525,24.286152011008,10.));
#6319 = VECTOR('',#6320,1.);
#6320 = DIRECTION('',(0.,0.,-1.));
#6321 = PLANE('',#6322);
#6322 = AXIS2_PLACEMENT_3D('',#6323,#6324,#6325);
#6323 = CARTESIAN_POINT('',(23.540921884623,24.247308831107,10.));
#6324 = DIRECTION('',(-0.707106781187,0.707106781187,0.));
#6325 = DIRECTION('',(0.707106781187,0.707106781187,0.));
#6326 = ADVANCED_FACE('',(#6327),#6361,.F.);
#6327 = FACE_BOUND('',#6328,.F.);
#6328 = EDGE_LOOP('',(#6329,#6330,#6336,#6337,#6338,#6347,#6355));
#6329 = ORIENTED_EDGE('',*,*,#4254,.T.);
#6330 = ORIENTED_EDGE('',*,*,#6331,.T.);
#6331 = EDGE_CURVE('',#4247,#3743,#6332,.T.);
#6332 = LINE('',#6333,#6334);
#6333 = CARTESIAN_POINT('',(-24.2473088311,23.540921884623,10.));
#6334 = VECTOR('',#6335,1.);
#6335 = DIRECTION('',(0.,0.,1.));
#6336 = ORIENTED_EDGE('',*,*,#3750,.F.);
#6337 = ORIENTED_EDGE('',*,*,#6233,.F.);
#6338 = ORIENTED_EDGE('',*,*,#6339,.F.);
#6339 = EDGE_CURVE('',#6340,#6234,#6342,.T.);
#6340 = VERTEX_POINT('',#6341);
#6341 = CARTESIAN_POINT('',(-25.2762050162,24.569818069717,10.));
#6342 = HYPERBOLA('',#6343,3.554063138003,0.499491);
#6343 = AXIS2_PLACEMENT_3D('',#6344,#6345,#6346);
#6344 = CARTESIAN_POINT('',(-0.353193473242,-0.353193473242,
    260.81678271404));
#6345 = DIRECTION('',(-0.707106781187,-0.707106781187,-0.));
#6346 = DIRECTION('',(0.,0.,-1.));
#6347 = ORIENTED_EDGE('',*,*,#6348,.F.);
#6348 = EDGE_CURVE('',#6349,#6340,#6351,.T.);
#6349 = VERTEX_POINT('',#6350);
#6350 = CARTESIAN_POINT('',(-24.286152011,23.579765064526,10.));
#6351 = LINE('',#6352,#6353);
#6352 = CARTESIAN_POINT('',(-24.2473088311,23.540921884623,10.));
#6353 = VECTOR('',#6354,1.);
#6354 = DIRECTION('',(-0.707106781187,0.707106781187,0.));
#6355 = ORIENTED_EDGE('',*,*,#6356,.F.);
#6356 = EDGE_CURVE('',#4255,#6349,#6357,.T.);
#6357 = LINE('',#6358,#6359);
#6358 = CARTESIAN_POINT('',(-24.286152011,23.579765064525,10.));
#6359 = VECTOR('',#6360,1.);
#6360 = DIRECTION('',(0.,0.,-1.));
#6361 = PLANE('',#6362);
#6362 = AXIS2_PLACEMENT_3D('',#6363,#6364,#6365);
#6363 = CARTESIAN_POINT('',(-24.2473088311,23.540921884623,10.));
#6364 = DIRECTION('',(-0.707106781187,-0.707106781187,0.));
#6365 = DIRECTION('',(-0.707106781187,0.707106781187,0.));
#6366 = ADVANCED_FACE('',(#6367),#6401,.T.);
#6367 = FACE_BOUND('',#6368,.T.);
#6368 = EDGE_LOOP('',(#6369,#6370,#6379,#6400));
#6369 = ORIENTED_EDGE('',*,*,#6276,.F.);
#6370 = ORIENTED_EDGE('',*,*,#6371,.T.);
#6371 = EDGE_CURVE('',#6277,#6372,#6374,.T.);
#6372 = VERTEX_POINT('',#6373);
#6373 = CARTESIAN_POINT('',(13.826318589881,32.071792811406,
    12.311338480768));
#6374 = CIRCLE('',#6375,34.925162560633);
#6375 = AXIS2_PLACEMENT_3D('',#6376,#6377,#6378);
#6376 = CARTESIAN_POINT('',(0.,0.,12.311338480768));
#6377 = DIRECTION('',(-0.,0.,1.));
#6378 = DIRECTION('',(1.,-6.123233995737E-17,0.));
#6379 = ORIENTED_EDGE('',*,*,#6380,.T.);
#6380 = EDGE_CURVE('',#6372,#3627,#6381,.T.);
#6381 = B_SPLINE_CURVE_WITH_KNOTS('',5,(#6382,#6383,#6384,#6385,#6386,
    #6387,#6388,#6389,#6390,#6391,#6392,#6393,#6394,#6395,#6396,#6397,
    #6398,#6399),.UNSPECIFIED.,.F.,.F.,(6,4,4,4,6),(0.,0.23799579928,
    0.473994222981,0.736995705805,1.),.UNSPECIFIED.);
#6382 = CARTESIAN_POINT('',(13.826318589881,32.071792811406,
    12.311338480768));
#6383 = CARTESIAN_POINT('',(13.823415719789,32.064784663062,
    12.365307038313));
#6384 = CARTESIAN_POINT('',(13.818753918714,32.053530079681,
    12.41863052649));
#6385 = CARTESIAN_POINT('',(13.812361407255,32.03809719182,
    12.470784603023));
#6386 = CARTESIAN_POINT('',(13.804300218147,32.018635759745,
    12.521263295961));
#6387 = CARTESIAN_POINT('',(13.785108610376,31.972303119981,
    12.617525136567));
#6388 = CARTESIAN_POINT('',(13.77400421759,31.945494744316,
    12.66334564617));
#6389 = CARTESIAN_POINT('',(13.761442100115,31.915167109936,
    12.706600782214));
#6390 = CARTESIAN_POINT('',(13.747542099579,31.881609540125,
    12.746878002277));
#6391 = CARTESIAN_POINT('',(13.715627653407,31.804561251341,
    12.824998308987));
#6392 = CARTESIAN_POINT('',(13.697323709918,31.760371622725,
    12.862037240319));
#6393 = CARTESIAN_POINT('',(13.677736349717,31.713083552076,
    12.89445237496));
#6394 = CARTESIAN_POINT('',(13.657097795849,31.66325767542,
    12.921859515375));
#6395 = CARTESIAN_POINT('',(13.614227137624,31.559758750904,
    12.966132355916));
#6396 = CARTESIAN_POINT('',(13.591993995084,31.50608319665,
    12.982998997872));
#6397 = CARTESIAN_POINT('',(13.569217707777,31.451096374935,
    12.994332984067));
#6398 = CARTESIAN_POINT('',(13.546168274852,31.395450121362,13.));
#6399 = CARTESIAN_POINT('',(13.523119384053,31.339805176596,13.));
#6400 = ORIENTED_EDGE('',*,*,#3626,.F.);
#6401 = TOROIDAL_SURFACE('',#6402,34.13294810564,0.8);
#6402 = AXIS2_PLACEMENT_3D('',#6403,#6404,#6405);
#6403 = CARTESIAN_POINT('',(0.,0.,12.2));
#6404 = DIRECTION('',(0.,0.,1.));
#6405 = DIRECTION('',(1.,-6.123233995737E-17,0.));
#6406 = ADVANCED_FACE('',(#6407),#6418,.F.);
#6407 = FACE_BOUND('',#6408,.F.);
#6408 = EDGE_LOOP('',(#6409,#6410,#6416,#6417));
#6409 = ORIENTED_EDGE('',*,*,#4246,.T.);
#6410 = ORIENTED_EDGE('',*,*,#6411,.T.);
#6411 = EDGE_CURVE('',#4239,#3735,#6412,.T.);
#6412 = LINE('',#6413,#6414);
#6413 = CARTESIAN_POINT('',(-23.54020204992,24.24802866581,10.));
#6414 = VECTOR('',#6415,1.);
#6415 = DIRECTION('',(0.,0.,1.));
#6416 = ORIENTED_EDGE('',*,*,#3742,.F.);
#6417 = ORIENTED_EDGE('',*,*,#6331,.F.);
#6418 = PLANE('',#6419);
#6419 = AXIS2_PLACEMENT_3D('',#6420,#6421,#6422);
#6420 = CARTESIAN_POINT('',(-23.54020204992,24.24802866581,10.));
#6421 = DIRECTION('',(0.707106781187,-0.707106781187,0.));
#6422 = DIRECTION('',(-0.707106781187,-0.707106781187,0.));
#6423 = ADVANCED_FACE('',(#6424),#6458,.F.);
#6424 = FACE_BOUND('',#6425,.F.);
#6425 = EDGE_LOOP('',(#6426,#6436,#6443,#6444,#6445,#6451,#6452));
#6426 = ORIENTED_EDGE('',*,*,#6427,.F.);
#6427 = EDGE_CURVE('',#6428,#6430,#6432,.T.);
#6428 = VERTEX_POINT('',#6429);
#6429 = CARTESIAN_POINT('',(13.95064114549,32.371934011266,10.));
#6430 = VERTEX_POINT('',#6431);
#6431 = CARTESIAN_POINT('',(13.414828091526,31.078366869493,10.));
#6432 = LINE('',#6433,#6434);
#6433 = CARTESIAN_POINT('',(13.967837217605,32.413449001788,10.));
#6434 = VECTOR('',#6435,1.);
#6435 = DIRECTION('',(-0.382683432365,-0.923879532511,0.));
#6436 = ORIENTED_EDGE('',*,*,#6437,.F.);
#6437 = EDGE_CURVE('',#6372,#6428,#6438,.T.);
#6438 = HYPERBOLA('',#6439,3.561306584381,0.500509);
#6439 = AXIS2_PLACEMENT_3D('',#6440,#6441,#6442);
#6440 = CARTESIAN_POINT('',(0.462410020938,-0.19153650205,
    260.81678271404));
#6441 = DIRECTION('',(0.923879532511,-0.382683432365,0.));
#6442 = DIRECTION('',(0.,0.,-1.));
#6443 = ORIENTED_EDGE('',*,*,#6380,.T.);
#6444 = ORIENTED_EDGE('',*,*,#3635,.F.);
#6445 = ORIENTED_EDGE('',*,*,#6446,.F.);
#6446 = EDGE_CURVE('',#4140,#3636,#6447,.T.);
#6447 = LINE('',#6448,#6449);
#6448 = CARTESIAN_POINT('',(13.393812069058,31.027629703021,10.));
#6449 = VECTOR('',#6450,1.);
#6450 = DIRECTION('',(0.,0.,1.));
#6451 = ORIENTED_EDGE('',*,*,#4139,.T.);
#6452 = ORIENTED_EDGE('',*,*,#6453,.T.);
#6453 = EDGE_CURVE('',#4131,#6430,#6454,.T.);
#6454 = LINE('',#6455,#6456);
#6455 = CARTESIAN_POINT('',(13.414828091527,31.078366869493,10.));
#6456 = VECTOR('',#6457,1.);
#6457 = DIRECTION('',(0.,0.,-1.));
#6458 = PLANE('',#6459);
#6459 = AXIS2_PLACEMENT_3D('',#6460,#6461,#6462);
#6460 = CARTESIAN_POINT('',(13.967837217605,32.413449001788,10.));
#6461 = DIRECTION('',(0.923879532511,-0.382683432365,0.));
#6462 = DIRECTION('',(-0.382683432365,-0.923879532511,0.));
#6463 = ADVANCED_FACE('',(#6464),#6515,.F.);
#6464 = FACE_BOUND('',#6465,.F.);
#6465 = EDGE_LOOP('',(#6466,#6476,#6485,#6506,#6507,#6508,#6509));
#6466 = ORIENTED_EDGE('',*,*,#6467,.F.);
#6467 = EDGE_CURVE('',#6468,#6470,#6472,.T.);
#6468 = VERTEX_POINT('',#6469);
#6469 = CARTESIAN_POINT('',(-24.56908802356,25.276914639455,10.));
#6470 = VERTEX_POINT('',#6471);
#6471 = CARTESIAN_POINT('',(-23.57903459594,24.286861211838,10.));
#6472 = LINE('',#6473,#6474);
#6473 = CARTESIAN_POINT('',(-24.6008622217,25.30868883759,10.));
#6474 = VECTOR('',#6475,1.);
#6475 = DIRECTION('',(0.707106781187,-0.707106781187,0.));
#6476 = ORIENTED_EDGE('',*,*,#6477,.F.);
#6477 = EDGE_CURVE('',#6478,#6468,#6480,.T.);
#6478 = VERTEX_POINT('',#6479);
#6479 = CARTESIAN_POINT('',(-24.33936989445,25.047196510342,
    12.311338480768));
#6480 = HYPERBOLA('',#6481,3.561306584381,0.500509);
#6481 = AXIS2_PLACEMENT_3D('',#6482,#6483,#6484);
#6482 = CARTESIAN_POINT('',(0.353913307945,0.353913307945,
    260.81678271404));
#6483 = DIRECTION('',(0.707106781187,0.707106781187,0.));
#6484 = DIRECTION('',(0.,0.,-1.));
#6485 = ORIENTED_EDGE('',*,*,#6486,.T.);
#6486 = EDGE_CURVE('',#6478,#3726,#6487,.T.);
#6487 = B_SPLINE_CURVE_WITH_KNOTS('',5,(#6488,#6489,#6490,#6491,#6492,
    #6493,#6494,#6495,#6496,#6497,#6498,#6499,#6500,#6501,#6502,#6503,
    #6504,#6505),.UNSPECIFIED.,.F.,.F.,(6,4,4,4,6),(0.,0.23799579928,
    0.473994222981,0.736995705805,1.),.UNSPECIFIED.);
#6488 = CARTESIAN_POINT('',(-24.33936989445,25.047196510342,
    12.311338480768));
#6489 = CARTESIAN_POINT('',(-24.33400608992,25.041832705816,
    12.365307038313));
#6490 = CARTESIAN_POINT('',(-24.32539220473,25.03321882062,
    12.41863052649));
#6491 = CARTESIAN_POINT('',(-24.31358038373,25.021406999624,
    12.470784603023));
#6492 = CARTESIAN_POINT('',(-24.29868524848,25.006511864373,
    12.521263295961));
#6493 = CARTESIAN_POINT('',(-24.26322378125,24.971050397143,
    12.617525136567));
#6494 = CARTESIAN_POINT('',(-24.24270553882,24.950532154712,
    12.66334564617));
#6495 = CARTESIAN_POINT('',(-24.21949377238,24.927320388271,
    12.706600782214));
#6496 = CARTESIAN_POINT('',(-24.19380992038,24.901636536277,
    12.746878002277));
#6497 = CARTESIAN_POINT('',(-24.13483971316,24.842666329058,
    12.824998308987));
#6498 = CARTESIAN_POINT('',(-24.10101843566,24.80884505155,
    12.862037240319));
#6499 = CARTESIAN_POINT('',(-24.06482571328,24.772652329179,
    12.89445237496));
#6500 = CARTESIAN_POINT('',(-24.02669063829,24.73451725418,
    12.921859515375));
#6501 = CARTESIAN_POINT('',(-23.94747599093,24.65530260682,
    12.966132355916));
#6502 = CARTESIAN_POINT('',(-23.90639450025,24.614221116148,
    12.982998997872));
#6503 = CARTESIAN_POINT('',(-23.86430940892,24.572136024811,
    12.994332984067));
#6504 = CARTESIAN_POINT('',(-23.82171961029,24.52954622618,13.));
#6505 = CARTESIAN_POINT('',(-23.77913081337,24.486957429266,13.));
#6506 = ORIENTED_EDGE('',*,*,#3734,.F.);
#6507 = ORIENTED_EDGE('',*,*,#6411,.F.);
#6508 = ORIENTED_EDGE('',*,*,#4238,.T.);
#6509 = ORIENTED_EDGE('',*,*,#6510,.T.);
#6510 = EDGE_CURVE('',#4230,#6470,#6511,.T.);
#6511 = LINE('',#6512,#6513);
#6512 = CARTESIAN_POINT('',(-23.57903459594,24.286861211838,10.));
#6513 = VECTOR('',#6514,1.);
#6514 = DIRECTION('',(0.,0.,-1.));
#6515 = PLANE('',#6516);
#6516 = AXIS2_PLACEMENT_3D('',#6517,#6518,#6519);
#6517 = CARTESIAN_POINT('',(-24.6008622217,25.30868883759,10.));
#6518 = DIRECTION('',(0.707106781187,0.707106781187,0.));
#6519 = DIRECTION('',(0.707106781187,-0.707106781187,0.));
#6520 = ADVANCED_FACE('',(#6521),#6532,.F.);
#6521 = FACE_BOUND('',#6522,.F.);
#6522 = EDGE_LOOP('',(#6523,#6524,#6525,#6526));
#6523 = ORIENTED_EDGE('',*,*,#4147,.T.);
#6524 = ORIENTED_EDGE('',*,*,#6446,.T.);
#6525 = ORIENTED_EDGE('',*,*,#3643,.F.);
#6526 = ORIENTED_EDGE('',*,*,#6527,.F.);
#6527 = EDGE_CURVE('',#4148,#3644,#6528,.T.);
#6528 = LINE('',#6529,#6530);
#6529 = CARTESIAN_POINT('',(12.469932536546,31.410313135386,10.));
#6530 = VECTOR('',#6531,1.);
#6531 = DIRECTION('',(0.,0.,1.));
#6532 = PLANE('',#6533);
#6533 = AXIS2_PLACEMENT_3D('',#6534,#6535,#6536);
#6534 = CARTESIAN_POINT('',(13.393812069058,31.027629703021,10.));
#6535 = DIRECTION('',(-0.382683432365,-0.923879532511,0.));
#6536 = DIRECTION('',(-0.923879532511,0.382683432365,0.));
#6537 = ADVANCED_FACE('',(#6538),#6572,.T.);
#6538 = FACE_BOUND('',#6539,.T.);
#6539 = EDGE_LOOP('',(#6540,#6563,#6570,#6571));
#6540 = ORIENTED_EDGE('',*,*,#6541,.F.);
#6541 = EDGE_CURVE('',#6542,#3718,#6544,.T.);
#6542 = VERTEX_POINT('',#6543);
#6543 = CARTESIAN_POINT('',(-13.82538365832,32.072195849159,
    12.311338480768));
#6544 = B_SPLINE_CURVE_WITH_KNOTS('',5,(#6545,#6546,#6547,#6548,#6549,
    #6550,#6551,#6552,#6553,#6554,#6555,#6556,#6557,#6558,#6559,#6560,
    #6561,#6562),.UNSPECIFIED.,.F.,.F.,(6,4,4,4,6),(0.,0.237995817203,
    0.473994248265,0.736995724161,1.),.UNSPECIFIED.);
#6545 = CARTESIAN_POINT('',(-13.82538365832,32.072195849159,
    12.311338480768));
#6546 = CARTESIAN_POINT('',(-13.82248078948,32.065187703833,
    12.365307037594));
#6547 = CARTESIAN_POINT('',(-13.81781899042,32.053933125332,
    12.418630525273));
#6548 = CARTESIAN_POINT('',(-13.81142648171,32.038500244095,
    12.470784601716));
#6549 = CARTESIAN_POINT('',(-13.80336529597,32.019038820144,
    12.521263295067));
#6550 = CARTESIAN_POINT('',(-13.78417369631,31.97270619997,
    12.61752513534));
#6551 = CARTESIAN_POINT('',(-13.7730693084,31.945897836086,
    12.663345644368));
#6552 = CARTESIAN_POINT('',(-13.76050719631,31.915570214686,
    12.706600780524));
#6553 = CARTESIAN_POINT('',(-13.7466072015,31.882012658711,
    12.746878001261));
#6554 = CARTESIAN_POINT('',(-13.71469276893,31.804964402759,
    12.82499830775));
#6555 = CARTESIAN_POINT('',(-13.69638883354,31.760774793694,
    12.862037238748));
#6556 = CARTESIAN_POINT('',(-13.67680148172,31.713486743288,
    12.894452373729));
#6557 = CARTESIAN_POINT('',(-13.65616293639,31.663660887236,
    12.921859514776));
#6558 = CARTESIAN_POINT('',(-13.61329229635,31.560162006627,
    12.966132355553));
#6559 = CARTESIAN_POINT('',(-13.59105916353,31.506486475835,
    12.982998997575));
#6560 = CARTESIAN_POINT('',(-13.56828288601,31.451499677758,
    12.994332983963));
#6561 = CARTESIAN_POINT('',(-13.54523346292,31.395853447918,13.));
#6562 = CARTESIAN_POINT('',(-13.52218458198,31.340208526956,13.));
#6563 = ORIENTED_EDGE('',*,*,#6564,.T.);
#6564 = EDGE_CURVE('',#6542,#6478,#6565,.T.);
#6565 = CIRCLE('',#6566,34.925162560633);
#6566 = AXIS2_PLACEMENT_3D('',#6567,#6568,#6569);
#6567 = CARTESIAN_POINT('',(0.,0.,12.311338480768));
#6568 = DIRECTION('',(-0.,0.,1.));
#6569 = DIRECTION('',(1.,-6.123233995737E-17,0.));
#6570 = ORIENTED_EDGE('',*,*,#6486,.T.);
#6571 = ORIENTED_EDGE('',*,*,#3725,.F.);
#6572 = TOROIDAL_SURFACE('',#6573,34.13294810564,0.8);
#6573 = AXIS2_PLACEMENT_3D('',#6574,#6575,#6576);
#6574 = CARTESIAN_POINT('',(0.,0.,12.2));
#6575 = DIRECTION('',(0.,0.,1.));
#6576 = DIRECTION('',(1.,-6.123233995737E-17,0.));
#6577 = ADVANCED_FACE('',(#6578),#6629,.F.);
#6578 = FACE_BOUND('',#6579,.F.);
#6579 = EDGE_LOOP('',(#6580,#6581,#6582,#6583,#6606,#6615,#6623));
#6580 = ORIENTED_EDGE('',*,*,#4155,.T.);
#6581 = ORIENTED_EDGE('',*,*,#6527,.T.);
#6582 = ORIENTED_EDGE('',*,*,#3651,.F.);
#6583 = ORIENTED_EDGE('',*,*,#6584,.F.);
#6584 = EDGE_CURVE('',#6585,#3652,#6587,.T.);
#6585 = VERTEX_POINT('',#6586);
#6586 = CARTESIAN_POINT('',(12.902444635177,32.45448970979,
    12.311338480768));
#6587 = B_SPLINE_CURVE_WITH_KNOTS('',5,(#6588,#6589,#6590,#6591,#6592,
    #6593,#6594,#6595,#6596,#6597,#6598,#6599,#6600,#6601,#6602,#6603,
    #6604,#6605),.UNSPECIFIED.,.F.,.F.,(6,4,4,4,6),(0.,0.237995817203,
    0.473994248265,0.736995724161,1.),.UNSPECIFIED.);
#6588 = CARTESIAN_POINT('',(12.902444635177,32.45448970979,
    12.311338480768));
#6589 = CARTESIAN_POINT('',(12.899541766336,32.447481564464,
    12.365307037594));
#6590 = CARTESIAN_POINT('',(12.894879967282,32.436226985962,
    12.418630525273));
#6591 = CARTESIAN_POINT('',(12.888487458567,32.420794104726,
    12.470784601716));
#6592 = CARTESIAN_POINT('',(12.880426272823,32.401332680775,
    12.521263295067));
#6593 = CARTESIAN_POINT('',(12.861234673167,32.355000060601,
    12.61752513534));
#6594 = CARTESIAN_POINT('',(12.850130285261,32.328191696717,
    12.663345644368));
#6595 = CARTESIAN_POINT('',(12.837568173163,32.297864075317,
    12.706600780524));
#6596 = CARTESIAN_POINT('',(12.823668178358,32.264306519342,
    12.746878001261));
#6597 = CARTESIAN_POINT('',(12.791753745785,32.18725826339,
    12.82499830775));
#6598 = CARTESIAN_POINT('',(12.773449810395,32.143068654325,
    12.862037238748));
#6599 = CARTESIAN_POINT('',(12.753862458578,32.095780603919,
    12.894452373729));
#6600 = CARTESIAN_POINT('',(12.733223913245,32.045954747867,
    12.921859514776));
#6601 = CARTESIAN_POINT('',(12.690353273206,31.942455867258,
    12.966132355553));
#6602 = CARTESIAN_POINT('',(12.668120140384,31.888780336465,
    12.982998997575));
#6603 = CARTESIAN_POINT('',(12.64534386287,31.833793538389,
    12.994332983963));
#6604 = CARTESIAN_POINT('',(12.622294439775,31.778147308549,13.));
#6605 = CARTESIAN_POINT('',(12.599245558835,31.722502387587,13.));
#6606 = ORIENTED_EDGE('',*,*,#6607,.F.);
#6607 = EDGE_CURVE('',#6608,#6585,#6610,.T.);
#6608 = VERTEX_POINT('',#6609);
#6609 = CARTESIAN_POINT('',(13.026767139374,32.754630785532,10.));
#6610 = HYPERBOLA('',#6611,3.554063138003,0.499491);
#6611 = AXIS2_PLACEMENT_3D('',#6612,#6613,#6614);
#6612 = CARTESIAN_POINT('',(-0.461469511574,0.191146930315,
    260.81678271404));
#6613 = DIRECTION('',(-0.923879532511,0.382683432365,0.));
#6614 = DIRECTION('',(0.,0.,-1.));
#6615 = ORIENTED_EDGE('',*,*,#6616,.F.);
#6616 = EDGE_CURVE('',#6617,#6608,#6619,.T.);
#6617 = VERTEX_POINT('',#6618);
#6618 = CARTESIAN_POINT('',(12.490954314025,31.461064195684,10.));
#6619 = LINE('',#6620,#6621);
#6620 = CARTESIAN_POINT('',(12.469932536546,31.410313135386,10.));
#6621 = VECTOR('',#6622,1.);
#6622 = DIRECTION('',(0.382683432365,0.923879532511,0.));
#6623 = ORIENTED_EDGE('',*,*,#6624,.F.);
#6624 = EDGE_CURVE('',#4156,#6617,#6625,.T.);
#6625 = LINE('',#6626,#6627);
#6626 = CARTESIAN_POINT('',(12.490954314026,31.461064195683,10.));
#6627 = VECTOR('',#6628,1.);
#6628 = DIRECTION('',(0.,0.,-1.));
#6629 = PLANE('',#6630);
#6630 = AXIS2_PLACEMENT_3D('',#6631,#6632,#6633);
#6631 = CARTESIAN_POINT('',(12.469932536546,31.410313135386,10.));
#6632 = DIRECTION('',(-0.923879532511,0.382683432365,0.));
#6633 = DIRECTION('',(0.382683432365,0.923879532511,0.));
#6634 = ADVANCED_FACE('',(#6635),#6669,.F.);
#6635 = FACE_BOUND('',#6636,.F.);
#6636 = EDGE_LOOP('',(#6637,#6638,#6644,#6645,#6646,#6655,#6663));
#6637 = ORIENTED_EDGE('',*,*,#4221,.T.);
#6638 = ORIENTED_EDGE('',*,*,#6639,.T.);
#6639 = EDGE_CURVE('',#4214,#3710,#6640,.T.);
#6640 = LINE('',#6641,#6642);
#6641 = CARTESIAN_POINT('',(-13.39287155969,31.028019274755,10.));
#6642 = VECTOR('',#6643,1.);
#6643 = DIRECTION('',(0.,0.,1.));
#6644 = ORIENTED_EDGE('',*,*,#3717,.F.);
#6645 = ORIENTED_EDGE('',*,*,#6541,.F.);
#6646 = ORIENTED_EDGE('',*,*,#6647,.F.);
#6647 = EDGE_CURVE('',#6648,#6542,#6650,.T.);
#6648 = VERTEX_POINT('',#6649);
#6649 = CARTESIAN_POINT('',(-13.94970616252,32.372336924901,10.));
#6650 = HYPERBOLA('',#6651,3.554063138003,0.499491);
#6651 = AXIS2_PLACEMENT_3D('',#6652,#6653,#6654);
#6652 = CARTESIAN_POINT('',(-0.461469511574,-0.191146930315,
    260.81678271404));
#6653 = DIRECTION('',(-0.923879532511,-0.382683432365,-0.));
#6654 = DIRECTION('',(0.,0.,-1.));
#6655 = ORIENTED_EDGE('',*,*,#6656,.F.);
#6656 = EDGE_CURVE('',#6657,#6648,#6659,.T.);
#6657 = VERTEX_POINT('',#6658);
#6658 = CARTESIAN_POINT('',(-13.41389333717,31.078770335053,10.));
#6659 = LINE('',#6660,#6661);
#6660 = CARTESIAN_POINT('',(-13.39287155969,31.028019274755,10.));
#6661 = VECTOR('',#6662,1.);
#6662 = DIRECTION('',(-0.382683432365,0.923879532511,0.));
#6663 = ORIENTED_EDGE('',*,*,#6664,.F.);
#6664 = EDGE_CURVE('',#4222,#6657,#6665,.T.);
#6665 = LINE('',#6666,#6667);
#6666 = CARTESIAN_POINT('',(-13.41389333717,31.078770335052,10.));
#6667 = VECTOR('',#6668,1.);
#6668 = DIRECTION('',(0.,0.,-1.));
#6669 = PLANE('',#6670);
#6670 = AXIS2_PLACEMENT_3D('',#6671,#6672,#6673);
#6671 = CARTESIAN_POINT('',(-13.39287155969,31.028019274755,10.));
#6672 = DIRECTION('',(-0.923879532511,-0.382683432365,0.));
#6673 = DIRECTION('',(-0.382683432365,0.923879532511,0.));
#6674 = ADVANCED_FACE('',(#6675),#6709,.T.);
#6675 = FACE_BOUND('',#6676,.T.);
#6676 = EDGE_LOOP('',(#6677,#6678,#6687,#6708));
#6677 = ORIENTED_EDGE('',*,*,#6584,.F.);
#6678 = ORIENTED_EDGE('',*,*,#6679,.T.);
#6679 = EDGE_CURVE('',#6585,#6680,#6682,.T.);
#6680 = VERTEX_POINT('',#6681);
#6681 = CARTESIAN_POINT('',(0.500509,34.92157600435,12.311338480768));
#6682 = CIRCLE('',#6683,34.925162560633);
#6683 = AXIS2_PLACEMENT_3D('',#6684,#6685,#6686);
#6684 = CARTESIAN_POINT('',(0.,0.,12.311338480768));
#6685 = DIRECTION('',(-0.,0.,1.));
#6686 = DIRECTION('',(1.,-6.123233995737E-17,0.));
#6687 = ORIENTED_EDGE('',*,*,#6688,.T.);
#6688 = EDGE_CURVE('',#6680,#3660,#6689,.T.);
#6689 = B_SPLINE_CURVE_WITH_KNOTS('',5,(#6690,#6691,#6692,#6693,#6694,
    #6695,#6696,#6697,#6698,#6699,#6700,#6701,#6702,#6703,#6704,#6705,
    #6706,#6707),.UNSPECIFIED.,.F.,.F.,(6,4,4,4,6),(0.,0.23799579928,
    0.473994222981,0.736995705805,1.),.UNSPECIFIED.);
#6690 = CARTESIAN_POINT('',(0.500509,34.92157600435,12.311338480768));
#6691 = CARTESIAN_POINT('',(0.500509,34.913990439243,12.365307038313));
#6692 = CARTESIAN_POINT('',(0.500509,34.901808565975,12.41863052649));
#6693 = CARTESIAN_POINT('',(0.500509,34.885104128525,12.470784603023));
#6694 = CARTESIAN_POINT('',(0.500509,34.864039226241,12.521263295961));
#6695 = CARTESIAN_POINT('',(0.500509,34.813889138341,12.617525136567));
#6696 = CARTESIAN_POINT('',(0.500509,34.784871961619,12.66334564617));
#6697 = CARTESIAN_POINT('',(0.500509,34.752045566712,12.706600782214));
#6698 = CARTESIAN_POINT('',(0.500509,34.715723114889,12.746878002277));
#6699 = CARTESIAN_POINT('',(0.500509,34.632326648063,12.824998308987));
#6700 = CARTESIAN_POINT('',(0.500509,34.584496138715,12.862037240319));
#6701 = CARTESIAN_POINT('',(0.500509,34.533311899878,12.89445237496));
#6702 = CARTESIAN_POINT('',(0.500509,34.479380759612,12.921859515375));
#6703 = CARTESIAN_POINT('',(0.500509,34.367354330978,12.966132355916));
#6704 = CARTESIAN_POINT('',(0.500509,34.309256329707,12.982998997872));
#6705 = CARTESIAN_POINT('',(0.500509,34.249739022764,12.994332984067));
#6706 = CARTESIAN_POINT('',(0.500509,34.189507951921,13.));
#6707 = CARTESIAN_POINT('',(0.500509,34.12927829772,13.));
#6708 = ORIENTED_EDGE('',*,*,#3659,.F.);
#6709 = TOROIDAL_SURFACE('',#6710,34.13294810564,0.8);
#6710 = AXIS2_PLACEMENT_3D('',#6711,#6712,#6713);
#6711 = CARTESIAN_POINT('',(0.,0.,12.2));
#6712 = DIRECTION('',(0.,0.,1.));
#6713 = DIRECTION('',(1.,-6.123233995737E-17,0.));
#6714 = ADVANCED_FACE('',(#6715),#6726,.F.);
#6715 = FACE_BOUND('',#6716,.F.);
#6716 = EDGE_LOOP('',(#6717,#6718,#6724,#6725));
#6717 = ORIENTED_EDGE('',*,*,#4213,.T.);
#6718 = ORIENTED_EDGE('',*,*,#6719,.T.);
#6719 = EDGE_CURVE('',#4206,#3702,#6720,.T.);
#6720 = LINE('',#6721,#6722);
#6721 = CARTESIAN_POINT('',(-12.46899202718,31.41070270712,10.));
#6722 = VECTOR('',#6723,1.);
#6723 = DIRECTION('',(0.,0.,1.));
#6724 = ORIENTED_EDGE('',*,*,#3709,.F.);
#6725 = ORIENTED_EDGE('',*,*,#6639,.F.);
#6726 = PLANE('',#6727);
#6727 = AXIS2_PLACEMENT_3D('',#6728,#6729,#6730);
#6728 = CARTESIAN_POINT('',(-12.46899202718,31.41070270712,10.));
#6729 = DIRECTION('',(0.382683432365,-0.923879532511,0.));
#6730 = DIRECTION('',(-0.923879532511,-0.382683432365,0.));
#6731 = ADVANCED_FACE('',(#6732),#6766,.F.);
#6732 = FACE_BOUND('',#6733,.F.);
#6733 = EDGE_LOOP('',(#6734,#6744,#6751,#6752,#6753,#6759,#6760));
#6734 = ORIENTED_EDGE('',*,*,#6735,.F.);
#6735 = EDGE_CURVE('',#6736,#6738,#6740,.T.);
#6736 = VERTEX_POINT('',#6737);
#6737 = CARTESIAN_POINT('',(0.500508999998,35.246446498064,10.));
#6738 = VERTEX_POINT('',#6739);
#6739 = CARTESIAN_POINT('',(0.500508999999,33.846299513254,10.));
#6740 = LINE('',#6741,#6742);
#6741 = CARTESIAN_POINT('',(0.500509,35.291382,10.));
#6742 = VECTOR('',#6743,1.);
#6743 = DIRECTION('',(1.224646799147E-16,-1.,0.));
#6744 = ORIENTED_EDGE('',*,*,#6745,.F.);
#6745 = EDGE_CURVE('',#6680,#6736,#6746,.T.);
#6746 = HYPERBOLA('',#6747,3.561306584381,0.500509);
#6747 = AXIS2_PLACEMENT_3D('',#6748,#6749,#6750);
#6748 = CARTESIAN_POINT('',(0.500509,6.129467447944E-17,260.81678271404)
  );
#6749 = DIRECTION('',(1.,1.224646799147E-16,0.));
#6750 = DIRECTION('',(0.,0.,-1.));
#6751 = ORIENTED_EDGE('',*,*,#6688,.T.);
#6752 = ORIENTED_EDGE('',*,*,#3668,.F.);
#6753 = ORIENTED_EDGE('',*,*,#6754,.F.);
#6754 = EDGE_CURVE('',#4173,#3669,#6755,.T.);
#6755 = LINE('',#6756,#6757);
#6756 = CARTESIAN_POINT('',(0.500509,33.791382,10.));
#6757 = VECTOR('',#6758,1.);
#6758 = DIRECTION('',(0.,0.,1.));
#6759 = ORIENTED_EDGE('',*,*,#4172,.T.);
#6760 = ORIENTED_EDGE('',*,*,#6761,.T.);
#6761 = EDGE_CURVE('',#4164,#6738,#6762,.T.);
#6762 = LINE('',#6763,#6764);
#6763 = CARTESIAN_POINT('',(0.500509,33.846299513254,10.));
#6764 = VECTOR('',#6765,1.);
#6765 = DIRECTION('',(0.,0.,-1.));
#6766 = PLANE('',#6767);
#6767 = AXIS2_PLACEMENT_3D('',#6768,#6769,#6770);
#6768 = CARTESIAN_POINT('',(0.500509,35.291382,10.));
#6769 = DIRECTION('',(1.,1.224646799147E-16,0.));
#6770 = DIRECTION('',(1.224646799147E-16,-1.,0.));
#6771 = ADVANCED_FACE('',(#6772),#6823,.F.);
#6772 = FACE_BOUND('',#6773,.F.);
#6773 = EDGE_LOOP('',(#6774,#6784,#6793,#6814,#6815,#6816,#6817));
#6774 = ORIENTED_EDGE('',*,*,#6775,.F.);
#6775 = EDGE_CURVE('',#6776,#6778,#6780,.T.);
#6776 = VERTEX_POINT('',#6777);
#6777 = CARTESIAN_POINT('',(-13.02582110361,32.755007015366,10.));
#6778 = VERTEX_POINT('',#6779);
#6779 = CARTESIAN_POINT('',(-12.49000804965,31.461439873592,10.));
#6780 = LINE('',#6781,#6782);
#6781 = CARTESIAN_POINT('',(-13.04301717573,32.796522005887,10.));
#6782 = VECTOR('',#6783,1.);
#6783 = DIRECTION('',(0.382683432365,-0.923879532511,0.));
#6784 = ORIENTED_EDGE('',*,*,#6785,.F.);
#6785 = EDGE_CURVE('',#6786,#6776,#6788,.T.);
#6786 = VERTEX_POINT('',#6787);
#6787 = CARTESIAN_POINT('',(-12.901498548,32.454865815506,
    12.311338480768));
#6788 = HYPERBOLA('',#6789,3.561306584381,0.500509);
#6789 = AXIS2_PLACEMENT_3D('',#6790,#6791,#6792);
#6790 = CARTESIAN_POINT('',(0.462410020938,0.19153650205,260.81678271404
    ));
#6791 = DIRECTION('',(0.923879532511,0.382683432365,0.));
#6792 = DIRECTION('',(0.,0.,-1.));
#6793 = ORIENTED_EDGE('',*,*,#6794,.T.);
#6794 = EDGE_CURVE('',#6786,#3693,#6795,.T.);
#6795 = B_SPLINE_CURVE_WITH_KNOTS('',5,(#6796,#6797,#6798,#6799,#6800,
    #6801,#6802,#6803,#6804,#6805,#6806,#6807,#6808,#6809,#6810,#6811,
    #6812,#6813),.UNSPECIFIED.,.F.,.F.,(6,4,4,4,6),(0.,0.23799579928,
    0.473994222981,0.736995705805,1.),.UNSPECIFIED.);
#6796 = CARTESIAN_POINT('',(-12.901498548,32.454865815506,
    12.311338480768));
#6797 = CARTESIAN_POINT('',(-12.89859567791,32.447857667161,
    12.365307038313));
#6798 = CARTESIAN_POINT('',(-12.89393387683,32.436603083781,
    12.41863052649));
#6799 = CARTESIAN_POINT('',(-12.88754136538,32.421170195919,
    12.470784603023));
#6800 = CARTESIAN_POINT('',(-12.87948017627,32.401708763844,
    12.521263295961));
#6801 = CARTESIAN_POINT('',(-12.8602885685,32.35537612408,
    12.617525136567));
#6802 = CARTESIAN_POINT('',(-12.84918417571,32.328567748415,
    12.66334564617));
#6803 = CARTESIAN_POINT('',(-12.83662205824,32.298240114035,
    12.706600782214));
#6804 = CARTESIAN_POINT('',(-12.8227220577,32.264682544225,
    12.746878002277));
#6805 = CARTESIAN_POINT('',(-12.79080761153,32.18763425544,
    12.824998308987));
#6806 = CARTESIAN_POINT('',(-12.77250366804,32.143444626824,
    12.862037240319));
#6807 = CARTESIAN_POINT('',(-12.75291630784,32.096156556175,
    12.89445237496));
#6808 = CARTESIAN_POINT('',(-12.73227775397,32.046330679519,
    12.921859515375));
#6809 = CARTESIAN_POINT('',(-12.68940709574,31.942831755003,
    12.966132355916));
#6810 = CARTESIAN_POINT('',(-12.6671739532,31.889156200749,
    12.982998997872));
#6811 = CARTESIAN_POINT('',(-12.6443976659,31.834169379034,
    12.994332984067));
#6812 = CARTESIAN_POINT('',(-12.62134823297,31.778523125462,13.));
#6813 = CARTESIAN_POINT('',(-12.59829934217,31.722878180695,13.));
#6814 = ORIENTED_EDGE('',*,*,#3701,.F.);
#6815 = ORIENTED_EDGE('',*,*,#6719,.F.);
#6816 = ORIENTED_EDGE('',*,*,#4205,.T.);
#6817 = ORIENTED_EDGE('',*,*,#6818,.T.);
#6818 = EDGE_CURVE('',#4197,#6778,#6819,.T.);
#6819 = LINE('',#6820,#6821);
#6820 = CARTESIAN_POINT('',(-12.49000804965,31.461439873592,10.));
#6821 = VECTOR('',#6822,1.);
#6822 = DIRECTION('',(0.,0.,-1.));
#6823 = PLANE('',#6824);
#6824 = AXIS2_PLACEMENT_3D('',#6825,#6826,#6827);
#6825 = CARTESIAN_POINT('',(-13.04301717573,32.796522005887,10.));
#6826 = DIRECTION('',(0.923879532511,0.382683432365,0.));
#6827 = DIRECTION('',(0.382683432365,-0.923879532511,0.));
#6828 = ADVANCED_FACE('',(#6829),#6840,.F.);
#6829 = FACE_BOUND('',#6830,.F.);
#6830 = EDGE_LOOP('',(#6831,#6832,#6833,#6834));
#6831 = ORIENTED_EDGE('',*,*,#4180,.T.);
#6832 = ORIENTED_EDGE('',*,*,#6754,.T.);
#6833 = ORIENTED_EDGE('',*,*,#3676,.F.);
#6834 = ORIENTED_EDGE('',*,*,#6835,.F.);
#6835 = EDGE_CURVE('',#4181,#3677,#6836,.T.);
#6836 = LINE('',#6837,#6838);
#6837 = CARTESIAN_POINT('',(-0.499491,33.791382,10.));
#6838 = VECTOR('',#6839,1.);
#6839 = DIRECTION('',(0.,0.,1.));
#6840 = PLANE('',#6841);
#6841 = AXIS2_PLACEMENT_3D('',#6842,#6843,#6844);
#6842 = CARTESIAN_POINT('',(0.500509,33.791382,10.));
#6843 = DIRECTION('',(1.224646799147E-16,-1.,0.));
#6844 = DIRECTION('',(-1.,-1.224646799147E-16,0.));
#6845 = ADVANCED_FACE('',(#6846),#6880,.T.);
#6846 = FACE_BOUND('',#6847,.T.);
#6847 = EDGE_LOOP('',(#6848,#6871,#6878,#6879));
#6848 = ORIENTED_EDGE('',*,*,#6849,.F.);
#6849 = EDGE_CURVE('',#6850,#3685,#6852,.T.);
#6850 = VERTEX_POINT('',#6851);
#6851 = CARTESIAN_POINT('',(-0.499491,34.921590579863,12.311338480768));
#6852 = B_SPLINE_CURVE_WITH_KNOTS('',5,(#6853,#6854,#6855,#6856,#6857,
    #6858,#6859,#6860,#6861,#6862,#6863,#6864,#6865,#6866,#6867,#6868,
    #6869,#6870),.UNSPECIFIED.,.F.,.F.,(6,4,4,4,6),(0.,0.237995817203,
    0.473994248265,0.736995724161,1.),.UNSPECIFIED.);
#6853 = CARTESIAN_POINT('',(-0.499491,34.921590579863,12.311338480768));
#6854 = CARTESIAN_POINT('',(-0.499491,34.914005018023,12.365307037594));
#6855 = CARTESIAN_POINT('',(-0.499491,34.901823150036,12.418630525273));
#6856 = CARTESIAN_POINT('',(-0.499491,34.885118719758,12.470784601716));
#6857 = CARTESIAN_POINT('',(-0.499491,34.864053826266,12.521263295067));
#6858 = CARTESIAN_POINT('',(-0.499491,34.813903759572,12.61752513534));
#6859 = CARTESIAN_POINT('',(-0.499491,34.7848865956,12.663345644368));
#6860 = CARTESIAN_POINT('',(-0.499491,34.752060214743,12.706600780524));
#6861 = CARTESIAN_POINT('',(-0.499491,34.715737777896,12.746878001261));
#6862 = CARTESIAN_POINT('',(-0.499491,34.632341346607,12.82499830775));
#6863 = CARTESIAN_POINT('',(-0.499491,34.584510858421,12.862037238748));
#6864 = CARTESIAN_POINT('',(-0.499491,34.533326641494,12.894452373729));
#6865 = CARTESIAN_POINT('',(-0.499491,34.479395523531,12.921859514776));
#6866 = CARTESIAN_POINT('',(-0.499491,34.367369142421,12.966132355553));
#6867 = CARTESIAN_POINT('',(-0.499491,34.309271166544,12.982998997575));
#6868 = CARTESIAN_POINT('',(-0.499491,34.249753885188,12.994332983963));
#6869 = CARTESIAN_POINT('',(-0.499491,34.189522840033,13.));
#6870 = CARTESIAN_POINT('',(-0.499491,34.129293211598,13.));
#6871 = ORIENTED_EDGE('',*,*,#6872,.T.);
#6872 = EDGE_CURVE('',#6850,#6786,#6873,.T.);
#6873 = CIRCLE('',#6874,34.925162560633);
#6874 = AXIS2_PLACEMENT_3D('',#6875,#6876,#6877);
#6875 = CARTESIAN_POINT('',(0.,0.,12.311338480768));
#6876 = DIRECTION('',(-0.,0.,1.));
#6877 = DIRECTION('',(1.,-6.123233995737E-17,0.));
#6878 = ORIENTED_EDGE('',*,*,#6794,.T.);
#6879 = ORIENTED_EDGE('',*,*,#3692,.F.);
#6880 = TOROIDAL_SURFACE('',#6881,34.13294810564,0.8);
#6881 = AXIS2_PLACEMENT_3D('',#6882,#6883,#6884);
#6882 = CARTESIAN_POINT('',(0.,0.,12.2));
#6883 = DIRECTION('',(0.,0.,1.));
#6884 = DIRECTION('',(1.,-6.123233995737E-17,0.));
#6885 = ADVANCED_FACE('',(#6886),#6915,.F.);
#6886 = FACE_BOUND('',#6887,.F.);
#6887 = EDGE_LOOP('',(#6888,#6889,#6890,#6891,#6892,#6901,#6909));
#6888 = ORIENTED_EDGE('',*,*,#4188,.T.);
#6889 = ORIENTED_EDGE('',*,*,#6835,.T.);
#6890 = ORIENTED_EDGE('',*,*,#3684,.F.);
#6891 = ORIENTED_EDGE('',*,*,#6849,.F.);
#6892 = ORIENTED_EDGE('',*,*,#6893,.F.);
#6893 = EDGE_CURVE('',#6894,#6850,#6896,.T.);
#6894 = VERTEX_POINT('',#6895);
#6895 = CARTESIAN_POINT('',(-0.499491,35.246460939234,10.));
#6896 = HYPERBOLA('',#6897,3.554063138003,0.499491);
#6897 = AXIS2_PLACEMENT_3D('',#6898,#6899,#6900);
#6898 = CARTESIAN_POINT('',(-0.499491,-6.117000543529E-17,
    260.81678271404));
#6899 = DIRECTION('',(-1.,-1.224646799147E-16,-0.));
#6900 = DIRECTION('',(0.,0.,-1.));
#6901 = ORIENTED_EDGE('',*,*,#6902,.F.);
#6902 = EDGE_CURVE('',#6903,#6894,#6905,.T.);
#6903 = VERTEX_POINT('',#6904);
#6904 = CARTESIAN_POINT('',(-0.499490999999,33.846314551823,10.));
#6905 = LINE('',#6906,#6907);
#6906 = CARTESIAN_POINT('',(-0.499491,33.791382,10.));
#6907 = VECTOR('',#6908,1.);
#6908 = DIRECTION('',(-1.224646799147E-16,1.,0.));
#6909 = ORIENTED_EDGE('',*,*,#6910,.F.);
#6910 = EDGE_CURVE('',#4189,#6903,#6911,.T.);
#6911 = LINE('',#6912,#6913);
#6912 = CARTESIAN_POINT('',(-0.499491,33.846314551823,10.));
#6913 = VECTOR('',#6914,1.);
#6914 = DIRECTION('',(0.,0.,-1.));
#6915 = PLANE('',#6916);
#6916 = AXIS2_PLACEMENT_3D('',#6917,#6918,#6919);
#6917 = CARTESIAN_POINT('',(-0.499491,33.791382,10.));
#6918 = DIRECTION('',(-1.,-1.224646799147E-16,0.));
#6919 = DIRECTION('',(-1.224646799147E-16,1.,0.));
#6920 = ADVANCED_FACE('',(#6921),#6941,.T.);
#6921 = FACE_BOUND('',#6922,.T.);
#6922 = EDGE_LOOP('',(#6923,#6932,#6933,#6934));
#6923 = ORIENTED_EDGE('',*,*,#6924,.F.);
#6924 = EDGE_CURVE('',#3949,#6925,#6927,.T.);
#6925 = VERTEX_POINT('',#6926);
#6926 = CARTESIAN_POINT('',(22.,0.,12.2));
#6927 = CIRCLE('',#6928,0.8);
#6928 = AXIS2_PLACEMENT_3D('',#6929,#6930,#6931);
#6929 = CARTESIAN_POINT('',(22.8,0.,12.2));
#6930 = DIRECTION('',(0.,-1.,0.));
#6931 = DIRECTION('',(1.,0.,0.));
#6932 = ORIENTED_EDGE('',*,*,#3948,.T.);
#6933 = ORIENTED_EDGE('',*,*,#6924,.T.);
#6934 = ORIENTED_EDGE('',*,*,#6935,.F.);
#6935 = EDGE_CURVE('',#6925,#6925,#6936,.T.);
#6936 = CIRCLE('',#6937,22.);
#6937 = AXIS2_PLACEMENT_3D('',#6938,#6939,#6940);
#6938 = CARTESIAN_POINT('',(0.,0.,12.2));
#6939 = DIRECTION('',(0.,0.,1.));
#6940 = DIRECTION('',(1.,0.,0.));
#6941 = TOROIDAL_SURFACE('',#6942,22.8,0.8);
#6942 = AXIS2_PLACEMENT_3D('',#6943,#6944,#6945);
#6943 = CARTESIAN_POINT('',(0.,0.,12.2));
#6944 = DIRECTION('',(0.,0.,1.));
#6945 = DIRECTION('',(1.,0.,0.));
#6946 = ADVANCED_FACE('',(#6947),#7004,.F.);
#6947 = FACE_BOUND('',#6948,.F.);
#6948 = EDGE_LOOP('',(#6949,#6950,#6958,#6966,#6974,#6982,#6990,#6998));
#6949 = ORIENTED_EDGE('',*,*,#3959,.F.);
#6950 = ORIENTED_EDGE('',*,*,#6951,.T.);
#6951 = EDGE_CURVE('',#3960,#6952,#6954,.T.);
#6952 = VERTEX_POINT('',#6953);
#6953 = CARTESIAN_POINT('',(24.5,5.,10.));
#6954 = LINE('',#6955,#6956);
#6955 = CARTESIAN_POINT('',(24.5,5.,13.));
#6956 = VECTOR('',#6957,1.);
#6957 = DIRECTION('',(-0.,-0.,-1.));
#6958 = ORIENTED_EDGE('',*,*,#6959,.T.);
#6959 = EDGE_CURVE('',#6952,#6960,#6962,.T.);
#6960 = VERTEX_POINT('',#6961);
#6961 = CARTESIAN_POINT('',(24.5,4.974937185533,10.));
#6962 = LINE('',#6963,#6964);
#6963 = CARTESIAN_POINT('',(24.5,2.5,10.));
#6964 = VECTOR('',#6965,1.);
#6965 = DIRECTION('',(0.,-1.,0.));
#6966 = ORIENTED_EDGE('',*,*,#6967,.T.);
#6967 = EDGE_CURVE('',#6960,#6968,#6970,.T.);
#6968 = VERTEX_POINT('',#6969);
#6969 = CARTESIAN_POINT('',(24.5,4.974937185533,0.));
#6970 = LINE('',#6971,#6972);
#6971 = CARTESIAN_POINT('',(24.5,4.974937185533,0.));
#6972 = VECTOR('',#6973,1.);
#6973 = DIRECTION('',(-0.,-0.,-1.));
#6974 = ORIENTED_EDGE('',*,*,#6975,.T.);
#6975 = EDGE_CURVE('',#6968,#6976,#6978,.T.);
#6976 = VERTEX_POINT('',#6977);
#6977 = CARTESIAN_POINT('',(24.5,-4.974937185533,0.));
#6978 = LINE('',#6979,#6980);
#6979 = CARTESIAN_POINT('',(24.5,2.5,0.));
#6980 = VECTOR('',#6981,1.);
#6981 = DIRECTION('',(0.,-1.,0.));
#6982 = ORIENTED_EDGE('',*,*,#6983,.F.);
#6983 = EDGE_CURVE('',#6984,#6976,#6986,.T.);
#6984 = VERTEX_POINT('',#6985);
#6985 = CARTESIAN_POINT('',(24.5,-4.974937185533,10.));
#6986 = LINE('',#6987,#6988);
#6987 = CARTESIAN_POINT('',(24.5,-4.974937185533,0.));
#6988 = VECTOR('',#6989,1.);
#6989 = DIRECTION('',(-0.,-0.,-1.));
#6990 = ORIENTED_EDGE('',*,*,#6991,.T.);
#6991 = EDGE_CURVE('',#6984,#6992,#6994,.T.);
#6992 = VERTEX_POINT('',#6993);
#6993 = CARTESIAN_POINT('',(24.5,-5.,10.));
#6994 = LINE('',#6995,#6996);
#6995 = CARTESIAN_POINT('',(24.5,2.5,10.));
#6996 = VECTOR('',#6997,1.);
#6997 = DIRECTION('',(0.,-1.,0.));
#6998 = ORIENTED_EDGE('',*,*,#6999,.F.);
#6999 = EDGE_CURVE('',#3962,#6992,#7000,.T.);
#7000 = LINE('',#7001,#7002);
#7001 = CARTESIAN_POINT('',(24.5,-5.,13.));
#7002 = VECTOR('',#7003,1.);
#7003 = DIRECTION('',(-0.,-0.,-1.));
#7004 = PLANE('',#7005);
#7005 = AXIS2_PLACEMENT_3D('',#7006,#7007,#7008);
#7006 = CARTESIAN_POINT('',(24.5,5.,13.));
#7007 = DIRECTION('',(-1.,0.,0.));
#7008 = DIRECTION('',(0.,-1.,0.));
#7009 = ADVANCED_FACE('',(#7010),#7029,.F.);
#7010 = FACE_BOUND('',#7011,.F.);
#7011 = EDGE_LOOP('',(#7012,#7013,#7014,#7023));
#7012 = ORIENTED_EDGE('',*,*,#4020,.F.);
#7013 = ORIENTED_EDGE('',*,*,#6999,.T.);
#7014 = ORIENTED_EDGE('',*,*,#7015,.T.);
#7015 = EDGE_CURVE('',#6992,#7016,#7018,.T.);
#7016 = VERTEX_POINT('',#7017);
#7017 = CARTESIAN_POINT('',(25.5,-6.,10.));
#7018 = CIRCLE('',#7019,1.);
#7019 = AXIS2_PLACEMENT_3D('',#7020,#7021,#7022);
#7020 = CARTESIAN_POINT('',(25.5,-5.,10.));
#7021 = DIRECTION('',(0.,0.,1.));
#7022 = DIRECTION('',(1.,0.,0.));
#7023 = ORIENTED_EDGE('',*,*,#7024,.F.);
#7024 = EDGE_CURVE('',#4013,#7016,#7025,.T.);
#7025 = LINE('',#7026,#7027);
#7026 = CARTESIAN_POINT('',(25.5,-6.,13.));
#7027 = VECTOR('',#7028,1.);
#7028 = DIRECTION('',(-0.,-0.,-1.));
#7029 = CYLINDRICAL_SURFACE('',#7030,1.);
#7030 = AXIS2_PLACEMENT_3D('',#7031,#7032,#7033);
#7031 = CARTESIAN_POINT('',(25.5,-5.,13.));
#7032 = DIRECTION('',(0.,0.,1.));
#7033 = DIRECTION('',(1.,0.,0.));
#7034 = ADVANCED_FACE('',(#7035),#7053,.F.);
#7035 = FACE_BOUND('',#7036,.F.);
#7036 = EDGE_LOOP('',(#7037,#7038,#7039,#7047));
#7037 = ORIENTED_EDGE('',*,*,#4012,.F.);
#7038 = ORIENTED_EDGE('',*,*,#7024,.T.);
#7039 = ORIENTED_EDGE('',*,*,#7040,.T.);
#7040 = EDGE_CURVE('',#7016,#7041,#7043,.T.);
#7041 = VERTEX_POINT('',#7042);
#7042 = CARTESIAN_POINT('',(32.,-6.,10.));
#7043 = LINE('',#7044,#7045);
#7044 = CARTESIAN_POINT('',(12.75,-6.,10.));
#7045 = VECTOR('',#7046,1.);
#7046 = DIRECTION('',(1.,0.,0.));
#7047 = ORIENTED_EDGE('',*,*,#7048,.F.);
#7048 = EDGE_CURVE('',#4004,#7041,#7049,.T.);
#7049 = LINE('',#7050,#7051);
#7050 = CARTESIAN_POINT('',(32.,-6.,13.));
#7051 = VECTOR('',#7052,1.);
#7052 = DIRECTION('',(-0.,-0.,-1.));
#7053 = PLANE('',#7054);
#7054 = AXIS2_PLACEMENT_3D('',#7055,#7056,#7057);
#7055 = CARTESIAN_POINT('',(25.5,-6.,13.));
#7056 = DIRECTION('',(0.,-1.,0.));
#7057 = DIRECTION('',(1.,0.,0.));
#7058 = ADVANCED_FACE('',(#7059),#7085,.F.);
#7059 = FACE_BOUND('',#7060,.F.);
#7060 = EDGE_LOOP('',(#7061,#7062,#7063,#7072,#7078,#7079));
#7061 = ORIENTED_EDGE('',*,*,#4003,.F.);
#7062 = ORIENTED_EDGE('',*,*,#7048,.T.);
#7063 = ORIENTED_EDGE('',*,*,#7064,.T.);
#7064 = EDGE_CURVE('',#7041,#7065,#7067,.T.);
#7065 = VERTEX_POINT('',#7066);
#7066 = CARTESIAN_POINT('',(32.306299171709,-5.951935301063,10.));
#7067 = CIRCLE('',#7068,1.);
#7068 = AXIS2_PLACEMENT_3D('',#7069,#7070,#7071);
#7069 = CARTESIAN_POINT('',(32.,-5.,10.));
#7070 = DIRECTION('',(0.,0.,1.));
#7071 = DIRECTION('',(1.,0.,0.));
#7072 = ORIENTED_EDGE('',*,*,#7073,.F.);
#7073 = EDGE_CURVE('',#4560,#7065,#7074,.T.);
#7074 = LINE('',#7075,#7076);
#7075 = CARTESIAN_POINT('',(32.306299171709,-5.951935301063,10.));
#7076 = VECTOR('',#7077,1.);
#7077 = DIRECTION('',(0.,0.,-1.));
#7078 = ORIENTED_EDGE('',*,*,#4559,.T.);
#7079 = ORIENTED_EDGE('',*,*,#7080,.F.);
#7080 = EDGE_CURVE('',#3996,#4562,#7081,.T.);
#7081 = LINE('',#7082,#7083);
#7082 = CARTESIAN_POINT('',(33.,-5.,13.));
#7083 = VECTOR('',#7084,1.);
#7084 = DIRECTION('',(-0.,-0.,-1.));
#7085 = CYLINDRICAL_SURFACE('',#7086,1.);
#7086 = AXIS2_PLACEMENT_3D('',#7087,#7088,#7089);
#7087 = CARTESIAN_POINT('',(32.,-5.,13.));
#7088 = DIRECTION('',(0.,0.,1.));
#7089 = DIRECTION('',(1.,0.,0.));
#7090 = ADVANCED_FACE('',(#7091),#7102,.F.);
#7091 = FACE_BOUND('',#7092,.F.);
#7092 = EDGE_LOOP('',(#7093,#7094,#7095,#7096));
#7093 = ORIENTED_EDGE('',*,*,#3995,.F.);
#7094 = ORIENTED_EDGE('',*,*,#7080,.T.);
#7095 = ORIENTED_EDGE('',*,*,#4588,.T.);
#7096 = ORIENTED_EDGE('',*,*,#7097,.F.);
#7097 = EDGE_CURVE('',#3987,#4580,#7098,.T.);
#7098 = LINE('',#7099,#7100);
#7099 = CARTESIAN_POINT('',(33.,5.,13.));
#7100 = VECTOR('',#7101,1.);
#7101 = DIRECTION('',(-0.,-0.,-1.));
#7102 = PLANE('',#7103);
#7103 = AXIS2_PLACEMENT_3D('',#7104,#7105,#7106);
#7104 = CARTESIAN_POINT('',(33.,-5.,13.));
#7105 = DIRECTION('',(1.,0.,0.));
#7106 = DIRECTION('',(0.,1.,0.));
#7107 = ADVANCED_FACE('',(#7108),#7136,.F.);
#7108 = FACE_BOUND('',#7109,.F.);
#7109 = EDGE_LOOP('',(#7110,#7111,#7112,#7113,#7121,#7130));
#7110 = ORIENTED_EDGE('',*,*,#3986,.F.);
#7111 = ORIENTED_EDGE('',*,*,#7097,.T.);
#7112 = ORIENTED_EDGE('',*,*,#4579,.T.);
#7113 = ORIENTED_EDGE('',*,*,#7114,.T.);
#7114 = EDGE_CURVE('',#4571,#7115,#7117,.T.);
#7115 = VERTEX_POINT('',#7116);
#7116 = CARTESIAN_POINT('',(32.306299171709,5.951935301063,10.));
#7117 = LINE('',#7118,#7119);
#7118 = CARTESIAN_POINT('',(32.306299171709,5.951935301063,10.));
#7119 = VECTOR('',#7120,1.);
#7120 = DIRECTION('',(0.,0.,-1.));
#7121 = ORIENTED_EDGE('',*,*,#7122,.T.);
#7122 = EDGE_CURVE('',#7115,#7123,#7125,.T.);
#7123 = VERTEX_POINT('',#7124);
#7124 = CARTESIAN_POINT('',(32.,6.,10.));
#7125 = CIRCLE('',#7126,1.);
#7126 = AXIS2_PLACEMENT_3D('',#7127,#7128,#7129);
#7127 = CARTESIAN_POINT('',(32.,5.,10.));
#7128 = DIRECTION('',(0.,0.,1.));
#7129 = DIRECTION('',(1.,0.,0.));
#7130 = ORIENTED_EDGE('',*,*,#7131,.F.);
#7131 = EDGE_CURVE('',#3979,#7123,#7132,.T.);
#7132 = LINE('',#7133,#7134);
#7133 = CARTESIAN_POINT('',(32.,6.,13.));
#7134 = VECTOR('',#7135,1.);
#7135 = DIRECTION('',(-0.,-0.,-1.));
#7136 = CYLINDRICAL_SURFACE('',#7137,1.);
#7137 = AXIS2_PLACEMENT_3D('',#7138,#7139,#7140);
#7138 = CARTESIAN_POINT('',(32.,5.,13.));
#7139 = DIRECTION('',(0.,0.,1.));
#7140 = DIRECTION('',(1.,0.,0.));
#7141 = ADVANCED_FACE('',(#7142),#7160,.F.);
#7142 = FACE_BOUND('',#7143,.F.);
#7143 = EDGE_LOOP('',(#7144,#7145,#7146,#7154));
#7144 = ORIENTED_EDGE('',*,*,#3978,.F.);
#7145 = ORIENTED_EDGE('',*,*,#7131,.T.);
#7146 = ORIENTED_EDGE('',*,*,#7147,.T.);
#7147 = EDGE_CURVE('',#7123,#7148,#7150,.T.);
#7148 = VERTEX_POINT('',#7149);
#7149 = CARTESIAN_POINT('',(25.5,6.,10.));
#7150 = LINE('',#7151,#7152);
#7151 = CARTESIAN_POINT('',(16.,6.,10.));
#7152 = VECTOR('',#7153,1.);
#7153 = DIRECTION('',(-1.,0.,0.));
#7154 = ORIENTED_EDGE('',*,*,#7155,.F.);
#7155 = EDGE_CURVE('',#3970,#7148,#7156,.T.);
#7156 = LINE('',#7157,#7158);
#7157 = CARTESIAN_POINT('',(25.5,6.,13.));
#7158 = VECTOR('',#7159,1.);
#7159 = DIRECTION('',(-0.,-0.,-1.));
#7160 = PLANE('',#7161);
#7161 = AXIS2_PLACEMENT_3D('',#7162,#7163,#7164);
#7162 = CARTESIAN_POINT('',(32.,6.,13.));
#7163 = DIRECTION('',(0.,1.,0.));
#7164 = DIRECTION('',(-1.,0.,0.));
#7165 = ADVANCED_FACE('',(#7166),#7178,.F.);
#7166 = FACE_BOUND('',#7167,.F.);
#7167 = EDGE_LOOP('',(#7168,#7169,#7170,#7177));
#7168 = ORIENTED_EDGE('',*,*,#3969,.F.);
#7169 = ORIENTED_EDGE('',*,*,#7155,.T.);
#7170 = ORIENTED_EDGE('',*,*,#7171,.T.);
#7171 = EDGE_CURVE('',#7148,#6952,#7172,.T.);
#7172 = CIRCLE('',#7173,1.);
#7173 = AXIS2_PLACEMENT_3D('',#7174,#7175,#7176);
#7174 = CARTESIAN_POINT('',(25.5,5.,10.));
#7175 = DIRECTION('',(0.,0.,1.));
#7176 = DIRECTION('',(1.,0.,0.));
#7177 = ORIENTED_EDGE('',*,*,#6951,.F.);
#7178 = CYLINDRICAL_SURFACE('',#7179,1.);
#7179 = AXIS2_PLACEMENT_3D('',#7180,#7181,#7182);
#7180 = CARTESIAN_POINT('',(25.5,5.,13.));
#7181 = DIRECTION('',(0.,0.,1.));
#7182 = DIRECTION('',(1.,0.,0.));
#7183 = ADVANCED_FACE('',(#7184),#7196,.F.);
#7184 = FACE_BOUND('',#7185,.F.);
#7185 = EDGE_LOOP('',(#7186,#7187,#7188,#7195));
#7186 = ORIENTED_EDGE('',*,*,#4053,.T.);
#7187 = ORIENTED_EDGE('',*,*,#5568,.T.);
#7188 = ORIENTED_EDGE('',*,*,#7189,.F.);
#7189 = EDGE_CURVE('',#5682,#5561,#7190,.T.);
#7190 = CIRCLE('',#7191,33.85);
#7191 = AXIS2_PLACEMENT_3D('',#7192,#7193,#7194);
#7192 = CARTESIAN_POINT('',(0.,0.,10.));
#7193 = DIRECTION('',(0.,0.,-1.));
#7194 = DIRECTION('',(1.,0.,0.));
#7195 = ORIENTED_EDGE('',*,*,#5700,.F.);
#7196 = CYLINDRICAL_SURFACE('',#7197,33.85);
#7197 = AXIS2_PLACEMENT_3D('',#7198,#7199,#7200);
#7198 = CARTESIAN_POINT('',(0.,0.,10.));
#7199 = DIRECTION('',(0.,0.,-1.));
#7200 = DIRECTION('',(1.,0.,0.));
#7201 = ADVANCED_FACE('',(#7202),#7214,.F.);
#7202 = FACE_BOUND('',#7203,.F.);
#7203 = EDGE_LOOP('',(#7204,#7205,#7206,#7213));
#7204 = ORIENTED_EDGE('',*,*,#4526,.T.);
#7205 = ORIENTED_EDGE('',*,*,#5260,.T.);
#7206 = ORIENTED_EDGE('',*,*,#7207,.F.);
#7207 = EDGE_CURVE('',#5374,#5253,#7208,.T.);
#7208 = CIRCLE('',#7209,33.85);
#7209 = AXIS2_PLACEMENT_3D('',#7210,#7211,#7212);
#7210 = CARTESIAN_POINT('',(0.,0.,10.));
#7211 = DIRECTION('',(0.,0.,-1.));
#7212 = DIRECTION('',(1.,0.,0.));
#7213 = ORIENTED_EDGE('',*,*,#5397,.F.);
#7214 = CYLINDRICAL_SURFACE('',#7215,33.85);
#7215 = AXIS2_PLACEMENT_3D('',#7216,#7217,#7218);
#7216 = CARTESIAN_POINT('',(0.,0.,10.));
#7217 = DIRECTION('',(0.,0.,-1.));
#7218 = DIRECTION('',(1.,0.,0.));
#7219 = ADVANCED_FACE('',(#7220),#7232,.F.);
#7220 = FACE_BOUND('',#7221,.F.);
#7221 = EDGE_LOOP('',(#7222,#7223,#7224,#7231));
#7222 = ORIENTED_EDGE('',*,*,#4097,.T.);
#7223 = ORIENTED_EDGE('',*,*,#6008,.T.);
#7224 = ORIENTED_EDGE('',*,*,#7225,.F.);
#7225 = EDGE_CURVE('',#6122,#6001,#7226,.T.);
#7226 = CIRCLE('',#7227,33.85);
#7227 = AXIS2_PLACEMENT_3D('',#7228,#7229,#7230);
#7228 = CARTESIAN_POINT('',(0.,0.,10.));
#7229 = DIRECTION('',(0.,0.,-1.));
#7230 = DIRECTION('',(1.,0.,0.));
#7231 = ORIENTED_EDGE('',*,*,#6145,.F.);
#7232 = CYLINDRICAL_SURFACE('',#7233,33.85);
#7233 = AXIS2_PLACEMENT_3D('',#7234,#7235,#7236);
#7234 = CARTESIAN_POINT('',(0.,0.,10.));
#7235 = DIRECTION('',(0.,0.,-1.));
#7236 = DIRECTION('',(1.,0.,0.));
#7237 = ADVANCED_FACE('',(#7238),#7250,.F.);
#7238 = FACE_BOUND('',#7239,.F.);
#7239 = EDGE_LOOP('',(#7240,#7241,#7242,#7249));
#7240 = ORIENTED_EDGE('',*,*,#4493,.T.);
#7241 = ORIENTED_EDGE('',*,*,#4952,.T.);
#7242 = ORIENTED_EDGE('',*,*,#7243,.F.);
#7243 = EDGE_CURVE('',#5066,#4945,#7244,.T.);
#7244 = CIRCLE('',#7245,33.85);
#7245 = AXIS2_PLACEMENT_3D('',#7246,#7247,#7248);
#7246 = CARTESIAN_POINT('',(0.,0.,10.));
#7247 = DIRECTION('',(0.,0.,-1.));
#7248 = DIRECTION('',(1.,0.,0.));
#7249 = ORIENTED_EDGE('',*,*,#5089,.F.);
#7250 = CYLINDRICAL_SURFACE('',#7251,33.85);
#7251 = AXIS2_PLACEMENT_3D('',#7252,#7253,#7254);
#7252 = CARTESIAN_POINT('',(0.,0.,10.));
#7253 = DIRECTION('',(0.,0.,-1.));
#7254 = DIRECTION('',(1.,0.,0.));
#7255 = ADVANCED_FACE('',(#7256),#7268,.F.);
#7256 = FACE_BOUND('',#7257,.F.);
#7257 = EDGE_LOOP('',(#7258,#7259,#7260,#7267));
#7258 = ORIENTED_EDGE('',*,*,#4130,.T.);
#7259 = ORIENTED_EDGE('',*,*,#6316,.T.);
#7260 = ORIENTED_EDGE('',*,*,#7261,.F.);
#7261 = EDGE_CURVE('',#6430,#6309,#7262,.T.);
#7262 = CIRCLE('',#7263,33.85);
#7263 = AXIS2_PLACEMENT_3D('',#7264,#7265,#7266);
#7264 = CARTESIAN_POINT('',(0.,0.,10.));
#7265 = DIRECTION('',(0.,0.,-1.));
#7266 = DIRECTION('',(1.,0.,0.));
#7267 = ORIENTED_EDGE('',*,*,#6453,.F.);
#7268 = CYLINDRICAL_SURFACE('',#7269,33.85);
#7269 = AXIS2_PLACEMENT_3D('',#7270,#7271,#7272);
#7270 = CARTESIAN_POINT('',(0.,0.,10.));
#7271 = DIRECTION('',(0.,0.,-1.));
#7272 = DIRECTION('',(1.,0.,0.));
#7273 = ADVANCED_FACE('',(#7274),#7286,.F.);
#7274 = FACE_BOUND('',#7275,.F.);
#7275 = EDGE_LOOP('',(#7276,#7277,#7278,#7285));
#7276 = ORIENTED_EDGE('',*,*,#4460,.T.);
#7277 = ORIENTED_EDGE('',*,*,#4684,.T.);
#7278 = ORIENTED_EDGE('',*,*,#7279,.F.);
#7279 = EDGE_CURVE('',#4758,#4677,#7280,.T.);
#7280 = CIRCLE('',#7281,33.85);
#7281 = AXIS2_PLACEMENT_3D('',#7282,#7283,#7284);
#7282 = CARTESIAN_POINT('',(0.,0.,10.));
#7283 = DIRECTION('',(0.,0.,-1.));
#7284 = DIRECTION('',(1.,0.,0.));
#7285 = ORIENTED_EDGE('',*,*,#4781,.F.);
#7286 = CYLINDRICAL_SURFACE('',#7287,33.85);
#7287 = AXIS2_PLACEMENT_3D('',#7288,#7289,#7290);
#7288 = CARTESIAN_POINT('',(0.,0.,10.));
#7289 = DIRECTION('',(0.,0.,-1.));
#7290 = DIRECTION('',(1.,0.,0.));
#7291 = ADVANCED_FACE('',(#7292),#7304,.F.);
#7292 = FACE_BOUND('',#7293,.F.);
#7293 = EDGE_LOOP('',(#7294,#7295,#7296,#7303));
#7294 = ORIENTED_EDGE('',*,*,#4163,.T.);
#7295 = ORIENTED_EDGE('',*,*,#6624,.T.);
#7296 = ORIENTED_EDGE('',*,*,#7297,.F.);
#7297 = EDGE_CURVE('',#6738,#6617,#7298,.T.);
#7298 = CIRCLE('',#7299,33.85);
#7299 = AXIS2_PLACEMENT_3D('',#7300,#7301,#7302);
#7300 = CARTESIAN_POINT('',(0.,0.,10.));
#7301 = DIRECTION('',(0.,0.,-1.));
#7302 = DIRECTION('',(1.,0.,0.));
#7303 = ORIENTED_EDGE('',*,*,#6761,.F.);
#7304 = CYLINDRICAL_SURFACE('',#7305,33.85);
#7305 = AXIS2_PLACEMENT_3D('',#7306,#7307,#7308);
#7306 = CARTESIAN_POINT('',(0.,0.,10.));
#7307 = DIRECTION('',(0.,0.,-1.));
#7308 = DIRECTION('',(1.,0.,0.));
#7309 = ADVANCED_FACE('',(#7310),#7322,.F.);
#7310 = FACE_BOUND('',#7311,.F.);
#7311 = EDGE_LOOP('',(#7312,#7313,#7314,#7321));
#7312 = ORIENTED_EDGE('',*,*,#4427,.T.);
#7313 = ORIENTED_EDGE('',*,*,#4992,.T.);
#7314 = ORIENTED_EDGE('',*,*,#7315,.F.);
#7315 = EDGE_CURVE('',#4798,#4985,#7316,.T.);
#7316 = CIRCLE('',#7317,33.85);
#7317 = AXIS2_PLACEMENT_3D('',#7318,#7319,#7320);
#7318 = CARTESIAN_POINT('',(0.,0.,10.));
#7319 = DIRECTION('',(0.,0.,-1.));
#7320 = DIRECTION('',(1.,0.,0.));
#7321 = ORIENTED_EDGE('',*,*,#4838,.F.);
#7322 = CYLINDRICAL_SURFACE('',#7323,33.85);
#7323 = AXIS2_PLACEMENT_3D('',#7324,#7325,#7326);
#7324 = CARTESIAN_POINT('',(0.,0.,10.));
#7325 = DIRECTION('',(0.,0.,-1.));
#7326 = DIRECTION('',(1.,0.,0.));
#7327 = ADVANCED_FACE('',(#7328),#7340,.F.);
#7328 = FACE_BOUND('',#7329,.F.);
#7329 = EDGE_LOOP('',(#7330,#7331,#7332,#7339));
#7330 = ORIENTED_EDGE('',*,*,#4196,.T.);
#7331 = ORIENTED_EDGE('',*,*,#6910,.T.);
#7332 = ORIENTED_EDGE('',*,*,#7333,.F.);
#7333 = EDGE_CURVE('',#6778,#6903,#7334,.T.);
#7334 = CIRCLE('',#7335,33.85);
#7335 = AXIS2_PLACEMENT_3D('',#7336,#7337,#7338);
#7336 = CARTESIAN_POINT('',(0.,0.,10.));
#7337 = DIRECTION('',(0.,0.,-1.));
#7338 = DIRECTION('',(1.,0.,0.));
#7339 = ORIENTED_EDGE('',*,*,#6818,.F.);
#7340 = CYLINDRICAL_SURFACE('',#7341,33.85);
#7341 = AXIS2_PLACEMENT_3D('',#7342,#7343,#7344);
#7342 = CARTESIAN_POINT('',(0.,0.,10.));
#7343 = DIRECTION('',(0.,0.,-1.));
#7344 = DIRECTION('',(1.,0.,0.));
#7345 = ADVANCED_FACE('',(#7346),#7358,.F.);
#7346 = FACE_BOUND('',#7347,.F.);
#7347 = EDGE_LOOP('',(#7348,#7349,#7350,#7357));
#7348 = ORIENTED_EDGE('',*,*,#4394,.T.);
#7349 = ORIENTED_EDGE('',*,*,#5300,.T.);
#7350 = ORIENTED_EDGE('',*,*,#7351,.F.);
#7351 = EDGE_CURVE('',#5106,#5293,#7352,.T.);
#7352 = CIRCLE('',#7353,33.85);
#7353 = AXIS2_PLACEMENT_3D('',#7354,#7355,#7356);
#7354 = CARTESIAN_POINT('',(0.,0.,10.));
#7355 = DIRECTION('',(0.,0.,-1.));
#7356 = DIRECTION('',(1.,0.,0.));
#7357 = ORIENTED_EDGE('',*,*,#5146,.F.);
#7358 = CYLINDRICAL_SURFACE('',#7359,33.85);
#7359 = AXIS2_PLACEMENT_3D('',#7360,#7361,#7362);
#7360 = CARTESIAN_POINT('',(0.,0.,10.));
#7361 = DIRECTION('',(0.,0.,-1.));
#7362 = DIRECTION('',(1.,0.,0.));
#7363 = ADVANCED_FACE('',(#7364),#7376,.F.);
#7364 = FACE_BOUND('',#7365,.F.);
#7365 = EDGE_LOOP('',(#7366,#7367,#7368,#7375));
#7366 = ORIENTED_EDGE('',*,*,#4229,.T.);
#7367 = ORIENTED_EDGE('',*,*,#6664,.T.);
#7368 = ORIENTED_EDGE('',*,*,#7369,.F.);
#7369 = EDGE_CURVE('',#6470,#6657,#7370,.T.);
#7370 = CIRCLE('',#7371,33.85);
#7371 = AXIS2_PLACEMENT_3D('',#7372,#7373,#7374);
#7372 = CARTESIAN_POINT('',(0.,0.,10.));
#7373 = DIRECTION('',(0.,0.,-1.));
#7374 = DIRECTION('',(1.,0.,0.));
#7375 = ORIENTED_EDGE('',*,*,#6510,.F.);
#7376 = CYLINDRICAL_SURFACE('',#7377,33.85);
#7377 = AXIS2_PLACEMENT_3D('',#7378,#7379,#7380);
#7378 = CARTESIAN_POINT('',(0.,0.,10.));
#7379 = DIRECTION('',(0.,0.,-1.));
#7380 = DIRECTION('',(1.,0.,0.));
#7381 = ADVANCED_FACE('',(#7382),#7394,.F.);
#7382 = FACE_BOUND('',#7383,.F.);
#7383 = EDGE_LOOP('',(#7384,#7385,#7386,#7393));
#7384 = ORIENTED_EDGE('',*,*,#4361,.T.);
#7385 = ORIENTED_EDGE('',*,*,#5608,.T.);
#7386 = ORIENTED_EDGE('',*,*,#7387,.F.);
#7387 = EDGE_CURVE('',#5414,#5601,#7388,.T.);
#7388 = CIRCLE('',#7389,33.85);
#7389 = AXIS2_PLACEMENT_3D('',#7390,#7391,#7392);
#7390 = CARTESIAN_POINT('',(0.,0.,10.));
#7391 = DIRECTION('',(0.,0.,-1.));
#7392 = DIRECTION('',(1.,0.,0.));
#7393 = ORIENTED_EDGE('',*,*,#5454,.F.);
#7394 = CYLINDRICAL_SURFACE('',#7395,33.85);
#7395 = AXIS2_PLACEMENT_3D('',#7396,#7397,#7398);
#7396 = CARTESIAN_POINT('',(0.,0.,10.));
#7397 = DIRECTION('',(0.,0.,-1.));
#7398 = DIRECTION('',(1.,0.,0.));
#7399 = ADVANCED_FACE('',(#7400),#7412,.F.);
#7400 = FACE_BOUND('',#7401,.F.);
#7401 = EDGE_LOOP('',(#7402,#7403,#7404,#7411));
#7402 = ORIENTED_EDGE('',*,*,#4262,.T.);
#7403 = ORIENTED_EDGE('',*,*,#6356,.T.);
#7404 = ORIENTED_EDGE('',*,*,#7405,.F.);
#7405 = EDGE_CURVE('',#6162,#6349,#7406,.T.);
#7406 = CIRCLE('',#7407,33.85);
#7407 = AXIS2_PLACEMENT_3D('',#7408,#7409,#7410);
#7408 = CARTESIAN_POINT('',(0.,0.,10.));
#7409 = DIRECTION('',(0.,0.,-1.));
#7410 = DIRECTION('',(1.,0.,0.));
#7411 = ORIENTED_EDGE('',*,*,#6202,.F.);
#7412 = CYLINDRICAL_SURFACE('',#7413,33.85);
#7413 = AXIS2_PLACEMENT_3D('',#7414,#7415,#7416);
#7414 = CARTESIAN_POINT('',(0.,0.,10.));
#7415 = DIRECTION('',(0.,0.,-1.));
#7416 = DIRECTION('',(1.,0.,0.));
#7417 = ADVANCED_FACE('',(#7418),#7430,.F.);
#7418 = FACE_BOUND('',#7419,.F.);
#7419 = EDGE_LOOP('',(#7420,#7421,#7422,#7429));
#7420 = ORIENTED_EDGE('',*,*,#4328,.T.);
#7421 = ORIENTED_EDGE('',*,*,#5837,.T.);
#7422 = ORIENTED_EDGE('',*,*,#7423,.F.);
#7423 = EDGE_CURVE('',#5717,#5830,#7424,.T.);
#7424 = CIRCLE('',#7425,33.85);
#7425 = AXIS2_PLACEMENT_3D('',#7426,#7427,#7428);
#7426 = CARTESIAN_POINT('',(0.,0.,10.));
#7427 = DIRECTION('',(0.,0.,-1.));
#7428 = DIRECTION('',(1.,0.,0.));
#7429 = ORIENTED_EDGE('',*,*,#5757,.F.);
#7430 = CYLINDRICAL_SURFACE('',#7431,33.85);
#7431 = AXIS2_PLACEMENT_3D('',#7432,#7433,#7434);
#7432 = CARTESIAN_POINT('',(0.,0.,10.));
#7433 = DIRECTION('',(0.,0.,-1.));
#7434 = DIRECTION('',(1.,0.,0.));
#7435 = ADVANCED_FACE('',(#7436),#7448,.F.);
#7436 = FACE_BOUND('',#7437,.F.);
#7437 = EDGE_LOOP('',(#7438,#7439,#7440,#7447));
#7438 = ORIENTED_EDGE('',*,*,#4295,.T.);
#7439 = ORIENTED_EDGE('',*,*,#6048,.T.);
#7440 = ORIENTED_EDGE('',*,*,#7441,.F.);
#7441 = EDGE_CURVE('',#5871,#6041,#7442,.T.);
#7442 = CIRCLE('',#7443,33.85);
#7443 = AXIS2_PLACEMENT_3D('',#7444,#7445,#7446);
#7444 = CARTESIAN_POINT('',(0.,0.,10.));
#7445 = DIRECTION('',(0.,0.,-1.));
#7446 = DIRECTION('',(1.,0.,0.));
#7447 = ORIENTED_EDGE('',*,*,#5911,.F.);
#7448 = CYLINDRICAL_SURFACE('',#7449,33.85);
#7449 = AXIS2_PLACEMENT_3D('',#7450,#7451,#7452);
#7450 = CARTESIAN_POINT('',(0.,0.,10.));
#7451 = DIRECTION('',(0.,0.,-1.));
#7452 = DIRECTION('',(1.,0.,0.));
#7453 = ADVANCED_FACE('',(#7454),#7466,.T.);
#7454 = FACE_BOUND('',#7455,.T.);
#7455 = EDGE_LOOP('',(#7456,#7463,#7464,#7465));
#7456 = ORIENTED_EDGE('',*,*,#7457,.F.);
#7457 = EDGE_CURVE('',#7065,#7115,#7458,.T.);
#7458 = CIRCLE('',#7459,32.85);
#7459 = AXIS2_PLACEMENT_3D('',#7460,#7461,#7462);
#7460 = CARTESIAN_POINT('',(0.,0.,10.));
#7461 = DIRECTION('',(0.,0.,-1.));
#7462 = DIRECTION('',(1.,0.,0.));
#7463 = ORIENTED_EDGE('',*,*,#7073,.F.);
#7464 = ORIENTED_EDGE('',*,*,#4570,.T.);
#7465 = ORIENTED_EDGE('',*,*,#7114,.T.);
#7466 = CYLINDRICAL_SURFACE('',#7467,32.85);
#7467 = AXIS2_PLACEMENT_3D('',#7468,#7469,#7470);
#7468 = CARTESIAN_POINT('',(0.,0.,10.));
#7469 = DIRECTION('',(0.,0.,-1.));
#7470 = DIRECTION('',(1.,0.,0.));
#7471 = ADVANCED_FACE('',(#7472),#7484,.F.);
#7472 = FACE_BOUND('',#7473,.F.);
#7473 = EDGE_LOOP('',(#7474,#7475,#7482,#7483));
#7474 = ORIENTED_EDGE('',*,*,#4676,.T.);
#7475 = ORIENTED_EDGE('',*,*,#7476,.T.);
#7476 = EDGE_CURVE('',#4668,#4756,#7477,.T.);
#7477 = CIRCLE('',#7478,35.25);
#7478 = AXIS2_PLACEMENT_3D('',#7479,#7480,#7481);
#7479 = CARTESIAN_POINT('',(0.,0.,10.));
#7480 = DIRECTION('',(0.,0.,1.));
#7481 = DIRECTION('',(1.,0.,0.));
#7482 = ORIENTED_EDGE('',*,*,#4755,.T.);
#7483 = ORIENTED_EDGE('',*,*,#7279,.T.);
#7484 = PLANE('',#7485);
#7485 = AXIS2_PLACEMENT_3D('',#7486,#7487,#7488);
#7486 = CARTESIAN_POINT('',(0.,0.,10.));
#7487 = DIRECTION('',(0.,0.,1.));
#7488 = DIRECTION('',(1.,0.,0.));
#7489 = ADVANCED_FACE('',(#7490),#7496,.T.);
#7490 = FACE_BOUND('',#7491,.T.);
#7491 = EDGE_LOOP('',(#7492,#7493,#7494,#7495));
#7492 = ORIENTED_EDGE('',*,*,#7476,.T.);
#7493 = ORIENTED_EDGE('',*,*,#4765,.F.);
#7494 = ORIENTED_EDGE('',*,*,#4699,.F.);
#7495 = ORIENTED_EDGE('',*,*,#4667,.F.);
#7496 = CONICAL_SURFACE('',#7497,35.25,0.13962634016);
#7497 = AXIS2_PLACEMENT_3D('',#7498,#7499,#7500);
#7498 = CARTESIAN_POINT('',(0.,0.,10.));
#7499 = DIRECTION('',(-0.,-0.,-1.));
#7500 = DIRECTION('',(1.,0.,0.));
#7501 = ADVANCED_FACE('',(#7502),#7514,.F.);
#7502 = FACE_BOUND('',#7503,.F.);
#7503 = EDGE_LOOP('',(#7504,#7505,#7512,#7513));
#7504 = ORIENTED_EDGE('',*,*,#4984,.T.);
#7505 = ORIENTED_EDGE('',*,*,#7506,.T.);
#7506 = EDGE_CURVE('',#4976,#4796,#7507,.T.);
#7507 = CIRCLE('',#7508,35.25);
#7508 = AXIS2_PLACEMENT_3D('',#7509,#7510,#7511);
#7509 = CARTESIAN_POINT('',(0.,0.,10.));
#7510 = DIRECTION('',(0.,0.,1.));
#7511 = DIRECTION('',(1.,0.,0.));
#7512 = ORIENTED_EDGE('',*,*,#4795,.T.);
#7513 = ORIENTED_EDGE('',*,*,#7315,.T.);
#7514 = PLANE('',#7515);
#7515 = AXIS2_PLACEMENT_3D('',#7516,#7517,#7518);
#7516 = CARTESIAN_POINT('',(0.,0.,10.));
#7517 = DIRECTION('',(0.,0.,1.));
#7518 = DIRECTION('',(1.,0.,0.));
#7519 = ADVANCED_FACE('',(#7520),#7526,.T.);
#7520 = FACE_BOUND('',#7521,.T.);
#7521 = EDGE_LOOP('',(#7522,#7523,#7524,#7525));
#7522 = ORIENTED_EDGE('',*,*,#4892,.F.);
#7523 = ORIENTED_EDGE('',*,*,#4975,.F.);
#7524 = ORIENTED_EDGE('',*,*,#7506,.T.);
#7525 = ORIENTED_EDGE('',*,*,#4805,.F.);
#7526 = CONICAL_SURFACE('',#7527,35.25,0.13962634016);
#7527 = AXIS2_PLACEMENT_3D('',#7528,#7529,#7530);
#7528 = CARTESIAN_POINT('',(0.,0.,10.));
#7529 = DIRECTION('',(-0.,-0.,-1.));
#7530 = DIRECTION('',(1.,0.,0.));
#7531 = ADVANCED_FACE('',(#7532),#7544,.F.);
#7532 = FACE_BOUND('',#7533,.F.);
#7533 = EDGE_LOOP('',(#7534,#7535,#7542,#7543));
#7534 = ORIENTED_EDGE('',*,*,#4944,.T.);
#7535 = ORIENTED_EDGE('',*,*,#7536,.T.);
#7536 = EDGE_CURVE('',#4936,#5064,#7537,.T.);
#7537 = CIRCLE('',#7538,35.25);
#7538 = AXIS2_PLACEMENT_3D('',#7539,#7540,#7541);
#7539 = CARTESIAN_POINT('',(0.,0.,10.));
#7540 = DIRECTION('',(0.,0.,1.));
#7541 = DIRECTION('',(1.,0.,0.));
#7542 = ORIENTED_EDGE('',*,*,#5063,.T.);
#7543 = ORIENTED_EDGE('',*,*,#7243,.T.);
#7544 = PLANE('',#7545);
#7545 = AXIS2_PLACEMENT_3D('',#7546,#7547,#7548);
#7546 = CARTESIAN_POINT('',(0.,0.,10.));
#7547 = DIRECTION('',(0.,0.,1.));
#7548 = DIRECTION('',(1.,0.,0.));
#7549 = ADVANCED_FACE('',(#7550),#7556,.T.);
#7550 = FACE_BOUND('',#7551,.T.);
#7551 = EDGE_LOOP('',(#7552,#7553,#7554,#7555));
#7552 = ORIENTED_EDGE('',*,*,#7536,.T.);
#7553 = ORIENTED_EDGE('',*,*,#5073,.F.);
#7554 = ORIENTED_EDGE('',*,*,#5007,.F.);
#7555 = ORIENTED_EDGE('',*,*,#4935,.F.);
#7556 = CONICAL_SURFACE('',#7557,35.25,0.13962634016);
#7557 = AXIS2_PLACEMENT_3D('',#7558,#7559,#7560);
#7558 = CARTESIAN_POINT('',(0.,0.,10.));
#7559 = DIRECTION('',(-0.,-0.,-1.));
#7560 = DIRECTION('',(1.,0.,0.));
#7561 = ADVANCED_FACE('',(#7562),#7574,.F.);
#7562 = FACE_BOUND('',#7563,.F.);
#7563 = EDGE_LOOP('',(#7564,#7565,#7572,#7573));
#7564 = ORIENTED_EDGE('',*,*,#5292,.T.);
#7565 = ORIENTED_EDGE('',*,*,#7566,.T.);
#7566 = EDGE_CURVE('',#5284,#5104,#7567,.T.);
#7567 = CIRCLE('',#7568,35.25);
#7568 = AXIS2_PLACEMENT_3D('',#7569,#7570,#7571);
#7569 = CARTESIAN_POINT('',(0.,0.,10.));
#7570 = DIRECTION('',(0.,0.,1.));
#7571 = DIRECTION('',(1.,0.,0.));
#7572 = ORIENTED_EDGE('',*,*,#5103,.T.);
#7573 = ORIENTED_EDGE('',*,*,#7351,.T.);
#7574 = PLANE('',#7575);
#7575 = AXIS2_PLACEMENT_3D('',#7576,#7577,#7578);
#7576 = CARTESIAN_POINT('',(0.,0.,10.));
#7577 = DIRECTION('',(0.,0.,1.));
#7578 = DIRECTION('',(1.,0.,0.));
#7579 = ADVANCED_FACE('',(#7580),#7586,.T.);
#7580 = FACE_BOUND('',#7581,.T.);
#7581 = EDGE_LOOP('',(#7582,#7583,#7584,#7585));
#7582 = ORIENTED_EDGE('',*,*,#5200,.F.);
#7583 = ORIENTED_EDGE('',*,*,#5283,.F.);
#7584 = ORIENTED_EDGE('',*,*,#7566,.T.);
#7585 = ORIENTED_EDGE('',*,*,#5113,.F.);
#7586 = CONICAL_SURFACE('',#7587,35.25,0.13962634016);
#7587 = AXIS2_PLACEMENT_3D('',#7588,#7589,#7590);
#7588 = CARTESIAN_POINT('',(0.,0.,10.));
#7589 = DIRECTION('',(-0.,-0.,-1.));
#7590 = DIRECTION('',(1.,0.,0.));
#7591 = ADVANCED_FACE('',(#7592),#7604,.F.);
#7592 = FACE_BOUND('',#7593,.F.);
#7593 = EDGE_LOOP('',(#7594,#7595,#7602,#7603));
#7594 = ORIENTED_EDGE('',*,*,#5252,.T.);
#7595 = ORIENTED_EDGE('',*,*,#7596,.T.);
#7596 = EDGE_CURVE('',#5244,#5372,#7597,.T.);
#7597 = CIRCLE('',#7598,35.25);
#7598 = AXIS2_PLACEMENT_3D('',#7599,#7600,#7601);
#7599 = CARTESIAN_POINT('',(0.,0.,10.));
#7600 = DIRECTION('',(0.,0.,1.));
#7601 = DIRECTION('',(1.,0.,0.));
#7602 = ORIENTED_EDGE('',*,*,#5371,.T.);
#7603 = ORIENTED_EDGE('',*,*,#7207,.T.);
#7604 = PLANE('',#7605);
#7605 = AXIS2_PLACEMENT_3D('',#7606,#7607,#7608);
#7606 = CARTESIAN_POINT('',(0.,0.,10.));
#7607 = DIRECTION('',(0.,0.,1.));
#7608 = DIRECTION('',(1.,0.,0.));
#7609 = ADVANCED_FACE('',(#7610),#7616,.T.);
#7610 = FACE_BOUND('',#7611,.T.);
#7611 = EDGE_LOOP('',(#7612,#7613,#7614,#7615));
#7612 = ORIENTED_EDGE('',*,*,#7596,.T.);
#7613 = ORIENTED_EDGE('',*,*,#5381,.F.);
#7614 = ORIENTED_EDGE('',*,*,#5315,.F.);
#7615 = ORIENTED_EDGE('',*,*,#5243,.F.);
#7616 = CONICAL_SURFACE('',#7617,35.25,0.13962634016);
#7617 = AXIS2_PLACEMENT_3D('',#7618,#7619,#7620);
#7618 = CARTESIAN_POINT('',(0.,0.,10.));
#7619 = DIRECTION('',(-0.,-0.,-1.));
#7620 = DIRECTION('',(1.,0.,0.));
#7621 = ADVANCED_FACE('',(#7622),#7634,.F.);
#7622 = FACE_BOUND('',#7623,.F.);
#7623 = EDGE_LOOP('',(#7624,#7625,#7632,#7633));
#7624 = ORIENTED_EDGE('',*,*,#5600,.T.);
#7625 = ORIENTED_EDGE('',*,*,#7626,.T.);
#7626 = EDGE_CURVE('',#5592,#5412,#7627,.T.);
#7627 = CIRCLE('',#7628,35.25);
#7628 = AXIS2_PLACEMENT_3D('',#7629,#7630,#7631);
#7629 = CARTESIAN_POINT('',(0.,0.,10.));
#7630 = DIRECTION('',(0.,0.,1.));
#7631 = DIRECTION('',(1.,0.,0.));
#7632 = ORIENTED_EDGE('',*,*,#5411,.T.);
#7633 = ORIENTED_EDGE('',*,*,#7387,.T.);
#7634 = PLANE('',#7635);
#7635 = AXIS2_PLACEMENT_3D('',#7636,#7637,#7638);
#7636 = CARTESIAN_POINT('',(0.,0.,10.));
#7637 = DIRECTION('',(0.,0.,1.));
#7638 = DIRECTION('',(1.,0.,0.));
#7639 = ADVANCED_FACE('',(#7640),#7646,.T.);
#7640 = FACE_BOUND('',#7641,.T.);
#7641 = EDGE_LOOP('',(#7642,#7643,#7644,#7645));
#7642 = ORIENTED_EDGE('',*,*,#5508,.F.);
#7643 = ORIENTED_EDGE('',*,*,#5591,.F.);
#7644 = ORIENTED_EDGE('',*,*,#7626,.T.);
#7645 = ORIENTED_EDGE('',*,*,#5421,.F.);
#7646 = CONICAL_SURFACE('',#7647,35.25,0.13962634016);
#7647 = AXIS2_PLACEMENT_3D('',#7648,#7649,#7650);
#7648 = CARTESIAN_POINT('',(0.,0.,10.));
#7649 = DIRECTION('',(-0.,-0.,-1.));
#7650 = DIRECTION('',(1.,0.,0.));
#7651 = ADVANCED_FACE('',(#7652),#7664,.F.);
#7652 = FACE_BOUND('',#7653,.F.);
#7653 = EDGE_LOOP('',(#7654,#7655,#7662,#7663));
#7654 = ORIENTED_EDGE('',*,*,#5560,.T.);
#7655 = ORIENTED_EDGE('',*,*,#7656,.T.);
#7656 = EDGE_CURVE('',#5552,#5680,#7657,.T.);
#7657 = CIRCLE('',#7658,35.25);
#7658 = AXIS2_PLACEMENT_3D('',#7659,#7660,#7661);
#7659 = CARTESIAN_POINT('',(0.,0.,10.));
#7660 = DIRECTION('',(0.,0.,1.));
#7661 = DIRECTION('',(1.,0.,0.));
#7662 = ORIENTED_EDGE('',*,*,#5679,.T.);
#7663 = ORIENTED_EDGE('',*,*,#7189,.T.);
#7664 = PLANE('',#7665);
#7665 = AXIS2_PLACEMENT_3D('',#7666,#7667,#7668);
#7666 = CARTESIAN_POINT('',(0.,0.,10.));
#7667 = DIRECTION('',(0.,0.,1.));
#7668 = DIRECTION('',(1.,0.,0.));
#7669 = ADVANCED_FACE('',(#7670),#7676,.T.);
#7670 = FACE_BOUND('',#7671,.T.);
#7671 = EDGE_LOOP('',(#7672,#7673,#7674,#7675));
#7672 = ORIENTED_EDGE('',*,*,#7656,.T.);
#7673 = ORIENTED_EDGE('',*,*,#5689,.F.);
#7674 = ORIENTED_EDGE('',*,*,#5623,.F.);
#7675 = ORIENTED_EDGE('',*,*,#5551,.F.);
#7676 = CONICAL_SURFACE('',#7677,35.25,0.13962634016);
#7677 = AXIS2_PLACEMENT_3D('',#7678,#7679,#7680);
#7678 = CARTESIAN_POINT('',(0.,0.,10.));
#7679 = DIRECTION('',(-0.,-0.,-1.));
#7680 = DIRECTION('',(1.,0.,0.));
#7681 = ADVANCED_FACE('',(#7682),#7694,.F.);
#7682 = FACE_BOUND('',#7683,.F.);
#7683 = EDGE_LOOP('',(#7684,#7685,#7692,#7693));
#7684 = ORIENTED_EDGE('',*,*,#5829,.T.);
#7685 = ORIENTED_EDGE('',*,*,#7686,.T.);
#7686 = EDGE_CURVE('',#5821,#5715,#7687,.T.);
#7687 = CIRCLE('',#7688,35.25);
#7688 = AXIS2_PLACEMENT_3D('',#7689,#7690,#7691);
#7689 = CARTESIAN_POINT('',(0.,0.,10.));
#7690 = DIRECTION('',(0.,0.,1.));
#7691 = DIRECTION('',(1.,0.,0.));
#7692 = ORIENTED_EDGE('',*,*,#5714,.T.);
#7693 = ORIENTED_EDGE('',*,*,#7423,.T.);
#7694 = PLANE('',#7695);
#7695 = AXIS2_PLACEMENT_3D('',#7696,#7697,#7698);
#7696 = CARTESIAN_POINT('',(0.,0.,10.));
#7697 = DIRECTION('',(0.,0.,1.));
#7698 = DIRECTION('',(1.,0.,0.));
#7699 = ADVANCED_FACE('',(#7700),#7706,.T.);
#7700 = FACE_BOUND('',#7701,.T.);
#7701 = EDGE_LOOP('',(#7702,#7703,#7704,#7705));
#7702 = ORIENTED_EDGE('',*,*,#5794,.F.);
#7703 = ORIENTED_EDGE('',*,*,#5820,.F.);
#7704 = ORIENTED_EDGE('',*,*,#7686,.T.);
#7705 = ORIENTED_EDGE('',*,*,#5724,.F.);
#7706 = CONICAL_SURFACE('',#7707,35.25,0.13962634016);
#7707 = AXIS2_PLACEMENT_3D('',#7708,#7709,#7710);
#7708 = CARTESIAN_POINT('',(0.,0.,10.));
#7709 = DIRECTION('',(-0.,-0.,-1.));
#7710 = DIRECTION('',(1.,0.,0.));
#7711 = ADVANCED_FACE('',(#7712),#7724,.F.);
#7712 = FACE_BOUND('',#7713,.F.);
#7713 = EDGE_LOOP('',(#7714,#7715,#7722,#7723));
#7714 = ORIENTED_EDGE('',*,*,#6040,.T.);
#7715 = ORIENTED_EDGE('',*,*,#7716,.T.);
#7716 = EDGE_CURVE('',#6032,#5869,#7717,.T.);
#7717 = CIRCLE('',#7718,35.25);
#7718 = AXIS2_PLACEMENT_3D('',#7719,#7720,#7721);
#7719 = CARTESIAN_POINT('',(0.,0.,10.));
#7720 = DIRECTION('',(0.,0.,1.));
#7721 = DIRECTION('',(1.,0.,0.));
#7722 = ORIENTED_EDGE('',*,*,#5868,.T.);
#7723 = ORIENTED_EDGE('',*,*,#7441,.T.);
#7724 = PLANE('',#7725);
#7725 = AXIS2_PLACEMENT_3D('',#7726,#7727,#7728);
#7726 = CARTESIAN_POINT('',(0.,0.,10.));
#7727 = DIRECTION('',(0.,0.,1.));
#7728 = DIRECTION('',(1.,0.,0.));
#7729 = ADVANCED_FACE('',(#7730),#7736,.T.);
#7730 = FACE_BOUND('',#7731,.T.);
#7731 = EDGE_LOOP('',(#7732,#7733,#7734,#7735));
#7732 = ORIENTED_EDGE('',*,*,#5948,.F.);
#7733 = ORIENTED_EDGE('',*,*,#6031,.F.);
#7734 = ORIENTED_EDGE('',*,*,#7716,.T.);
#7735 = ORIENTED_EDGE('',*,*,#5878,.F.);
#7736 = CONICAL_SURFACE('',#7737,35.25,0.13962634016);
#7737 = AXIS2_PLACEMENT_3D('',#7738,#7739,#7740);
#7738 = CARTESIAN_POINT('',(0.,0.,10.));
#7739 = DIRECTION('',(-0.,-0.,-1.));
#7740 = DIRECTION('',(1.,0.,0.));
#7741 = ADVANCED_FACE('',(#7742),#7754,.F.);
#7742 = FACE_BOUND('',#7743,.F.);
#7743 = EDGE_LOOP('',(#7744,#7745,#7752,#7753));
#7744 = ORIENTED_EDGE('',*,*,#6000,.T.);
#7745 = ORIENTED_EDGE('',*,*,#7746,.T.);
#7746 = EDGE_CURVE('',#5992,#6120,#7747,.T.);
#7747 = CIRCLE('',#7748,35.25);
#7748 = AXIS2_PLACEMENT_3D('',#7749,#7750,#7751);
#7749 = CARTESIAN_POINT('',(0.,0.,10.));
#7750 = DIRECTION('',(0.,0.,1.));
#7751 = DIRECTION('',(1.,0.,0.));
#7752 = ORIENTED_EDGE('',*,*,#6119,.T.);
#7753 = ORIENTED_EDGE('',*,*,#7225,.T.);
#7754 = PLANE('',#7755);
#7755 = AXIS2_PLACEMENT_3D('',#7756,#7757,#7758);
#7756 = CARTESIAN_POINT('',(0.,0.,10.));
#7757 = DIRECTION('',(0.,0.,1.));
#7758 = DIRECTION('',(1.,0.,0.));
#7759 = ADVANCED_FACE('',(#7760),#7766,.T.);
#7760 = FACE_BOUND('',#7761,.T.);
#7761 = EDGE_LOOP('',(#7762,#7763,#7764,#7765));
#7762 = ORIENTED_EDGE('',*,*,#6063,.F.);
#7763 = ORIENTED_EDGE('',*,*,#5991,.F.);
#7764 = ORIENTED_EDGE('',*,*,#7746,.T.);
#7765 = ORIENTED_EDGE('',*,*,#6129,.F.);
#7766 = CONICAL_SURFACE('',#7767,35.25,0.13962634016);
#7767 = AXIS2_PLACEMENT_3D('',#7768,#7769,#7770);
#7768 = CARTESIAN_POINT('',(0.,0.,10.));
#7769 = DIRECTION('',(-0.,-0.,-1.));
#7770 = DIRECTION('',(1.,0.,0.));
#7771 = ADVANCED_FACE('',(#7772),#7784,.F.);
#7772 = FACE_BOUND('',#7773,.F.);
#7773 = EDGE_LOOP('',(#7774,#7775,#7782,#7783));
#7774 = ORIENTED_EDGE('',*,*,#6348,.T.);
#7775 = ORIENTED_EDGE('',*,*,#7776,.T.);
#7776 = EDGE_CURVE('',#6340,#6160,#7777,.T.);
#7777 = CIRCLE('',#7778,35.25);
#7778 = AXIS2_PLACEMENT_3D('',#7779,#7780,#7781);
#7779 = CARTESIAN_POINT('',(0.,0.,10.));
#7780 = DIRECTION('',(0.,0.,1.));
#7781 = DIRECTION('',(1.,0.,0.));
#7782 = ORIENTED_EDGE('',*,*,#6159,.T.);
#7783 = ORIENTED_EDGE('',*,*,#7405,.T.);
#7784 = PLANE('',#7785);
#7785 = AXIS2_PLACEMENT_3D('',#7786,#7787,#7788);
#7786 = CARTESIAN_POINT('',(0.,0.,10.));
#7787 = DIRECTION('',(0.,0.,1.));
#7788 = DIRECTION('',(1.,0.,0.));
#7789 = ADVANCED_FACE('',(#7790),#7796,.T.);
#7790 = FACE_BOUND('',#7791,.T.);
#7791 = EDGE_LOOP('',(#7792,#7793,#7794,#7795));
#7792 = ORIENTED_EDGE('',*,*,#6256,.F.);
#7793 = ORIENTED_EDGE('',*,*,#6339,.F.);
#7794 = ORIENTED_EDGE('',*,*,#7776,.T.);
#7795 = ORIENTED_EDGE('',*,*,#6169,.F.);
#7796 = CONICAL_SURFACE('',#7797,35.25,0.13962634016);
#7797 = AXIS2_PLACEMENT_3D('',#7798,#7799,#7800);
#7798 = CARTESIAN_POINT('',(0.,0.,10.));
#7799 = DIRECTION('',(-0.,-0.,-1.));
#7800 = DIRECTION('',(1.,0.,0.));
#7801 = ADVANCED_FACE('',(#7802),#7814,.F.);
#7802 = FACE_BOUND('',#7803,.F.);
#7803 = EDGE_LOOP('',(#7804,#7805,#7812,#7813));
#7804 = ORIENTED_EDGE('',*,*,#6308,.T.);
#7805 = ORIENTED_EDGE('',*,*,#7806,.T.);
#7806 = EDGE_CURVE('',#6300,#6428,#7807,.T.);
#7807 = CIRCLE('',#7808,35.25);
#7808 = AXIS2_PLACEMENT_3D('',#7809,#7810,#7811);
#7809 = CARTESIAN_POINT('',(0.,0.,10.));
#7810 = DIRECTION('',(0.,0.,1.));
#7811 = DIRECTION('',(1.,0.,0.));
#7812 = ORIENTED_EDGE('',*,*,#6427,.T.);
#7813 = ORIENTED_EDGE('',*,*,#7261,.T.);
#7814 = PLANE('',#7815);
#7815 = AXIS2_PLACEMENT_3D('',#7816,#7817,#7818);
#7816 = CARTESIAN_POINT('',(0.,0.,10.));
#7817 = DIRECTION('',(0.,0.,1.));
#7818 = DIRECTION('',(1.,0.,0.));
#7819 = ADVANCED_FACE('',(#7820),#7826,.T.);
#7820 = FACE_BOUND('',#7821,.T.);
#7821 = EDGE_LOOP('',(#7822,#7823,#7824,#7825));
#7822 = ORIENTED_EDGE('',*,*,#6371,.F.);
#7823 = ORIENTED_EDGE('',*,*,#6299,.F.);
#7824 = ORIENTED_EDGE('',*,*,#7806,.T.);
#7825 = ORIENTED_EDGE('',*,*,#6437,.F.);
#7826 = CONICAL_SURFACE('',#7827,35.25,0.13962634016);
#7827 = AXIS2_PLACEMENT_3D('',#7828,#7829,#7830);
#7828 = CARTESIAN_POINT('',(0.,0.,10.));
#7829 = DIRECTION('',(-0.,-0.,-1.));
#7830 = DIRECTION('',(1.,0.,0.));
#7831 = ADVANCED_FACE('',(#7832),#7844,.F.);
#7832 = FACE_BOUND('',#7833,.F.);
#7833 = EDGE_LOOP('',(#7834,#7835,#7842,#7843));
#7834 = ORIENTED_EDGE('',*,*,#6656,.T.);
#7835 = ORIENTED_EDGE('',*,*,#7836,.T.);
#7836 = EDGE_CURVE('',#6648,#6468,#7837,.T.);
#7837 = CIRCLE('',#7838,35.25);
#7838 = AXIS2_PLACEMENT_3D('',#7839,#7840,#7841);
#7839 = CARTESIAN_POINT('',(0.,0.,10.));
#7840 = DIRECTION('',(0.,0.,1.));
#7841 = DIRECTION('',(1.,0.,0.));
#7842 = ORIENTED_EDGE('',*,*,#6467,.T.);
#7843 = ORIENTED_EDGE('',*,*,#7369,.T.);
#7844 = PLANE('',#7845);
#7845 = AXIS2_PLACEMENT_3D('',#7846,#7847,#7848);
#7846 = CARTESIAN_POINT('',(0.,0.,10.));
#7847 = DIRECTION('',(0.,0.,1.));
#7848 = DIRECTION('',(1.,0.,0.));
#7849 = ADVANCED_FACE('',(#7850),#7856,.T.);
#7850 = FACE_BOUND('',#7851,.T.);
#7851 = EDGE_LOOP('',(#7852,#7853,#7854,#7855));
#7852 = ORIENTED_EDGE('',*,*,#6564,.F.);
#7853 = ORIENTED_EDGE('',*,*,#6647,.F.);
#7854 = ORIENTED_EDGE('',*,*,#7836,.T.);
#7855 = ORIENTED_EDGE('',*,*,#6477,.F.);
#7856 = CONICAL_SURFACE('',#7857,35.25,0.13962634016);
#7857 = AXIS2_PLACEMENT_3D('',#7858,#7859,#7860);
#7858 = CARTESIAN_POINT('',(0.,0.,10.));
#7859 = DIRECTION('',(-0.,-0.,-1.));
#7860 = DIRECTION('',(1.,0.,0.));
#7861 = ADVANCED_FACE('',(#7862),#7874,.F.);
#7862 = FACE_BOUND('',#7863,.F.);
#7863 = EDGE_LOOP('',(#7864,#7865,#7872,#7873));
#7864 = ORIENTED_EDGE('',*,*,#6616,.T.);
#7865 = ORIENTED_EDGE('',*,*,#7866,.T.);
#7866 = EDGE_CURVE('',#6608,#6736,#7867,.T.);
#7867 = CIRCLE('',#7868,35.25);
#7868 = AXIS2_PLACEMENT_3D('',#7869,#7870,#7871);
#7869 = CARTESIAN_POINT('',(0.,0.,10.));
#7870 = DIRECTION('',(0.,0.,1.));
#7871 = DIRECTION('',(1.,0.,0.));
#7872 = ORIENTED_EDGE('',*,*,#6735,.T.);
#7873 = ORIENTED_EDGE('',*,*,#7297,.T.);
#7874 = PLANE('',#7875);
#7875 = AXIS2_PLACEMENT_3D('',#7876,#7877,#7878);
#7876 = CARTESIAN_POINT('',(0.,0.,10.));
#7877 = DIRECTION('',(0.,0.,1.));
#7878 = DIRECTION('',(1.,0.,0.));
#7879 = ADVANCED_FACE('',(#7880),#7886,.T.);
#7880 = FACE_BOUND('',#7881,.T.);
#7881 = EDGE_LOOP('',(#7882,#7883,#7884,#7885));
#7882 = ORIENTED_EDGE('',*,*,#6679,.F.);
#7883 = ORIENTED_EDGE('',*,*,#6607,.F.);
#7884 = ORIENTED_EDGE('',*,*,#7866,.T.);
#7885 = ORIENTED_EDGE('',*,*,#6745,.F.);
#7886 = CONICAL_SURFACE('',#7887,35.25,0.13962634016);
#7887 = AXIS2_PLACEMENT_3D('',#7888,#7889,#7890);
#7888 = CARTESIAN_POINT('',(0.,0.,10.));
#7889 = DIRECTION('',(-0.,-0.,-1.));
#7890 = DIRECTION('',(1.,0.,0.));
#7891 = ADVANCED_FACE('',(#7892),#7904,.F.);
#7892 = FACE_BOUND('',#7893,.F.);
#7893 = EDGE_LOOP('',(#7894,#7895,#7902,#7903));
#7894 = ORIENTED_EDGE('',*,*,#6902,.T.);
#7895 = ORIENTED_EDGE('',*,*,#7896,.T.);
#7896 = EDGE_CURVE('',#6894,#6776,#7897,.T.);
#7897 = CIRCLE('',#7898,35.25);
#7898 = AXIS2_PLACEMENT_3D('',#7899,#7900,#7901);
#7899 = CARTESIAN_POINT('',(0.,0.,10.));
#7900 = DIRECTION('',(0.,0.,1.));
#7901 = DIRECTION('',(1.,0.,0.));
#7902 = ORIENTED_EDGE('',*,*,#6775,.T.);
#7903 = ORIENTED_EDGE('',*,*,#7333,.T.);
#7904 = PLANE('',#7905);
#7905 = AXIS2_PLACEMENT_3D('',#7906,#7907,#7908);
#7906 = CARTESIAN_POINT('',(0.,0.,10.));
#7907 = DIRECTION('',(0.,0.,1.));
#7908 = DIRECTION('',(1.,0.,0.));
#7909 = ADVANCED_FACE('',(#7910),#7916,.T.);
#7910 = FACE_BOUND('',#7911,.T.);
#7911 = EDGE_LOOP('',(#7912,#7913,#7914,#7915));
#7912 = ORIENTED_EDGE('',*,*,#6872,.F.);
#7913 = ORIENTED_EDGE('',*,*,#6893,.F.);
#7914 = ORIENTED_EDGE('',*,*,#7896,.T.);
#7915 = ORIENTED_EDGE('',*,*,#6785,.F.);
#7916 = CONICAL_SURFACE('',#7917,35.25,0.13962634016);
#7917 = AXIS2_PLACEMENT_3D('',#7918,#7919,#7920);
#7918 = CARTESIAN_POINT('',(0.,0.,10.));
#7919 = DIRECTION('',(-0.,-0.,-1.));
#7920 = DIRECTION('',(1.,0.,0.));
#7921 = ADVANCED_FACE('',(#7922),#8026,.F.);
#7922 = FACE_BOUND('',#7923,.F.);
#7923 = EDGE_LOOP('',(#7924,#7925,#7933,#7942,#7950,#7969,#7978,#8010,
    #8018,#8025));
#7924 = ORIENTED_EDGE('',*,*,#6935,.F.);
#7925 = ORIENTED_EDGE('',*,*,#7926,.T.);
#7926 = EDGE_CURVE('',#6925,#7927,#7929,.T.);
#7927 = VERTEX_POINT('',#7928);
#7928 = CARTESIAN_POINT('',(22.,0.,6.));
#7929 = LINE('',#7930,#7931);
#7930 = CARTESIAN_POINT('',(22.,0.,13.));
#7931 = VECTOR('',#7932,1.);
#7932 = DIRECTION('',(-0.,-0.,-1.));
#7933 = ORIENTED_EDGE('',*,*,#7934,.T.);
#7934 = EDGE_CURVE('',#7927,#7935,#7937,.T.);
#7935 = VERTEX_POINT('',#7936);
#7936 = CARTESIAN_POINT('',(-2.5,21.857492994394,6.));
#7937 = CIRCLE('',#7938,22.);
#7938 = AXIS2_PLACEMENT_3D('',#7939,#7940,#7941);
#7939 = CARTESIAN_POINT('',(0.,0.,6.));
#7940 = DIRECTION('',(0.,0.,1.));
#7941 = DIRECTION('',(1.,0.,0.));
#7942 = ORIENTED_EDGE('',*,*,#7943,.T.);
#7943 = EDGE_CURVE('',#7935,#7944,#7946,.T.);
#7944 = VERTEX_POINT('',#7945);
#7945 = CARTESIAN_POINT('',(-2.5,21.857492994394,7.5));
#7946 = LINE('',#7947,#7948);
#7947 = CARTESIAN_POINT('',(-2.5,21.857492994394,13.));
#7948 = VECTOR('',#7949,1.);
#7949 = DIRECTION('',(0.,0.,1.));
#7950 = ORIENTED_EDGE('',*,*,#7951,.T.);
#7951 = EDGE_CURVE('',#7944,#7952,#7954,.T.);
#7952 = VERTEX_POINT('',#7953);
#7953 = CARTESIAN_POINT('',(-4.5,21.534855467358,9.5));
#7954 = B_SPLINE_CURVE_WITH_KNOTS('',7,(#7955,#7956,#7957,#7958,#7959,
    #7960,#7961,#7962,#7963,#7964,#7965,#7966,#7967,#7968),
  .UNSPECIFIED.,.F.,.F.,(8,6,8),(0.,0.622608898371,1.),.UNSPECIFIED.);
#7955 = CARTESIAN_POINT('',(-2.5,21.857492994394,7.5));
#7956 = CARTESIAN_POINT('',(-2.5,21.857492994394,7.746569296686));
#7957 = CARTESIAN_POINT('',(-2.535464939595,21.853436374234,
    7.993165133296));
#7958 = CARTESIAN_POINT('',(-2.606405506368,21.845323583777,
    8.236548240153));
#7959 = CARTESIAN_POINT('',(-2.714015132169,21.832645295893,
    8.473091654654));
#7960 = CARTESIAN_POINT('',(-2.860047318244,21.814477473404,
    8.697755297896));
#7961 = CARTESIAN_POINT('',(-3.046467141907,21.789264980098,
    8.903673255484));
#7962 = CARTESIAN_POINT('',(-3.412216413051,21.734218714573,
    9.187377471292));
#7963 = CARTESIAN_POINT('',(-3.566743518187,21.709917058791,9.2847127032
    ));
#7964 = CARTESIAN_POINT('',(-3.736111735202,21.681883304751,
    9.367748314082));
#7965 = CARTESIAN_POINT('',(-3.917680451845,21.650050252045,
    9.432873790445));
#7966 = CARTESIAN_POINT('',(-4.108081865948,21.614569051168,
    9.477478245841));
#7967 = CARTESIAN_POINT('',(-4.303508965636,21.575914932836,9.5));
#7968 = CARTESIAN_POINT('',(-4.5,21.534855467358,9.5));
#7969 = ORIENTED_EDGE('',*,*,#7970,.T.);
#7970 = EDGE_CURVE('',#7952,#7971,#7973,.T.);
#7971 = VERTEX_POINT('',#7972);
#7972 = CARTESIAN_POINT('',(-14.5,16.545392107774,9.5));
#7973 = CIRCLE('',#7974,22.);
#7974 = AXIS2_PLACEMENT_3D('',#7975,#7976,#7977);
#7975 = CARTESIAN_POINT('',(0.,0.,9.5));
#7976 = DIRECTION('',(0.,0.,1.));
#7977 = DIRECTION('',(1.,0.,0.));
#7978 = ORIENTED_EDGE('',*,*,#7979,.T.);
#7979 = EDGE_CURVE('',#7971,#7980,#7982,.T.);
#7980 = VERTEX_POINT('',#7981);
#7981 = CARTESIAN_POINT('',(-16.5,14.551632210855,7.5));
#7982 = B_SPLINE_CURVE_WITH_KNOTS('',6,(#7983,#7984,#7985,#7986,#7987,
    #7988,#7989,#7990,#7991,#7992,#7993,#7994,#7995,#7996,#7997,#7998,
    #7999,#8000,#8001,#8002,#8003,#8004,#8005,#8006,#8007,#8008,#8009),
  .UNSPECIFIED.,.F.,.F.,(7,5,5,5,5,7),(0.,0.275151158912,0.502634830696,
    0.589458841126,0.713482454209,1.),.UNSPECIFIED.);
#7983 = CARTESIAN_POINT('',(-14.5,16.545392107774,9.5));
#7984 = CARTESIAN_POINT('',(-14.64181217586,16.421111187952,9.5));
#7985 = CARTESIAN_POINT('',(-14.78187709584,16.295782513596,
    9.487933629253));
#7986 = CARTESIAN_POINT('',(-14.91933119375,16.170195745944,
    9.464358058761));
#7987 = CARTESIAN_POINT('',(-15.0534175627,16.045149238998,
    9.429764583962));
#7988 = CARTESIAN_POINT('',(-15.18343502316,15.921485997535,
    9.384587723765));
#7989 = CARTESIAN_POINT('',(-15.41224053666,15.699797181389,
    9.283433864413));
#7990 = CARTESIAN_POINT('',(-15.51257987177,15.600999797901,
    9.230664697786));
#7991 = CARTESIAN_POINT('',(-15.60938157114,15.504189755666,
    9.171081587289));
#7992 = CARTESIAN_POINT('',(-15.7022974331,15.409876762635,
    9.104809038044));
#7993 = CARTESIAN_POINT('',(-15.79093017801,15.318655376209,
    9.031939171907));
#7994 = CARTESIAN_POINT('',(-15.90682307351,15.19786557246,
    8.922248880524));
#7995 = CARTESIAN_POINT('',(-15.93814441584,15.165052324934,
    8.890998747271));
#7996 = CARTESIAN_POINT('',(-15.96874651965,15.132832247385,
    8.858803539902));
#7997 = CARTESIAN_POINT('',(-15.99860061675,15.101248098242,
    8.825668547275));
#7998 = CARTESIAN_POINT('',(-16.02767562489,15.07034582017,
    8.791600014109));
#7999 = CARTESIAN_POINT('',(-16.09630970146,14.997076425238,
    8.706616772766));
#8000 = CARTESIAN_POINT('',(-16.1350320591,14.955460388716,
    8.654727547336));
#8001 = CARTESIAN_POINT('',(-16.17199592756,14.915482893732,
    8.600971458051));
#8002 = CARTESIAN_POINT('',(-16.20708861822,14.877306320912,
    8.545387125644));
#8003 = CARTESIAN_POINT('',(-16.24019404695,14.841098968276,
    8.488017798224));
#8004 = CARTESIAN_POINT('',(-16.34280545008,14.728341085881,
    8.29236449783));
#8005 = CARTESIAN_POINT('',(-16.40365972283,14.660552300054,
    8.145619408758));
#8006 = CARTESIAN_POINT('',(-16.45115693677,14.607016360153,
    7.990620391467));
#8007 = CARTESIAN_POINT('',(-16.48360551077,14.570221460949,
    7.82968376631));
#8008 = CARTESIAN_POINT('',(-16.5,14.551632210855,7.665301043143));
#8009 = CARTESIAN_POINT('',(-16.5,14.551632210855,7.5));
#8010 = ORIENTED_EDGE('',*,*,#8011,.F.);
#8011 = EDGE_CURVE('',#8012,#7980,#8014,.T.);
#8012 = VERTEX_POINT('',#8013);
#8013 = CARTESIAN_POINT('',(-16.5,14.551632210855,6.));
#8014 = LINE('',#8015,#8016);
#8015 = CARTESIAN_POINT('',(-16.5,14.551632210855,13.));
#8016 = VECTOR('',#8017,1.);
#8017 = DIRECTION('',(0.,0.,1.));
#8018 = ORIENTED_EDGE('',*,*,#8019,.T.);
#8019 = EDGE_CURVE('',#8012,#7927,#8020,.T.);
#8020 = CIRCLE('',#8021,22.);
#8021 = AXIS2_PLACEMENT_3D('',#8022,#8023,#8024);
#8022 = CARTESIAN_POINT('',(0.,0.,6.));
#8023 = DIRECTION('',(0.,0.,1.));
#8024 = DIRECTION('',(1.,0.,0.));
#8025 = ORIENTED_EDGE('',*,*,#7926,.F.);
#8026 = CYLINDRICAL_SURFACE('',#8027,22.);
#8027 = AXIS2_PLACEMENT_3D('',#8028,#8029,#8030);
#8028 = CARTESIAN_POINT('',(0.,0.,13.));
#8029 = DIRECTION('',(0.,0.,1.));
#8030 = DIRECTION('',(1.,0.,0.));
#8031 = ADVANCED_FACE('',(#8032),#8050,.F.);
#8032 = FACE_BOUND('',#8033,.F.);
#8033 = EDGE_LOOP('',(#8034,#8035,#8036,#8037,#8038,#8039,#8046,#8047,
    #8048,#8049));
#8034 = ORIENTED_EDGE('',*,*,#7457,.F.);
#8035 = ORIENTED_EDGE('',*,*,#7064,.F.);
#8036 = ORIENTED_EDGE('',*,*,#7040,.F.);
#8037 = ORIENTED_EDGE('',*,*,#7015,.F.);
#8038 = ORIENTED_EDGE('',*,*,#6991,.F.);
#8039 = ORIENTED_EDGE('',*,*,#8040,.F.);
#8040 = EDGE_CURVE('',#6960,#6984,#8041,.T.);
#8041 = CIRCLE('',#8042,25.);
#8042 = AXIS2_PLACEMENT_3D('',#8043,#8044,#8045);
#8043 = CARTESIAN_POINT('',(0.,0.,10.));
#8044 = DIRECTION('',(0.,0.,1.));
#8045 = DIRECTION('',(1.,0.,0.));
#8046 = ORIENTED_EDGE('',*,*,#6959,.F.);
#8047 = ORIENTED_EDGE('',*,*,#7171,.F.);
#8048 = ORIENTED_EDGE('',*,*,#7147,.F.);
#8049 = ORIENTED_EDGE('',*,*,#7122,.F.);
#8050 = PLANE('',#8051);
#8051 = AXIS2_PLACEMENT_3D('',#8052,#8053,#8054);
#8052 = CARTESIAN_POINT('',(0.,0.,10.));
#8053 = DIRECTION('',(0.,0.,1.));
#8054 = DIRECTION('',(1.,0.,0.));
#8055 = ADVANCED_FACE('',(#8056,#8068),#8211,.T.);
#8056 = FACE_BOUND('',#8057,.F.);
#8057 = EDGE_LOOP('',(#8058,#8065,#8066,#8067));
#8058 = ORIENTED_EDGE('',*,*,#8059,.F.);
#8059 = EDGE_CURVE('',#6968,#6976,#8060,.T.);
#8060 = CIRCLE('',#8061,25.);
#8061 = AXIS2_PLACEMENT_3D('',#8062,#8063,#8064);
#8062 = CARTESIAN_POINT('',(0.,0.,0.));
#8063 = DIRECTION('',(0.,0.,1.));
#8064 = DIRECTION('',(1.,0.,0.));
#8065 = ORIENTED_EDGE('',*,*,#6967,.F.);
#8066 = ORIENTED_EDGE('',*,*,#8040,.T.);
#8067 = ORIENTED_EDGE('',*,*,#6983,.T.);
#8068 = FACE_BOUND('',#8069,.F.);
#8069 = EDGE_LOOP('',(#8070,#8109,#8118,#8137,#8145,#8164,#8173,#8205));
#8070 = ORIENTED_EDGE('',*,*,#8071,.F.);
#8071 = EDGE_CURVE('',#8072,#8074,#8076,.T.);
#8072 = VERTEX_POINT('',#8073);
#8073 = CARTESIAN_POINT('',(-14.5,20.365411854416,9.5));
#8074 = VERTEX_POINT('',#8075);
#8075 = CARTESIAN_POINT('',(-16.5,18.781639970993,7.5));
#8076 = B_SPLINE_CURVE_WITH_KNOTS('',6,(#8077,#8078,#8079,#8080,#8081,
    #8082,#8083,#8084,#8085,#8086,#8087,#8088,#8089,#8090,#8091,#8092,
    #8093,#8094,#8095,#8096,#8097,#8098,#8099,#8100,#8101,#8102,#8103,
    #8104,#8105,#8106,#8107,#8108),.UNSPECIFIED.,.F.,.F.,(7,5,5,5,5,5,7)
  ,(0.,0.11614380996,0.348234171491,0.516127408314,0.58700776896,
    0.697493827682,1.),.UNSPECIFIED.);
#8077 = CARTESIAN_POINT('',(-14.5,20.365411854416,9.5));
#8078 = CARTESIAN_POINT('',(-14.56205158134,20.321231656344,9.5));
#8079 = CARTESIAN_POINT('',(-14.62388207973,20.276866944742,
    9.497689758292));
#8080 = CARTESIAN_POINT('',(-14.68539194599,20.232389920082,
    9.493100154541));
#8081 = CARTESIAN_POINT('',(-14.74648447315,20.187874266922,
    9.486266539835));
#8082 = CARTESIAN_POINT('',(-14.80706579645,20.143395153907,
    9.477228736678));
#8083 = CARTESIAN_POINT('',(-14.98690121869,20.010372744476,
    9.44365466177));
#8084 = CARTESIAN_POINT('',(-15.10432516514,19.922188559665,
    9.412658615051));
#8085 = CARTESIAN_POINT('',(-15.21871957548,19.834992752398,
    9.373379792287));
#8086 = CARTESIAN_POINT('',(-15.32952603939,19.749317993817,
    9.326165086131));
#8087 = CARTESIAN_POINT('',(-15.43621776804,19.665710229027,
    9.271372267314));
#8088 = CARTESIAN_POINT('',(-15.61213289812,19.526141218403,
    9.164519296658));
#8089 = CARTESIAN_POINT('',(-15.68357501342,19.468915514551,
    9.115884645405));
#8090 = CARTESIAN_POINT('',(-15.75243399928,19.413253799355,
    9.063598577039));
#8091 = CARTESIAN_POINT('',(-15.81852860054,19.359366533727,
    9.007794396069));
#8092 = CARTESIAN_POINT('',(-15.88167941623,19.307468282661,
    8.948607315002));
#8093 = CARTESIAN_POINT('',(-15.96704943217,19.236798453888,
    8.859817234029));
#8094 = CARTESIAN_POINT('',(-15.99183400505,19.216214181629,
    8.832882398688));
#8095 = CARTESIAN_POINT('',(-16.01604684377,19.19604100003,
    8.805381232141));
#8096 = CARTESIAN_POINT('',(-16.0396737011,19.176296038939,
    8.777325342962));
#8097 = CARTESIAN_POINT('',(-16.06270015086,19.156996657588,
    8.748726935228));
#8098 = CARTESIAN_POINT('',(-16.12004582547,19.108799153035,
    8.674194808183));
#8099 = CARTESIAN_POINT('',(-16.15348890022,19.080560456814,
    8.627499581557));
#8100 = CARTESIAN_POINT('',(-16.18538125513,19.053514743834,
    8.579566744672));
#8101 = CARTESIAN_POINT('',(-16.21566562006,19.027730294469,
    8.530452088127));
#8102 = CARTESIAN_POINT('',(-16.2442870118,19.003273281561,
    8.480213577086));
#8103 = CARTESIAN_POINT('',(-16.34485946793,18.917055373034,
    8.288448019155));
#8104 = CARTESIAN_POINT('',(-16.40582717499,18.864194332409,
    8.13969966134));
#8105 = CARTESIAN_POINT('',(-16.45258990901,18.823290874569,
    7.984435048903));
#8106 = CARTESIAN_POINT('',(-16.48416333071,18.795552680323,
    7.824652957765));
#8107 = CARTESIAN_POINT('',(-16.5,18.781639970993,7.662464420009));
#8108 = CARTESIAN_POINT('',(-16.5,18.781639970993,7.5));
#8109 = ORIENTED_EDGE('',*,*,#8110,.T.);
#8110 = EDGE_CURVE('',#8072,#8111,#8113,.T.);
#8111 = VERTEX_POINT('',#8112);
#8112 = CARTESIAN_POINT('',(-4.5,24.591665254716,9.5));
#8113 = CIRCLE('',#8114,25.);
#8114 = AXIS2_PLACEMENT_3D('',#8115,#8116,#8117);
#8115 = CARTESIAN_POINT('',(0.,0.,9.5));
#8116 = DIRECTION('',(0.,0.,-1.));
#8117 = DIRECTION('',(1.,0.,0.));
#8118 = ORIENTED_EDGE('',*,*,#8119,.F.);
#8119 = EDGE_CURVE('',#8120,#8111,#8122,.T.);
#8120 = VERTEX_POINT('',#8121);
#8121 = CARTESIAN_POINT('',(-2.5,24.874685927665,7.5));
#8122 = B_SPLINE_CURVE_WITH_KNOTS('',7,(#8123,#8124,#8125,#8126,#8127,
    #8128,#8129,#8130,#8131,#8132,#8133,#8134,#8135,#8136),
  .UNSPECIFIED.,.F.,.F.,(8,6,8),(0.,0.485512410596,1.),.UNSPECIFIED.);
#8123 = CARTESIAN_POINT('',(-2.5,24.874685927665,7.5));
#8124 = CARTESIAN_POINT('',(-2.5,24.874685927665,7.69111563336));
#8125 = CARTESIAN_POINT('',(-2.521306060793,24.872544577975,
    7.882187458929));
#8126 = CARTESIAN_POINT('',(-2.56390274665,24.868263502084,8.07170198916
    ));
#8127 = CARTESIAN_POINT('',(-2.628182509928,24.861686875748,
    8.258032015762));
#8128 = CARTESIAN_POINT('',(-2.714849726659,24.852512668949,
    8.439210216487));
#8129 = CARTESIAN_POINT('',(-2.824807015065,24.840264123559,
    8.612668541361));
#8130 = CARTESIAN_POINT('',(-3.101147014735,24.807325282772,
    8.946706219074));
#8131 = CARTESIAN_POINT('',(-3.274313450045,24.785720912144,
    9.110502478333));
#8132 = CARTESIAN_POINT('',(-3.478056202183,24.758749727488,
    9.25577275955));
#8133 = CARTESIAN_POINT('',(-3.708949720717,24.725825068724,
    9.373591722146));
#8134 = CARTESIAN_POINT('',(-3.961281406284,24.686610983545,
    9.456768534548));
#8135 = CARTESIAN_POINT('',(-4.227766067815,24.641481022869,9.5));
#8136 = CARTESIAN_POINT('',(-4.5,24.591665254716,9.5));
#8137 = ORIENTED_EDGE('',*,*,#8138,.T.);
#8138 = EDGE_CURVE('',#8120,#8139,#8141,.T.);
#8139 = VERTEX_POINT('',#8140);
#8140 = CARTESIAN_POINT('',(-2.5,24.874685927665,3.5));
#8141 = LINE('',#8142,#8143);
#8142 = CARTESIAN_POINT('',(-2.5,24.874685927665,0.));
#8143 = VECTOR('',#8144,1.);
#8144 = DIRECTION('',(-0.,-0.,-1.));
#8145 = ORIENTED_EDGE('',*,*,#8146,.F.);
#8146 = EDGE_CURVE('',#8147,#8139,#8149,.T.);
#8147 = VERTEX_POINT('',#8148);
#8148 = CARTESIAN_POINT('',(-4.5,24.591665254716,1.5));
#8149 = B_SPLINE_CURVE_WITH_KNOTS('',7,(#8150,#8151,#8152,#8153,#8154,
    #8155,#8156,#8157,#8158,#8159,#8160,#8161,#8162,#8163),
  .UNSPECIFIED.,.F.,.F.,(8,6,8),(0.,0.454363148558,1.),.UNSPECIFIED.);
#8150 = CARTESIAN_POINT('',(-4.5,24.591665254716,1.5));
#8151 = CARTESIAN_POINT('',(-4.260740227224,24.635447120089,1.5));
#8152 = CARTESIAN_POINT('',(-4.024838702424,24.675807667857,
    1.533393020741));
#8153 = CARTESIAN_POINT('',(-3.798544479809,24.71176662763,
    1.598491788628));
#8154 = CARTESIAN_POINT('',(-3.587564663368,24.742872697993,
    1.691925112517));
#8155 = CARTESIAN_POINT('',(-3.396622743041,24.769186145523,
    1.808764139327));
#8156 = CARTESIAN_POINT('',(-3.228945972731,24.791020947736,
    1.942626902523));
#8157 = CARTESIAN_POINT('',(-2.913868626432,24.830211086887,
    2.257704248822));
#8158 = CARTESIAN_POINT('',(-2.773246365227,24.846290598063,
    2.447089590826));
#8159 = CARTESIAN_POINT('',(-2.662763834705,24.858140245316,
    2.648049034051));
#8160 = CARTESIAN_POINT('',(-2.581068078264,24.866538440979,
    2.85652207517));
#8161 = CARTESIAN_POINT('',(-2.527032237175,24.871969047188,
    3.069530331394));
#8162 = CARTESIAN_POINT('',(-2.5,24.874685927665,3.284727380038));
#8163 = CARTESIAN_POINT('',(-2.5,24.874685927665,3.5));
#8164 = ORIENTED_EDGE('',*,*,#8165,.F.);
#8165 = EDGE_CURVE('',#8166,#8147,#8168,.T.);
#8166 = VERTEX_POINT('',#8167);
#8167 = CARTESIAN_POINT('',(-14.5,20.365411854416,1.5));
#8168 = CIRCLE('',#8169,25.);
#8169 = AXIS2_PLACEMENT_3D('',#8170,#8171,#8172);
#8170 = CARTESIAN_POINT('',(0.,0.,1.5));
#8171 = DIRECTION('',(0.,0.,-1.));
#8172 = DIRECTION('',(1.,0.,0.));
#8173 = ORIENTED_EDGE('',*,*,#8174,.F.);
#8174 = EDGE_CURVE('',#8175,#8166,#8177,.T.);
#8175 = VERTEX_POINT('',#8176);
#8176 = CARTESIAN_POINT('',(-16.5,18.781639970993,3.5));
#8177 = B_SPLINE_CURVE_WITH_KNOTS('',6,(#8178,#8179,#8180,#8181,#8182,
    #8183,#8184,#8185,#8186,#8187,#8188,#8189,#8190,#8191,#8192,#8193,
    #8194,#8195,#8196,#8197,#8198,#8199,#8200,#8201,#8202,#8203,#8204),
  .UNSPECIFIED.,.F.,.F.,(7,5,5,5,5,7),(0.,0.299980911357,0.410424475306,
    0.651730222547,0.883844307734,1.),.UNSPECIFIED.);
#8178 = CARTESIAN_POINT('',(-16.5,18.781639970993,3.5));
#8179 = CARTESIAN_POINT('',(-16.5,18.781639970993,3.3388787129));
#8180 = CARTESIAN_POINT('',(-16.48442409363,18.795323600302,
    3.178022948074));
#8181 = CARTESIAN_POINT('',(-16.45336766188,18.822607587152,
    3.019514590026));
#8182 = CARTESIAN_POINT('',(-16.40736131148,18.862852401245,
    2.865416778493));
#8183 = CARTESIAN_POINT('',(-16.34736052856,18.914886580538,
    2.717684441254));
#8184 = CARTESIAN_POINT('',(-16.24812228462,18.999993680544,
    2.526642689246));
#8185 = CARTESIAN_POINT('',(-16.2196978539,19.024292433588,2.47629130231
    ));
#8186 = CARTESIAN_POINT('',(-16.18960618829,19.049924051201,
    2.427057626243));
#8187 = CARTESIAN_POINT('',(-16.15790221152,19.07682244886,
    2.379000002068));
#8188 = CARTESIAN_POINT('',(-16.1246431848,19.104919370099,2.33217457571
    ));
#8189 = CARTESIAN_POINT('',(-16.01395440158,19.197997490928,
    2.187137517911));
#8190 = CARTESIAN_POINT('',(-15.93090115764,19.267219691291,
    2.093804704421));
#8191 = CARTESIAN_POINT('',(-15.84126746279,19.341149917287,
    2.007073647359));
#8192 = CARTESIAN_POINT('',(-15.745588863,19.419134610275,1.927365182645
    ));
#8193 = CARTESIAN_POINT('',(-15.64440930335,19.500533495279,
    1.855085780969));
#8194 = CARTESIAN_POINT('',(-15.43621776804,19.665710229027,
    1.728627732685));
#8195 = CARTESIAN_POINT('',(-15.32952603939,19.749317993817,
    1.673834913869));
#8196 = CARTESIAN_POINT('',(-15.21871957548,19.834992752398,
    1.626620207713));
#8197 = CARTESIAN_POINT('',(-15.10432516514,19.922188559665,
    1.587341384949));
#8198 = CARTESIAN_POINT('',(-14.98690121869,20.010372744476,
    1.556345338229));
#8199 = CARTESIAN_POINT('',(-14.80706579108,20.143395157878,
    1.52277126232));
#8200 = CARTESIAN_POINT('',(-14.74648447548,20.187874265072,
    1.513733461447));
#8201 = CARTESIAN_POINT('',(-14.68539196453,20.232389906461,
    1.506899848284));
#8202 = CARTESIAN_POINT('',(-14.62388211359,20.276866920323,
    1.502310243793));
#8203 = CARTESIAN_POINT('',(-14.56205161539,20.321231632103,1.5));
#8204 = CARTESIAN_POINT('',(-14.5,20.365411854416,1.5));
#8205 = ORIENTED_EDGE('',*,*,#8206,.F.);
#8206 = EDGE_CURVE('',#8074,#8175,#8207,.T.);
#8207 = LINE('',#8208,#8209);
#8208 = CARTESIAN_POINT('',(-16.5,18.781639970993,0.));
#8209 = VECTOR('',#8210,1.);
#8210 = DIRECTION('',(-0.,-0.,-1.));
#8211 = CYLINDRICAL_SURFACE('',#8212,25.);
#8212 = AXIS2_PLACEMENT_3D('',#8213,#8214,#8215);
#8213 = CARTESIAN_POINT('',(0.,0.,0.));
#8214 = DIRECTION('',(-0.,-0.,-1.));
#8215 = DIRECTION('',(1.,0.,0.));
#8216 = ADVANCED_FACE('',(#8217),#8221,.F.);
#8217 = FACE_BOUND('',#8218,.F.);
#8218 = EDGE_LOOP('',(#8219,#8220));
#8219 = ORIENTED_EDGE('',*,*,#6975,.F.);
#8220 = ORIENTED_EDGE('',*,*,#8059,.T.);
#8221 = PLANE('',#8222);
#8222 = AXIS2_PLACEMENT_3D('',#8223,#8224,#8225);
#8223 = CARTESIAN_POINT('',(-1.75E-15,-1.02E-15,0.));
#8224 = DIRECTION('',(0.,0.,1.));
#8225 = DIRECTION('',(1.,0.,0.));
#8226 = ADVANCED_FACE('',(#8227),#8253,.T.);
#8227 = FACE_BOUND('',#8228,.T.);
#8228 = EDGE_LOOP('',(#8229,#8230,#8231,#8239,#8247));
#8229 = ORIENTED_EDGE('',*,*,#8019,.T.);
#8230 = ORIENTED_EDGE('',*,*,#7934,.T.);
#8231 = ORIENTED_EDGE('',*,*,#8232,.T.);
#8232 = EDGE_CURVE('',#7935,#8233,#8235,.T.);
#8233 = VERTEX_POINT('',#8234);
#8234 = CARTESIAN_POINT('',(-2.5,-5.,6.));
#8235 = LINE('',#8236,#8237);
#8236 = CARTESIAN_POINT('',(-2.5,12.5,6.));
#8237 = VECTOR('',#8238,1.);
#8238 = DIRECTION('',(0.,-1.,0.));
#8239 = ORIENTED_EDGE('',*,*,#8240,.T.);
#8240 = EDGE_CURVE('',#8233,#8241,#8243,.T.);
#8241 = VERTEX_POINT('',#8242);
#8242 = CARTESIAN_POINT('',(-16.5,-5.,6.));
#8243 = LINE('',#8244,#8245);
#8244 = CARTESIAN_POINT('',(-4.75,-5.,6.));
#8245 = VECTOR('',#8246,1.);
#8246 = DIRECTION('',(-1.,0.,0.));
#8247 = ORIENTED_EDGE('',*,*,#8248,.T.);
#8248 = EDGE_CURVE('',#8241,#8012,#8249,.T.);
#8249 = LINE('',#8250,#8251);
#8250 = CARTESIAN_POINT('',(-16.5,12.5,6.));
#8251 = VECTOR('',#8252,1.);
#8252 = DIRECTION('',(0.,1.,0.));
#8253 = PLANE('',#8254);
#8254 = AXIS2_PLACEMENT_3D('',#8255,#8256,#8257);
#8255 = CARTESIAN_POINT('',(-1.49E-15,-9.E-16,6.));
#8256 = DIRECTION('',(0.,0.,1.));
#8257 = DIRECTION('',(1.,0.,0.));
#8258 = ADVANCED_FACE('',(#8259),#8284,.T.);
#8259 = FACE_BOUND('',#8260,.T.);
#8260 = EDGE_LOOP('',(#8261,#8262,#8268,#8269,#8270,#8278));
#8261 = ORIENTED_EDGE('',*,*,#8206,.F.);
#8262 = ORIENTED_EDGE('',*,*,#8263,.T.);
#8263 = EDGE_CURVE('',#8074,#7980,#8264,.T.);
#8264 = LINE('',#8265,#8266);
#8265 = CARTESIAN_POINT('',(-16.5,25.,7.5));
#8266 = VECTOR('',#8267,1.);
#8267 = DIRECTION('',(0.,-1.,3.330669073875E-16));
#8268 = ORIENTED_EDGE('',*,*,#8011,.F.);
#8269 = ORIENTED_EDGE('',*,*,#8248,.F.);
#8270 = ORIENTED_EDGE('',*,*,#8271,.T.);
#8271 = EDGE_CURVE('',#8241,#8272,#8274,.T.);
#8272 = VERTEX_POINT('',#8273);
#8273 = CARTESIAN_POINT('',(-16.5,-5.,3.5));
#8274 = LINE('',#8275,#8276);
#8275 = CARTESIAN_POINT('',(-16.5,-5.,7.5));
#8276 = VECTOR('',#8277,1.);
#8277 = DIRECTION('',(0.,-3.330669073875E-16,-1.));
#8278 = ORIENTED_EDGE('',*,*,#8279,.F.);
#8279 = EDGE_CURVE('',#8175,#8272,#8280,.T.);
#8280 = LINE('',#8281,#8282);
#8281 = CARTESIAN_POINT('',(-16.5,25.,3.5));
#8282 = VECTOR('',#8283,1.);
#8283 = DIRECTION('',(0.,-1.,3.330669073875E-16));
#8284 = PLANE('',#8285);
#8285 = AXIS2_PLACEMENT_3D('',#8286,#8287,#8288);
#8286 = CARTESIAN_POINT('',(-16.5,25.,7.5));
#8287 = DIRECTION('',(1.,0.,0.));
#8288 = DIRECTION('',(0.,-3.330669073875E-16,-1.));
#8289 = ADVANCED_FACE('',(#8290),#8301,.F.);
#8290 = FACE_BOUND('',#8291,.T.);
#8291 = EDGE_LOOP('',(#8292,#8293,#8299,#8300));
#8292 = ORIENTED_EDGE('',*,*,#8071,.F.);
#8293 = ORIENTED_EDGE('',*,*,#8294,.T.);
#8294 = EDGE_CURVE('',#8072,#7971,#8295,.T.);
#8295 = LINE('',#8296,#8297);
#8296 = CARTESIAN_POINT('',(-14.5,25.,9.5));
#8297 = VECTOR('',#8298,1.);
#8298 = DIRECTION('',(0.,-1.,3.330669073875E-16));
#8299 = ORIENTED_EDGE('',*,*,#7979,.T.);
#8300 = ORIENTED_EDGE('',*,*,#8263,.F.);
#8301 = CYLINDRICAL_SURFACE('',#8302,2.);
#8302 = AXIS2_PLACEMENT_3D('',#8303,#8304,#8305);
#8303 = CARTESIAN_POINT('',(-14.5,25.,7.5));
#8304 = DIRECTION('',(0.,1.,-3.330669073875E-16));
#8305 = DIRECTION('',(1.,0.,0.));
#8306 = ADVANCED_FACE('',(#8307),#8318,.T.);
#8307 = FACE_BOUND('',#8308,.T.);
#8308 = EDGE_LOOP('',(#8309,#8310,#8316,#8317));
#8309 = ORIENTED_EDGE('',*,*,#8110,.T.);
#8310 = ORIENTED_EDGE('',*,*,#8311,.T.);
#8311 = EDGE_CURVE('',#8111,#7952,#8312,.T.);
#8312 = LINE('',#8313,#8314);
#8313 = CARTESIAN_POINT('',(-4.5,25.,9.5));
#8314 = VECTOR('',#8315,1.);
#8315 = DIRECTION('',(0.,-1.,3.330669073875E-16));
#8316 = ORIENTED_EDGE('',*,*,#7970,.T.);
#8317 = ORIENTED_EDGE('',*,*,#8294,.F.);
#8318 = PLANE('',#8319);
#8319 = AXIS2_PLACEMENT_3D('',#8320,#8321,#8322);
#8320 = CARTESIAN_POINT('',(-4.5,25.,9.5));
#8321 = DIRECTION('',(0.,-3.330669073875E-16,-1.));
#8322 = DIRECTION('',(-1.,0.,0.));
#8323 = ADVANCED_FACE('',(#8324),#8335,.F.);
#8324 = FACE_BOUND('',#8325,.T.);
#8325 = EDGE_LOOP('',(#8326,#8327,#8333,#8334));
#8326 = ORIENTED_EDGE('',*,*,#8119,.F.);
#8327 = ORIENTED_EDGE('',*,*,#8328,.T.);
#8328 = EDGE_CURVE('',#8120,#7944,#8329,.T.);
#8329 = LINE('',#8330,#8331);
#8330 = CARTESIAN_POINT('',(-2.5,25.,7.5));
#8331 = VECTOR('',#8332,1.);
#8332 = DIRECTION('',(0.,-1.,3.330669073875E-16));
#8333 = ORIENTED_EDGE('',*,*,#7951,.T.);
#8334 = ORIENTED_EDGE('',*,*,#8311,.F.);
#8335 = CYLINDRICAL_SURFACE('',#8336,2.);
#8336 = AXIS2_PLACEMENT_3D('',#8337,#8338,#8339);
#8337 = CARTESIAN_POINT('',(-4.5,25.,7.5));
#8338 = DIRECTION('',(0.,1.,-3.330669073875E-16));
#8339 = DIRECTION('',(1.,0.,0.));
#8340 = ADVANCED_FACE('',(#8341),#8361,.T.);
#8341 = FACE_BOUND('',#8342,.T.);
#8342 = EDGE_LOOP('',(#8343,#8344,#8352,#8358,#8359,#8360));
#8343 = ORIENTED_EDGE('',*,*,#8138,.T.);
#8344 = ORIENTED_EDGE('',*,*,#8345,.T.);
#8345 = EDGE_CURVE('',#8139,#8346,#8348,.T.);
#8346 = VERTEX_POINT('',#8347);
#8347 = CARTESIAN_POINT('',(-2.5,-5.,3.5));
#8348 = LINE('',#8349,#8350);
#8349 = CARTESIAN_POINT('',(-2.5,25.,3.5));
#8350 = VECTOR('',#8351,1.);
#8351 = DIRECTION('',(0.,-1.,3.330669073875E-16));
#8352 = ORIENTED_EDGE('',*,*,#8353,.T.);
#8353 = EDGE_CURVE('',#8346,#8233,#8354,.T.);
#8354 = LINE('',#8355,#8356);
#8355 = CARTESIAN_POINT('',(-2.5,-5.,3.5));
#8356 = VECTOR('',#8357,1.);
#8357 = DIRECTION('',(0.,3.330669073875E-16,1.));
#8358 = ORIENTED_EDGE('',*,*,#8232,.F.);
#8359 = ORIENTED_EDGE('',*,*,#7943,.T.);
#8360 = ORIENTED_EDGE('',*,*,#8328,.F.);
#8361 = PLANE('',#8362);
#8362 = AXIS2_PLACEMENT_3D('',#8363,#8364,#8365);
#8363 = CARTESIAN_POINT('',(-2.5,25.,3.5));
#8364 = DIRECTION('',(-1.,0.,0.));
#8365 = DIRECTION('',(0.,3.330669073875E-16,1.));
#8366 = ADVANCED_FACE('',(#8367),#8386,.F.);
#8367 = FACE_BOUND('',#8368,.T.);
#8368 = EDGE_LOOP('',(#8369,#8370,#8371,#8380));
#8369 = ORIENTED_EDGE('',*,*,#8174,.F.);
#8370 = ORIENTED_EDGE('',*,*,#8279,.T.);
#8371 = ORIENTED_EDGE('',*,*,#8372,.T.);
#8372 = EDGE_CURVE('',#8272,#8373,#8375,.T.);
#8373 = VERTEX_POINT('',#8374);
#8374 = CARTESIAN_POINT('',(-14.5,-5.,1.5));
#8375 = CIRCLE('',#8376,2.);
#8376 = AXIS2_PLACEMENT_3D('',#8377,#8378,#8379);
#8377 = CARTESIAN_POINT('',(-14.5,-5.,3.5));
#8378 = DIRECTION('',(0.,-1.,3.330669073875E-16));
#8379 = DIRECTION('',(1.,0.,0.));
#8380 = ORIENTED_EDGE('',*,*,#8381,.F.);
#8381 = EDGE_CURVE('',#8166,#8373,#8382,.T.);
#8382 = LINE('',#8383,#8384);
#8383 = CARTESIAN_POINT('',(-14.5,25.,1.5));
#8384 = VECTOR('',#8385,1.);
#8385 = DIRECTION('',(0.,-1.,3.330669073875E-16));
#8386 = CYLINDRICAL_SURFACE('',#8387,2.);
#8387 = AXIS2_PLACEMENT_3D('',#8388,#8389,#8390);
#8388 = CARTESIAN_POINT('',(-14.5,25.,3.5));
#8389 = DIRECTION('',(0.,1.,-3.330669073875E-16));
#8390 = DIRECTION('',(1.,0.,0.));
#8391 = ADVANCED_FACE('',(#8392),#8410,.T.);
#8392 = FACE_BOUND('',#8393,.T.);
#8393 = EDGE_LOOP('',(#8394,#8395,#8396,#8404));
#8394 = ORIENTED_EDGE('',*,*,#8165,.F.);
#8395 = ORIENTED_EDGE('',*,*,#8381,.T.);
#8396 = ORIENTED_EDGE('',*,*,#8397,.T.);
#8397 = EDGE_CURVE('',#8373,#8398,#8400,.T.);
#8398 = VERTEX_POINT('',#8399);
#8399 = CARTESIAN_POINT('',(-4.5,-5.,1.5));
#8400 = LINE('',#8401,#8402);
#8401 = CARTESIAN_POINT('',(-14.5,-5.,1.5));
#8402 = VECTOR('',#8403,1.);
#8403 = DIRECTION('',(1.,0.,0.));
#8404 = ORIENTED_EDGE('',*,*,#8405,.F.);
#8405 = EDGE_CURVE('',#8147,#8398,#8406,.T.);
#8406 = LINE('',#8407,#8408);
#8407 = CARTESIAN_POINT('',(-4.5,25.,1.5));
#8408 = VECTOR('',#8409,1.);
#8409 = DIRECTION('',(0.,-1.,3.330669073875E-16));
#8410 = PLANE('',#8411);
#8411 = AXIS2_PLACEMENT_3D('',#8412,#8413,#8414);
#8412 = CARTESIAN_POINT('',(-14.5,25.,1.5));
#8413 = DIRECTION('',(0.,3.330669073875E-16,1.));
#8414 = DIRECTION('',(1.,0.,0.));
#8415 = ADVANCED_FACE('',(#8416),#8428,.F.);
#8416 = FACE_BOUND('',#8417,.T.);
#8417 = EDGE_LOOP('',(#8418,#8419,#8420,#8427));
#8418 = ORIENTED_EDGE('',*,*,#8146,.F.);
#8419 = ORIENTED_EDGE('',*,*,#8405,.T.);
#8420 = ORIENTED_EDGE('',*,*,#8421,.T.);
#8421 = EDGE_CURVE('',#8398,#8346,#8422,.T.);
#8422 = CIRCLE('',#8423,2.);
#8423 = AXIS2_PLACEMENT_3D('',#8424,#8425,#8426);
#8424 = CARTESIAN_POINT('',(-4.5,-5.,3.5));
#8425 = DIRECTION('',(0.,-1.,3.330669073875E-16));
#8426 = DIRECTION('',(1.,0.,0.));
#8427 = ORIENTED_EDGE('',*,*,#8345,.F.);
#8428 = CYLINDRICAL_SURFACE('',#8429,2.);
#8429 = AXIS2_PLACEMENT_3D('',#8430,#8431,#8432);
#8430 = CARTESIAN_POINT('',(-4.5,25.,3.5));
#8431 = DIRECTION('',(0.,1.,-3.330669073875E-16));
#8432 = DIRECTION('',(1.,0.,0.));
#8433 = ADVANCED_FACE('',(#8434),#8442,.T.);
#8434 = FACE_BOUND('',#8435,.T.);
#8435 = EDGE_LOOP('',(#8436,#8437,#8438,#8439,#8440,#8441));
#8436 = ORIENTED_EDGE('',*,*,#8240,.F.);
#8437 = ORIENTED_EDGE('',*,*,#8353,.F.);
#8438 = ORIENTED_EDGE('',*,*,#8421,.F.);
#8439 = ORIENTED_EDGE('',*,*,#8397,.F.);
#8440 = ORIENTED_EDGE('',*,*,#8372,.F.);
#8441 = ORIENTED_EDGE('',*,*,#8271,.F.);
#8442 = PLANE('',#8443);
#8443 = AXIS2_PLACEMENT_3D('',#8444,#8445,#8446);
#8444 = CARTESIAN_POINT('',(-9.5,-5.,5.5));
#8445 = DIRECTION('',(0.,1.,-5.335437478317E-16));
#8446 = DIRECTION('',(0.,5.335437478317E-16,1.));
#8447 = ( GEOMETRIC_REPRESENTATION_CONTEXT(3) 
GLOBAL_UNCERTAINTY_ASSIGNED_CONTEXT((#8451)) 
GLOBAL_UNIT_ASSIGNED_CONTEXT((#8448,#8449,#8450)) REPRESENTATION_CONTEXT
('Context #1','3D Context with UNIT and UNCERTAINTY') );
#8448 = ( LENGTH_UNIT() NAMED_UNIT(*) SI_UNIT(.MILLI.,.METRE.) );
#8449 = ( NAMED_UNIT(*) PLANE_ANGLE_UNIT() SI_UNIT($,.RADIAN.) );
#8450 = ( NAMED_UNIT(*) SI_UNIT($,.STERADIAN.) SOLID_ANGLE_UNIT() );
#8451 = UNCERTAINTY_MEASURE_WITH_UNIT(LENGTH_MEASURE(2.E-05),#8448,
  'distance_accuracy_value','confusion accuracy');
#8452 = CONTEXT_DEPENDENT_SHAPE_REPRESENTATION(#8453,#8455);
#8453 = ( REPRESENTATION_RELATIONSHIP('','',#3215,#10) 
REPRESENTATION_RELATIONSHIP_WITH_TRANSFORMATION(#8454) 
SHAPE_REPRESENTATION_RELATIONSHIP() );
#8454 = ITEM_DEFINED_TRANSFORMATION('','',#11,#23);
#8455 = PRODUCT_DEFINITION_SHAPE('Placement','Placement of an item',
  #8456);
#8456 = NEXT_ASSEMBLY_USAGE_OCCURRENCE('3','Body','',#5,#3210,$);
#8457 = CC_DESIGN_SECURITY_CLASSIFICATION(#8458,(#8456));
#8458 = SECURITY_CLASSIFICATION('','',#47);
#8459 = CC_DESIGN_PERSON_AND_ORGANIZATION_ASSIGNMENT(#36,#45,(#8458));
#8460 = CC_DESIGN_DATE_AND_TIME_ASSIGNMENT(#50,#56,(#8458));
#8461 = CC_DESIGN_APPROVAL(#58,(#8458));
#8462 = PRODUCT_RELATED_PRODUCT_CATEGORY('detail',$,(#3212));
#8463 = PRODUCT_CATEGORY_RELATIONSHIP('','',#8464,#8462);
#8464 = PRODUCT_CATEGORY('part',$);
#8465 = CC_DESIGN_PERSON_AND_ORGANIZATION_ASSIGNMENT(#36,#39,(#3211,
    #3210));
#8466 = CC_DESIGN_PERSON_AND_ORGANIZATION_ASSIGNMENT(#36,#41,(#3212));
#8467 = CC_DESIGN_PERSON_AND_ORGANIZATION_ASSIGNMENT(#36,#43,(#3211));
#8468 = CC_DESIGN_PERSON_AND_ORGANIZATION_ASSIGNMENT(#36,#45,(#8469));
#8469 = SECURITY_CLASSIFICATION('','',#47);
#8470 = CC_DESIGN_SECURITY_CLASSIFICATION(#8469,(#3211));
#8471 = CC_DESIGN_DATE_AND_TIME_ASSIGNMENT(#50,#54,(#3210));
#8472 = CC_DESIGN_DATE_AND_TIME_ASSIGNMENT(#50,#56,(#8469));
#8473 = CC_DESIGN_APPROVAL(#58,(#3211,#3210,#8469));
#8474 = MECHANICAL_DESIGN_GEOMETRIC_PRESENTATION_REPRESENTATION('',(
    #8475),#3181);
#8475 = STYLED_ITEM('color',(#8476),#3045);
#8476 = PRESENTATION_STYLE_ASSIGNMENT((#8477,#8485));
#8477 = SURFACE_STYLE_USAGE(.BOTH.,#8478);
#8478 = SURFACE_SIDE_STYLE('',(#8479,#8483));
#8479 = SURFACE_STYLE_FILL_AREA(#8480);
#8480 = FILL_AREA_STYLE('',(#8481));
#8481 = FILL_AREA_STYLE_COLOUR('',#8482);
#8482 = COLOUR_RGB('',0.447058818107,0.474509808674,0.501960817233);
#8483 = SURFACE_STYLE_RENDERING_WITH_PROPERTIES(.NORMAL_SHADING.,#8482,(
    #8484));
#8484 = SURFACE_STYLE_TRANSPARENT(0.759999990463);
#8485 = CURVE_STYLE('',#8486,POSITIVE_LENGTH_MEASURE(0.1),#8487);
#8486 = DRAUGHTING_PRE_DEFINED_CURVE_FONT('continuous');
#8487 = COLOUR_RGB('',9.803921802644E-02,9.803921802644E-02,
  9.803921802644E-02);
#8488 = MECHANICAL_DESIGN_GEOMETRIC_PRESENTATION_REPRESENTATION('',(
    #8489),#8447);
#8489 = STYLED_ITEM('color',(#8490),#3216);
#8490 = PRESENTATION_STYLE_ASSIGNMENT((#8491,#8496));
#8491 = SURFACE_STYLE_USAGE(.BOTH.,#8492);
#8492 = SURFACE_SIDE_STYLE('',(#8493));
#8493 = SURFACE_STYLE_FILL_AREA(#8494);
#8494 = FILL_AREA_STYLE('',(#8495));
#8495 = FILL_AREA_STYLE_COLOUR('',#8482);
#8496 = CURVE_STYLE('',#8497,POSITIVE_LENGTH_MEASURE(0.1),#8487);
#8497 = DRAUGHTING_PRE_DEFINED_CURVE_FONT('continuous');
#8498 = MECHANICAL_DESIGN_GEOMETRIC_PRESENTATION_REPRESENTATION('',(
    #8499),#3010);
#8499 = STYLED_ITEM('color',(#8500),#71);
#8500 = PRESENTATION_STYLE_ASSIGNMENT((#8501,#8506));
#8501 = SURFACE_STYLE_USAGE(.BOTH.,#8502);
#8502 = SURFACE_SIDE_STYLE('',(#8503));
#8503 = SURFACE_STYLE_FILL_AREA(#8504);
#8504 = FILL_AREA_STYLE('',(#8505));
#8505 = FILL_AREA_STYLE_COLOUR('',#8482);
#8506 = CURVE_STYLE('',#8507,POSITIVE_LENGTH_MEASURE(0.1),#8487);
#8507 = DRAUGHTING_PRE_DEFINED_CURVE_FONT('continuous');
ENDSEC;
END-ISO-10303-21;
